160,15
232,70
20,40
133,80
76,111
136,2
111,10
24,38
19,45
44,16
132,29
46,72
100,189
18,12
137,20
25,52
91,25
303,22
79,7
53,103
19,46
48,12
101,6
15,29
74,34
18,22
137,55
82,15
25,10
76,38
19,76
19,23
22,20
92,176
41,72
49,13
79,88
50,46
21,73
15,124
62,12
100,70
86,35
19,77
58,59
97,9
59,52
67,12
18,19
85,11
90,92
18,23
56,19
68,49
23,21
230,106
91,64
33,22
196,25
34,24
96,59
14,46
119,56
15,13
115,12
47,101
75,13
178,24
141,64
104,10
133,54
44,10
23,10
59,11
91,40
105,36
139,61
20,71
15,18
24,62
53,16
15,26
53,40
21,18
54,11
15,2
52,51
160,60
73,29
73,29
64,22
75,55
144,52
35,41
130,54
54,5
70,83
49,125
49,44
39,22
66,21
117,8
89,14
19,52
15,12
38,68
55,10
17,78
46,19
24,34
17,83
36,155
66,38
28,111
104,14
42,4
23,22
49,13
108,60
21,30
60,27
72,30
55,33
80,28
78,54
122,86
53,12
41,27
41,25
34,32
19,7
24,58
58,27
40,61
16,73
32,238
46,17
58,59
89,28
157,65
15,10
74,8
57,5
57,19
61,6
26,18
31,7
44,23
37,26
21,31
75,42
26,15
30,34
93,122
19,61
17,80
85,4
29,162
57,4
22,23
110,49
128,5
90,5
78,77
37,43
56,35
106,17
29,24
21,25
15,21
30,9
30,78
37,61
86,14
19,10
57,2
25,51
35,58
70,87
59,53
154,41
102,29
35,20
59,53
38,56
18,31
23,43
39,50
121,44
28,51
34,7
97,34
18,15
39,30
76,55
36,22
97,26
14,65
98,71
172,28
125,12
52,29
84,70
41,5
44,24
135,30
45,37
100,53
36,25
28,47
41,147
93,56
24,6
159,2
15,19
17,117
32,61
197,17
99,88
35,36
19,82
28,36
65,166
38,24
54,27
71,37
46,11
79,2
24,3
32,14
85,7
100,4
17,48
75,55
22,71
106,28
65,86
38,49
19,38
99,206
19,36
78,162
33,22
77,12
109,82
59,21
140,32
28,18
47,79
22,66
43,16
27,47
34,85
52,10
162,27
115,11
17,30
75,2
77,9
33,102
63,32
31,28
38,61
38,53
63,21
36,40
88,4
227,15
37,43
48,50
104,22
47,61
64,36
39,49
49,9
39,81
114,14
201,54
80,56
57,44
16,17
29,33
63,7
97,19
35,17
17,10
16,18
15,15
47,5
15,18
24,13
19,26
64,113
265,8
88,24
83,30
301,30
183,2
78,12
15,85
143,21
40,36
27,31
45,100
107,100
52,29
126,61
86,53
54,18
53,5
52,81
36,27
54,39
29,12
42,107
35,10
15,49
44,45
103,22
19,4
21,67
91,32
59,70
57,57
23,63
57,82
76,19
30,51
28,81
48,96
47,29
17,88
39,91
14,9
28,54
42,137
16,57
75,8
99,10
41,32
126,173
30,156
108,10
40,19
50,14
97,38
78,71
41,13
22,68
121,98
26,53
267,9
50,21
75,112
201,10
54,10
40,9
60,20
43,13
35,42
32,194
24,39
14,43
22,105
124,50
59,43
129,20
33,29
220,60
36,13
220,10
28,47
91,194
32,52
35,31
84,11
32,6
88,76
31,20
66,6
19,11
38,55
52,40
171,10
18,35
45,13
189,15
22,32
17,31
42,32
20,71
66,21
15,33
19,3
119,5
59,30
181,3
114,27
115,4
71,41
148,61
74,12
41,19
98,51
141,41
158,59
114,11
26,19
44,9
35,50
21,79
25,11
106,23
42,16
72,125
39,35
57,42
64,22
39,12
19,57
135,107
63,200
33,22
15,6
52,34
88,94
68,33
97,20
47,91
211,9
34,71
36,7
58,33
27,108
14,12
20,12
45,45
47,27
118,34
14,15
22,16
36,65
18,60
295,25
55,10
110,11
33,14
43,21
20,15
42,26
45,57
43,54
91,37
116,36
65,67
79,140
69,8
106,35
122,81
54,52
30,32
52,14
140,37
258,114
20,19
41,8
15,25
25,24
19,57
30,22
29,16
45,94
105,4
38,12
121,44
42,7
75,22
180,132
46,50
102,33
98,16
34,33
17,15
35,69
18,9
16,134
20,4
58,41
41,61
17,20
45,60
105,15
87,51
16,33
16,43
33,4
30,13
29,27
211,22
133,58
18,41
23,14
120,5
84,26
50,28
97,28
29,21
104,52
101,27
31,30
47,18
89,24
84,45
55,37
68,114
82,39
29,35
53,26
78,6
30,15
61,55
41,82
43,4
16,79
27,71
19,91
25,32
44,30
33,31
71,97
21,49
103,43
33,13
75,15
40,22
23,48
15,61
57,66
16,22
74,3
81,48
107,39
68,21
25,16
34,47
49,21
122,7
69,25
18,19
19,33
21,12
30,54
29,27
103,48
37,16
40,7
19,2
57,5
185,147
32,13
107,25
28,79
32,102
32,33
34,87
90,21
150,5
127,13
19,12
53,77
21,81
84,36
23,5
161,119
15,119
103,74
16,129
31,7
19,9
120,100
80,4
69,25
62,30
67,37
45,12
80,123
37,16
116,15
74,14
69,37
59,24
143,60
101,6
47,33
78,89
35,9
34,66
59,84
58,26
18,10
24,14
18,10
64,12
30,87
51,39
94,97
22,41
122,8
54,68
207,109
21,79
118,9
21,12
24,94
93,158
38,3
76,169
18,6
156,15
17,51
50,37
41,36
49,32
43,56
19,34
203,97
53,39
19,47
16,34
208,10
69,23
86,116
129,35
27,7
43,15
118,93
105,3
137,46
152,3
18,56
76,71
27,9
69,34
160,8
40,33
19,10
110,15
43,9
34,118
57,134
56,5
54,21
90,21
145,30
64,10
82,8
87,25
20,2
87,19
39,40
44,30
33,56
37,21
300,61
78,107
15,50
42,5
78,22
31,79
198,8
188,54
34,3
30,30
20,101
66,81
121,26
63,20
44,51
64,170
91,17
27,27
18,19
53,33
226,11
68,130
52,7
97,19
32,29
17,16
53,50
44,32
123,13
261,60
23,106
32,3
76,17
25,25
189,26
34,86
67,2
86,9
89,20
66,6
33,40
26,7
33,24
76,35
56,15
55,94
21,2
122,51
43,35
58,43
114,17
20,29
39,76
57,9
86,24
42,18
100,5
17,82
111,4
20,6
70,38
77,17
115,32
108,12
92,13
47,9
43,42
17,3
19,55
53,8
96,16
15,80
31,11
32,8
26,7
34,58
20,4
47,30
34,29
56,52
145,83
34,3
36,26
137,25
44,67
121,4
178,2
96,60
22,46
78,20
34,33
20,18
20,32
192,44
128,2
27,74
204,45
117,41
32,5
51,32
99,6
22,19
16,21
75,32
26,27
21,6
48,20
21,39
25,121
47,28
45,4
26,8
59,49
86,24
14,112
41,15
96,36
68,98
32,37
49,28
97,57
18,17
46,150
35,30
53,26
75,35
21,6
28,4
28,42
113,43
49,87
15,85
73,34
46,33
49,13
16,68
125,35
64,24
92,46
51,17
127,33
46,66
27,38
25,137
39,117
58,8
271,41
23,14
103,20
64,10
300,34
66,114
58,130
33,65
145,27
139,39
201,61
61,20
77,15
47,3
30,43
24,7
81,41
16,9
74,39
121,22
83,45
27,38
27,46
52,46
93,41
141,34
58,49
64,4
40,62
184,49
110,29
72,27
172,85
34,13
37,54
40,48
31,75
172,9
127,94
162,51
29,37
24,31
72,183
27,47
69,24
27,21
42,45
17,4
81,28
71,28
112,7
34,55
55,35
29,58
22,20
37,6
56,47
116,19
31,8
37,21
206,18
55,13
23,32
64,31
30,15
22,64
105,15
116,11
42,8
113,39
52,115
30,4
36,33
30,136
79,40
78,62
30,16
104,114
19,55
65,12
44,67
71,31
188,152
69,25
15,3
148,6
87,4
45,9
32,11
19,60
53,38
27,27
27,6
164,67
23,69
26,11
21,31
22,9
18,18
14,91
85,33
20,55
50,9
40,39
48,20
26,63
30,4
50,83
43,9
49,27
37,47
107,187
17,2
34,34
69,41
18,37
15,47
91,37
80,38
53,36
72,63
63,13
195,28
83,4
41,85
17,8
43,46
117,3
75,7
59,3
33,24
64,42
66,35
16,17
108,173
19,6
32,3
40,22
80,16
31,17
30,20
37,14
30,25
30,27
33,24
140,11
45,38
142,12
103,51
56,12
43,15
49,43
131,5
52,3
96,4
143,21
62,52
85,18
111,4
150,13
17,44
105,13
32,30
89,14
186,19
111,15
38,6
21,41
49,8
75,109
22,83
89,37
58,39
87,118
48,3
283,68
54,25
45,11
54,34
63,78
15,67
34,49
95,130
63,85
37,38
232,75
18,12
158,58
33,54
21,11
23,8
20,6
86,20
62,24
100,6
39,44
30,48
54,28
45,31
25,52
19,78
73,43
84,27
21,29
57,28
19,12
78,79
16,21
19,28
30,52
50,48
83,39
40,20
127,65
34,95
17,25
26,3
27,44
68,38
182,2
77,34
42,66
146,8
28,27
29,5
79,54
111,44
21,39
63,76
33,14
23,83
19,63
162,13
113,26
52,27
61,39
61,203
99,15
280,10
58,5
39,31
98,25
40,15
67,19
32,12
34,11
26,18
173,7
197,51
37,110
62,36
25,18
117,5
39,10
20,52
47,3
24,19
54,36
131,32
62,23
18,17
54,52
62,39
138,20
58,133
89,17
112,198
50,29
62,13
35,16
28,38
44,29
16,14
46,25
104,141
36,24
123,25
49,30
74,13
74,12
22,8
77,150
57,79
100,38
37,41
36,13
69,13
72,54
109,21
194,33
56,96
16,58
34,61
73,14
20,64
49,32
57,36
81,24
20,14
97,26
204,143
28,4
82,15
26,8
86,84
51,50
106,53
37,30
18,62
83,4
216,2
43,54
24,24
207,75
37,43
229,4
68,47
54,34
67,50
288,60
293,29
67,18
75,29
43,9
131,182
18,50
87,122
89,37
32,60
79,80
31,106
25,23
39,35
29,4
34,36
43,18
185,48
40,41
16,47
80,17
49,77
51,2
59,27
103,62
49,13
99,30
23,10
48,134
42,38
28,35
29,11
23,35
104,17
71,32
44,4
89,28
80,10
17,32
147,22
24,99
214,58
94,7
27,157
21,28
98,52
303,200
36,13
159,115
23,13
65,12
43,56
68,74
15,12
175,11
15,17
17,30
71,2
40,6
38,23
83,38
45,32
41,62
20,20
75,79
135,49
36,45
45,10
48,33
15,19
68,26
104,40
63,23
36,47
35,2
96,2
113,92
153,49
15,6
71,22
22,34
51,31
75,31
62,98
62,3
56,39
60,24
20,56
47,194
17,2
37,106
16,4
33,35
67,7
59,73
37,26
46,13
18,23
53,70
136,73
35,91
20,42
131,25
40,176
26,47
19,4
38,7
21,11
16,83
44,77
24,221
95,97
22,30
75,121
147,25
43,3
71,86
30,41
66,126
107,6
58,27
19,5
90,9
16,22
79,43
17,89
77,26
51,16
96,30
22,81
56,31
74,125
32,12
28,3
162,5
74,48
104,78
134,79
24,16
49,83
18,28
67,134
31,105
21,5
93,46
20,4
39,67
17,58
37,7
54,10
24,5
46,17
125,12
20,5
94,22
74,6
16,74
34,108
54,3
20,149
167,24
58,22
14,28
18,9
104,10
96,179
100,7
87,92
37,61
42,50
67,109
45,55
73,45
22,61
24,168
36,60
50,131
101,8
38,25
27,94
39,5
44,21
50,29
49,5
90,30
65,53
142,7
46,97
23,67
22,17
45,16
143,12
64,4
154,7
42,47
81,22
21,12
17,18
45,101
48,63
76,129
39,10
176,108
20,3
67,12
66,39
43,7
23,2
47,21
29,29
161,143
25,34
70,41
15,91
26,20
138,27
70,35
115,55
36,47
24,89
62,27
15,17
87,7
42,31
19,106
65,83
14,10
17,97
68,119
37,9
49,95
125,10
27,23
125,10
30,3
115,58
75,31
19,31
36,62
54,9
38,36
26,112
36,145
64,68
95,77
47,97
26,55
39,24
39,113
55,32
75,53
16,37
101,33
112,19
40,22
181,5
53,16
75,121
60,88
78,45
63,4
68,21
50,7
18,114
46,4
74,9
80,24
110,30
67,40
43,22
16,3
41,96
16,38
88,25
162,16
52,12
88,16
63,13
32,5
32,5
26,60
74,25
121,6
76,88
29,74
61,9
90,88
69,44
108,40
22,44
37,68
14,66
76,45
32,5
15,53
66,4
63,59
18,33
48,51
52,92
127,6
86,50
20,129
16,13
163,104
29,16
200,28
55,9
31,73
119,15
61,24
30,6
46,26
40,8
87,98
126,39
63,18
47,6
21,3
26,103
106,29
23,31
120,36
126,115
184,78
18,126
66,47
15,3
31,11
34,48
46,44
29,5
89,19
52,11
45,14
32,3
143,18
36,13
19,36
41,43
133,7
65,90
37,82
46,141
85,2
63,123
19,95
15,34
122,61
169,28
57,8
29,66
126,33
120,8
29,15
17,34
30,11
29,10
39,140
71,16
184,27
115,95
34,53
42,39
32,61
37,43
108,31
127,52
23,35
119,9
141,72
32,34
80,62
50,8
51,41
56,68
40,113
27,40
57,26
169,2
54,38
23,65
47,9
60,9
97,20
29,24
68,96
37,42
43,6
176,15
18,23
69,2
17,11
83,10
177,6
31,21
55,35
147,6
27,12
18,103
57,42
63,83
81,69
40,33
36,11
56,12
40,59
117,12
20,8
152,23
36,62
18,4
15,106
98,30
28,48
14,38
219,85
47,34
83,32
25,37
62,84
53,92
286,6
73,66
64,32
29,37
187,4
56,16
37,73
25,49
46,28
47,59
19,3
35,9
112,7
33,93
19,117
91,112
81,31
17,38
46,27
182,19
222,9
28,6
19,14
144,34
29,44
16,86
15,108
27,77
16,50
82,2
29,10
98,36
49,122
42,56
22,47
40,4
18,97
86,43
123,40
52,9
59,6
38,114
26,7
16,10
34,46
37,9
180,90
30,75
53,17
67,9
31,27
31,68
75,15
64,7
81,61
25,33
78,60
56,9
41,87
73,24
20,192
57,7
38,14
52,64
45,4
77,15
80,15
91,23
20,7
63,59
52,11
15,68
132,13
93,44
59,30
77,8
56,85
95,28
41,4
128,7
62,21
104,68
73,29
24,17
278,19
82,59
61,43
15,52
35,35
95,56
215,16
79,60
60,7
19,20
20,91
101,21
86,40
90,32
16,8
69,79
57,17
37,21
193,36
50,43
181,10
34,76
36,79
36,9
123,19
31,62
97,56
149,3
78,31
112,91
125,20
24,25
17,24
94,29
176,12
57,20
27,4
51,12
39,9
61,9
83,34
22,9
72,13
77,104
24,8
84,10
244,66
38,26
87,79
143,49
45,21
66,109
90,17
100,30
40,122
36,30
53,38
70,116
32,19
61,76
25,8
93,48
200,5
37,59
69,37
82,12
42,9
55,37
41,16
30,37
16,38
77,10
258,43
29,57
137,9
49,34
49,36
19,55
36,12
51,57
31,4
53,72
70,27
109,70
23,48
77,15
20,116
31,4
96,12
146,68
116,54
254,5
41,29
67,47
30,27
41,8
16,92
117,48
67,92
76,2
62,13
135,56
70,45
53,99
73,100
41,83
52,45
49,39
15,17
58,52
28,179
83,67
64,23
44,2
14,19
85,84
20,67
34,12
81,59
59,14
35,7
31,10
81,66
37,6
41,60
33,121
108,38
47,26
19,28
55,6
57,85
99,32
20,36
81,31
154,22
45,10
78,23
52,53
43,101
22,84
164,51
88,10
152,76
17,6
108,3
36,87
20,92
60,4
55,17
21,82
88,6
172,62
140,8
25,44
41,79
32,87
96,25
74,151
16,41
70,11
95,42
85,25
63,7
39,14
23,5
37,8
24,35
63,4
101,42
38,17
26,7
64,29
77,68
21,10
22,123
94,125
207,36
73,64
105,4
18,63
58,25
35,8
51,13
34,25
172,67
23,6
122,61
34,47
63,10
52,49
93,19
24,26
15,183
171,11
14,11
51,22
17,17
112,39
97,60
76,29
78,101
23,36
95,15
19,47
107,17
282,11
23,37
48,62
23,53
15,5
31,21
88,37
15,9
58,17
65,51
71,95
28,15
21,80
28,82
38,23
18,61
72,40
80,64
49,16
177,12
16,22
58,13
34,7
69,12
184,4
175,54
150,27
83,36
31,4
237,67
162,109
71,54
176,10
129,39
18,23
64,3
56,33
57,43
34,4
29,7
148,28
26,55
37,48
23,6
23,52
27,74
18,13
80,22
37,17
14,21
36,24
33,18
115,50
220,5
57,14
107,27
35,110
16,79
45,8
132,112
15,57
54,14
27,9
25,51
29,12
110,87
78,5
19,173
20,66
61,44
89,20
39,15
69,23
154,87
54,21
23,12
55,30
41,22
101,8
94,5
61,16
272,76
64,17
95,68
29,23
49,83
75,47
133,81
23,12
16,17
81,59
37,110
34,45
34,15
21,27
156,25
95,34
116,32
37,64
22,25
230,224
181,29
34,5
15,21
139,118
22,4
185,122
53,9
20,24
48,35
60,139
87,65
22,76
54,11
58,3
28,157
31,7
24,75
88,24
201,68
64,28
77,106
43,33
175,29
60,7
108,37
138,37
115,43
29,56
17,16
39,63
85,17
49,37
34,16
59,27
27,80
28,27
16,31
24,136
37,86
15,14
14,198
31,40
41,52
26,49
101,2
14,32
36,15
92,124
87,20
18,28
308,24
15,52
32,226
22,28
121,45
51,217
63,24
73,31
39,50
44,62
69,61
14,34
50,40
31,69
83,37
198,61
98,110
44,32
36,13
69,6
22,104
16,75
36,7
67,23
32,23
48,10
29,5
57,5
33,61
168,47
26,16
158,29
91,14
33,5
38,7
25,55
30,27
27,29
63,45
17,39
120,5
56,47
69,4
87,89
114,12
62,3
43,3
57,16
150,5
46,5
50,9
60,116
22,30
57,22
108,166
35,15
172,10
76,60
61,7
24,53
28,25
58,28
17,67
19,30
16,11
59,29
19,37
60,7
25,96
98,16
40,12
52,27
42,32
23,64
106,22
39,58
86,12
81,99
137,28
43,37
37,12
54,14
52,5
27,5
93,110
61,77
16,203
91,46
96,7
271,7
76,210
86,70
36,51
20,3
109,77
19,3
84,31
178,87
119,46
66,14
23,56
81,29
95,57
84,5
289,43
35,5
52,34
20,8
18,4
77,12
57,68
119,17
16,55
125,2
22,14
169,4
18,47
37,70
15,25
78,42
65,72
31,19
69,13
46,56
22,107
42,2
75,25
19,20
23,29
20,66
100,2
56,131
69,3
23,131
44,19
20,36
56,31
93,42
110,68
83,21
38,50
61,9
41,45
34,13
92,151
77,19
70,42
71,106
44,6
18,61
39,21
36,127
31,17
65,17
27,3
70,48
141,57
89,5
37,27
52,65
94,18
35,4
86,13
39,6
58,17
47,63
34,16
21,24
131,44
29,11
94,3
16,19
103,13
57,12
69,90
68,48
99,92
28,94
83,18
112,32
68,15
69,55
82,29
32,38
56,16
139,71
87,26
100,27
23,7
130,5
26,39
49,10
26,37
32,83
33,16
53,93
203,7
27,51
25,37
89,8
16,9
112,37
31,17
24,5
225,42
174,21
54,3
21,120
35,118
18,29
48,6
15,29
37,20
28,68
62,45
113,19
176,81
60,7
21,15
20,58
68,10
112,36
109,16
45,113
42,129
40,3
100,53
14,36
23,64
35,86
176,36
15,44
48,23
40,47
60,11
41,5
22,18
84,32
31,35
65,23
37,32
16,141
112,60
35,114
54,6
47,28
94,6
95,3
30,42
52,17
118,17
22,73
66,36
26,40
140,133
61,38
46,20
101,6
71,34
199,7
120,9
24,51
24,111
167,32
44,24
105,164
15,17
98,11
131,30
130,70
87,61
75,3
83,73
162,3
27,49
20,87
90,95
18,40
16,32
29,34
83,24
26,2
57,21
19,32
45,6
14,22
42,4
22,28
25,6
43,18
77,15
90,61
38,32
71,115
48,20
63,27
19,11
63,162
85,94
40,34
88,28
170,78
57,108
24,140
163,63
29,11
36,22
18,34
58,49
19,38
30,8
16,17
180,85
129,68
121,52
132,18
47,56
101,30
149,56
42,36
64,13
53,40
132,98
16,3
101,129
15,53
23,35
14,19
36,23
47,5
20,25
79,141
45,227
30,59
47,53
67,26
16,15
45,12
189,121
31,22
48,9
128,8
134,7
154,154
73,13
58,16
48,59
25,46
35,27
18,8
15,15
49,53
99,56
79,58
56,28
27,47
33,52
22,22
56,26
50,91
58,24
42,4
95,40
35,80
30,14
34,16
88,21
98,165
128,26
34,2
125,45
22,64
102,19
157,3
103,75
60,34
88,55
26,42
14,36
51,61
21,8
32,13
74,57
32,8
30,11
31,111
48,46
46,23
16,76
48,47
111,92
60,57
21,21
61,3
20,15
16,19
133,46
115,23
21,43
35,13
17,117
185,15
50,34
55,59
25,27
23,16
15,19
109,5
56,25
37,22
94,53
43,35
94,14
31,8
97,22
121,65
55,15
29,7
112,11
15,46
76,99
57,18
127,65
69,31
83,6
91,22
30,71
61,29
25,36
22,37
97,12
52,5
25,6
84,37
15,8
44,42
59,2
57,23
27,58
83,90
17,25
51,7
24,12
70,3
75,15
82,7
62,61
55,26
36,34
31,14
40,46
139,11
52,194
59,39
46,132
28,12
154,106
21,37
72,45
56,7
61,6
57,3
44,26
72,51
235,34
104,111
132,34
17,11
31,35
67,2
51,20
27,6
79,5
31,4
66,119
24,13
63,46
81,11
31,102
24,14
33,30
33,64
18,5
25,38
83,46
71,11
137,71
151,103
32,42
20,12
24,4
114,24
16,120
91,31
32,84
44,67
39,47
32,2
104,40
50,7
143,67
37,31
112,68
18,7
65,9
30,22
71,22
30,97
77,66
256,2
25,2
94,64
18,54
73,16
38,76
119,106
47,41
38,28
89,48
99,147
202,37
137,73
32,81
66,49
16,77
85,7
60,57
43,13
77,64
66,34
152,28
40,68
43,17
31,6
81,55
15,17
33,7
23,2
14,98
101,11
19,6
119,19
141,10
28,84
24,29
19,26
73,42
50,13
110,31
136,103
40,7
124,104
18,3
82,26
23,3
17,22
162,35
95,105
26,41
82,121
17,31
92,9
79,32
55,17
180,30
41,36
32,91
102,34
76,4
21,2
126,18
30,79
42,8
47,30
37,32
98,22
63,24
34,81
114,18
33,27
30,13
60,74
20,56
86,61
189,45
90,8
42,6
23,20
71,80
189,8
189,50
138,23
43,5
37,47
127,51
24,76
70,85
172,21
47,114
15,71
90,12
111,74
28,49
100,44
153,15
58,29
24,19
86,4
30,54
98,54
72,77
58,67
68,33
23,21
17,8
50,38
152,21
79,27
95,39
228,4
102,73
49,48
95,33
18,39
18,35
36,42
27,16
18,14
18,73
14,8
47,53
34,3
15,85
20,48
16,14
35,15
75,10
177,64
68,7
37,27
35,56
31,76
68,41
23,5
100,24
24,4
66,51
47,7
62,47
148,137
124,49
38,77
66,96
42,107
74,4
29,193
143,39
22,94
57,25
55,25
18,30
250,21
24,22
68,83
56,9
33,10
53,38
91,4
34,2
32,12
143,16
40,5
21,65
69,58
16,23
179,9
68,24
89,33
30,72
55,18
47,7
76,9
93,25
176,161
40,21
70,23
58,137
45,12
76,7
105,7
25,51
51,60
51,7
89,69
25,92
98,19
31,4
19,11
65,35
104,35
16,23
188,42
32,60
45,8
73,24
19,49
28,26
29,57
119,30
74,30
78,19
54,30
26,36
89,21
15,25
268,4
45,76
61,33
45,50
46,36
62,55
44,176
20,29
74,102
17,20
122,113
32,53
60,10
56,27
49,12
118,35
35,33
20,70
88,6
19,29
153,105
61,11
94,48
30,10
100,35
197,130
70,51
185,89
37,18
31,18
72,28
108,26
55,67
97,80
21,81
187,20
52,91
53,3
36,24
23,2
23,39
179,19
233,29
202,22
59,5
22,82
58,5
126,52
106,12
41,74
109,57
30,59
52,26
16,27
77,32
30,51
48,10
28,5
35,41
35,55
83,33
61,7
43,35
117,14
91,6
16,9
75,21
53,29
45,15
74,59
65,85
33,52
23,6
24,16
91,44
150,87
98,64
48,31
40,18
70,10
70,147
97,11
25,17
70,3
107,85
44,25
18,24
48,12
74,12
25,22
63,5
17,3
47,127
183,10
47,137
38,6
41,43
14,24
19,87
127,67
45,32
31,15
53,37
67,58
20,30
166,4
64,10
75,25
92,58
18,26
15,3
25,55
161,10
121,79
32,36
63,53
40,4
30,30
14,23
220,56
183,99
23,65
72,8
23,97
77,23
134,69
39,20
24,22
65,9
33,35
32,77
45,18
89,27
47,4
28,66
25,118
94,20
30,144
35,102
107,57
59,22
18,13
19,15
33,12
19,38
53,5
74,92
41,8
64,43
58,16
105,29
22,22
41,14
81,72
51,181
39,81
27,2
170,5
20,27
30,117
21,29
25,19
157,65
36,33
23,14
69,32
154,61
123,85
99,10
71,19
44,40
18,40
48,33
66,6
119,60
31,18
73,7
18,25
41,7
81,7
28,11
60,23
35,37
17,27
77,22
31,14
17,58
52,42
23,52
15,87
26,99
65,5
19,11
63,2
71,133
21,13
101,47
101,74
43,43
70,48
45,4
16,82
68,26
29,10
131,35
15,49
174,19
53,22
93,59
71,28
117,25
94,44
30,4
45,7
44,27
24,35
52,20
120,4
26,56
21,3
83,31
35,73
111,18
33,65
56,13
125,50
29,5
20,13
128,23
21,27
26,21
52,21
68,10
15,106
83,27
24,20
20,15
34,15
23,115
45,115
51,26
199,99
109,163
41,11
16,34
55,47
75,66
109,3
41,174
22,8
27,12
62,65
41,2
27,52
49,80
20,14
183,18
173,91
200,44
164,127
75,17
27,136
46,20
91,44
93,10
54,67
185,20
25,227
59,9
21,43
21,60
85,4
40,17
37,71
86,41
19,49
51,15
31,20
126,24
19,11
94,18
16,36
74,13
50,8
25,18
39,10
70,73
51,71
19,8
18,8
51,50
31,120
145,78
38,96
56,49
164,19
58,5
16,17
23,4
72,48
36,109
113,42
130,9
162,49
143,50
14,13
24,35
18,73
90,20
24,12
32,62
21,53
203,30
69,49
18,17
26,12
142,10
93,39
35,7
17,36
92,7
42,3
263,8
42,24
16,84
76,93
104,28
14,98
41,17
73,16
64,68
27,15
81,24
91,30
102,117
90,80
46,2
89,8
45,50
55,72
58,3
76,116
46,26
33,130
98,29
38,22
28,20
117,30
53,12
37,13
24,11
66,39
39,133
194,52
309,12
120,13
15,4
23,66
17,46
63,51
230,6
185,8
44,64
126,76
25,123
52,28
107,17
40,106
28,177
18,59
37,6
74,84
136,96
46,30
60,9
182,111
107,45
66,23
69,55
46,26
29,87
71,61
25,21
15,4
180,53
34,6
16,99
31,49
18,69
42,2
37,29
79,16
57,31
49,67
21,27
18,27
16,13
25,56
53,71
83,14
102,106
23,56
21,6
36,24
116,15
94,69
33,12
27,59
33,16
20,13
186,44
23,77
35,31
32,13
86,241
52,80
17,34
47,8
88,27
102,23
25,50
25,41
258,5
164,9
21,3
62,73
23,37
38,5
91,17
45,38
26,41
22,60
41,6
96,7
157,24
31,31
40,53
20,31
65,10
20,32
220,85
99,13
205,40
117,102
170,50
99,9
18,172
90,62
17,46
19,100
16,24
95,15
34,26
137,83
64,12
62,31
59,11
25,19
20,24
16,7
65,76
24,114
53,4
28,94
95,18
20,12
212,56
25,51
153,25
99,19
55,19
78,3
65,66
20,19
147,24
51,6
37,54
81,5
47,55
82,64
52,22
27,3
16,17
29,33
34,61
18,3
65,16
83,3
33,22
61,51
83,16
245,74
65,11
46,46
58,79
54,52
47,13
72,42
118,85
36,45
15,33
114,14
25,30
131,19
35,79
89,27
26,8
44,24
46,43
100,6
59,9
61,7
175,5
24,79
65,30
43,87
36,10
26,109
83,9
104,15
102,11
17,46
145,13
71,9
22,7
173,30
20,17
16,39
44,32
43,14
103,21
158,84
57,33
107,23
25,8
20,11
25,47
60,2
37,9
49,7
142,39
97,62
43,23
28,19
46,50
83,8
29,27
22,45
205,65
212,28
156,88
293,27
23,43
32,63
146,6
65,15
59,11
19,10
143,187
79,28
41,47
136,3
14,166
44,26
56,34
30,42
56,7
98,64
50,27
134,124
59,19
72,18
34,99
22,76
48,51
26,37
68,50
70,75
51,11
38,121
43,39
14,36
16,40
105,51
49,63
64,10
18,13
23,13
188,6
22,58
131,18
39,15
51,7
18,12
145,27
99,92
22,22
177,70
139,79
34,20
51,79
28,20
31,64
61,4
37,17
22,63
25,9
115,85
31,9
51,27
133,23
22,25
24,3
153,75
95,12
151,9
19,4
32,13
139,38
15,47
17,41
41,3
43,87
82,145
139,3
31,93
75,44
26,14
124,7
76,9
43,35
67,22
44,27
119,69
30,12
36,7
18,4
38,87
88,53
97,7
20,54
17,18
80,34
46,17
35,13
105,22
19,33
238,76
33,15
47,8
46,26
24,25
43,94
24,43
223,14
84,12
18,5
49,61
77,47
246,47
136,39
120,20
87,14
81,43
22,27
66,45
24,12
16,27
96,11
17,88
49,11
43,14
109,14
53,8
194,95
136,165
77,54
46,72
98,19
27,8
88,47
26,29
27,85
75,136
101,17
51,54
42,39
42,22
157,25
18,3
49,83
160,21
25,11
59,58
139,159
38,16
82,2
124,41
82,15
71,46
25,26
43,29
69,8
103,9
80,10
60,36
18,17
187,41
40,8
152,2
15,10
80,11
33,42
119,31
30,11
27,16
126,30
118,11
41,54
88,44
22,6
56,67
120,37
49,8
35,17
21,29
83,3
72,37
16,24
92,44
60,2
79,3
50,16
27,36
52,4
27,3
26,91
23,32
187,118
76,33
53,98
122,26
184,28
37,36
77,5
66,86
32,2
53,4
61,8
25,20
92,21
51,9
119,5
48,51
78,3
30,11
161,46
92,27
51,11
46,27
15,25
171,56
15,16
124,13
124,19
218,34
53,11
37,26
45,43
47,35
50,100
16,10
31,11
16,31
16,30
52,5
18,3
102,46
28,90
30,38
93,6
127,4
41,163
21,12
89,57
75,2
27,39
51,84
58,19
124,95
63,18
108,73
41,4
83,7
70,7
96,100
34,22
51,34
64,41
24,33
21,53
39,87
61,9
57,34
65,6
55,29
28,19
55,53
41,4
74,11
63,19
44,35
93,4
36,13
40,3
52,10
29,35
49,2
24,41
82,7
25,92
18,4
244,118
104,76
35,46
60,45
16,13
197,67
51,5
64,14
77,5
31,18
79,24
26,5
72,22
81,3
49,47
79,52
43,15
17,6
21,73
21,52
48,85
73,25
139,11
45,49
36,64
88,34
29,138
55,42
24,3
68,7
30,16
98,19
27,7
37,5
45,8
36,20
37,42
136,63
136,4
126,34
49,21
56,7
47,46
54,98
15,5
79,42
37,16
68,61
28,33
15,65
46,68
133,37
27,95
57,35
149,32
100,5
87,12
89,3
89,11
45,17
16,6
39,19
77,60
48,24
22,51
82,14
28,38
122,31
18,6
39,44
22,7
111,90
52,68
44,31
106,25
54,50
45,22
35,72
37,36
106,19
130,72
19,39
57,29
128,5
96,28
20,14
22,54
33,26
173,89
77,9
84,69
30,3
89,93
101,22
227,5
23,21
199,8
105,95
26,12
27,36
87,146
57,47
63,31
70,5
15,35
104,24
65,9
57,174
24,14
34,152
26,13
71,12
24,19
53,3
67,7
19,10
28,31
27,9
103,97
28,58
56,16
38,16
58,125
25,27
75,133
51,2
137,2
27,17
21,57
82,12
62,125
65,22
157,33
31,8
156,16
54,14
61,67
46,70
57,45
45,12
55,49
51,22
30,56
97,85
88,29
113,64
96,38
84,43
125,96
19,72
69,51
35,10
21,20
15,20
146,34
63,77
19,77
22,107
261,33
267,17
95,2
30,8
112,155
224,41
67,8
34,7
16,56
19,38
55,39
15,22
16,56
35,41
91,17
17,27
164,51
82,32
96,21
15,63
16,15
27,81
106,16
121,7
31,77
20,30
63,9
152,23
26,26
58,3
35,20
17,26
42,21
24,114
20,79
16,79
145,7
122,5
219,163
197,32
23,23
57,16
102,4
37,2
23,10
31,87
211,26
55,58
126,3
30,62
24,28
90,21
79,7
24,64
105,57
51,80
83,15
109,4
33,16
22,47
149,15
113,130
67,56
61,82
41,83
92,40
67,67
35,20
74,33
36,71
23,85
77,12
19,64
105,38
29,41
83,24
34,112
142,5
17,62
67,92
141,8
36,13
21,31
46,22
24,112
90,30
20,62
23,36
129,50
90,13
37,62
16,24
63,18
69,14
15,9
90,27
95,3
69,28
67,34
15,17
39,4
27,4
75,88
29,76
46,52
53,8
51,163
32,66
85,7
98,21
30,52
24,4
34,6
28,28
38,44
23,2
29,47
68,159
33,4
36,10
123,21
28,39
102,33
28,36
109,6
14,39
29,61
29,18
21,4
262,15
17,21
61,35
26,10
27,48
80,21
29,31
35,37
16,61
71,11
54,36
27,19
14,48
16,4
37,159
57,27
18,7
106,57
33,42
24,202
63,12
74,2
130,46
28,5
32,16
23,77
133,27
24,42
37,44
37,29
40,33
87,55
33,3
15,92
26,13
26,34
161,74
19,146
22,11
38,8
23,10
20,24
42,20
231,13
54,14
21,10
36,5
188,3
205,54
53,9
17,40
22,46
114,5
27,22
42,9
102,65
112,36
217,66
38,38
20,87
120,31
72,90
114,7
29,46
26,24
111,22
16,52
56,24
41,35
53,84
37,2
149,77
147,39
29,61
33,8
41,58
77,74
16,46
19,22
20,59
41,82
88,33
24,57
31,38
22,54
36,37
43,48
25,32
112,25
117,34
43,38
34,9
65,19
36,75
52,51
28,19
184,21
73,41
106,33
122,19
50,150
34,55
85,17
53,14
76,11
35,47
32,11
48,11
72,5
226,63
26,40
22,4
104,42
26,5
36,10
70,14
155,40
82,3
121,2
55,12
73,8
17,78
198,42
121,6
55,35
35,66
15,159
131,3
115,11
44,5
36,110
111,9
18,5
147,114
52,5
45,185
48,55
196,5
19,16
51,36
19,67
42,30
17,10
18,31
40,28
49,17
39,51
58,51
75,7
169,12
62,13
110,35
19,30
77,36
76,28
64,13
48,16
23,16
49,34
97,72
145,84
114,129
47,51
92,7
71,6
36,45
72,74
86,9
94,3
19,9
35,19
53,9
120,86
77,28
28,5
57,19
177,41
67,14
67,94
146,24
17,32
57,13
18,2
46,44
45,49
87,91
60,18
27,17
36,81
49,5
64,76
16,39
17,25
62,63
159,7
175,62
217,114
33,53
25,73
18,61
91,50
128,98
41,5
134,109
16,54
51,23
87,191
35,20
36,31
45,109
104,4
52,56
78,7
52,89
17,52
232,62
40,46
46,20
43,75
49,14
56,14
44,14
106,10
42,26
28,14
57,21
73,13
46,98
52,27
28,10
24,9
63,6
117,9
41,2
52,87
42,9
18,33
27,8
14,36
22,19
74,43
19,5
21,34
41,21
197,8
32,4
97,2
66,3
92,34
69,15
95,71
78,42
176,25
91,15
34,34
55,33
127,6
33,77
16,4
35,49
17,100
42,2
31,2
83,15
15,46
106,28
32,4
58,54
45,60
24,3
16,87
104,5
68,5
21,14
41,71
97,40
100,8
56,122
54,80
34,14
59,39
14,20
26,108
135,26
39,5
138,9
92,17
102,124
168,28
72,23
31,45
54,18
16,29
113,27
66,6
15,25
26,70
15,15
23,42
95,7
250,62
96,15
22,36
91,89
29,3
26,17
22,21
60,13
272,18
82,15
67,58
122,17
125,16
42,11
184,75
51,20
43,90
62,197
85,16
16,16
94,73
52,13
21,88
60,35
21,50
88,20
53,7
39,9
16,79
22,54
123,4
113,6
75,10
31,13
114,184
19,39
91,103
180,21
164,22
41,107
28,78
86,38
103,50
60,76
166,94
277,5
77,58
23,12
140,35
111,13
47,23
17,31
64,19
78,25
35,103
48,52
96,29
73,93
82,4
152,62
108,15
22,28
39,51
14,25
38,18
53,4
63,9
147,62
29,19
38,51
151,23
40,16
30,46
171,32
106,48
131,7
55,8
17,16
109,42
95,101
59,85
48,12
115,77
35,27
54,17
71,13
15,20
64,69
32,74
97,33
151,14
86,6
58,44
43,38
24,52
19,66
252,4
73,51
24,54
186,13
92,130
26,32
36,9
46,28
117,141
39,10
72,2
99,11
28,122
30,15
20,14
26,6
44,32
208,3
114,27
27,157
66,23
20,94
32,20
151,130
65,67
149,16
56,42
78,7
80,156
107,71
20,17
29,27
49,22
20,8
81,43
123,43
24,4
44,32
85,34
125,14
56,79
67,9
66,15
31,4
54,38
60,35
65,61
112,53
61,23
38,13
57,50
152,14
78,87
18,40
112,77
35,29
15,33
25,9
90,9
19,56
66,19
50,63
56,11
78,13
148,56
95,49
23,43
94,37
84,38
70,17
39,7
24,42
19,22
17,13
42,3
20,11
37,2
26,105
140,33
130,23
57,157
20,16
19,160
22,79
36,53
79,35
116,27
66,8
33,18
38,46
15,39
62,23
15,18
26,56
29,74
21,30
92,66
22,103
86,82
62,7
28,4
42,27
63,4
25,83
24,24
132,4
66,45
29,66
21,8
43,43
49,84
68,20
44,32
105,62
41,87
197,15
54,53
22,23
60,2
51,17
47,20
150,26
18,36
54,37
218,7
19,7
166,41
80,12
22,91
38,49
33,39
45,15
24,3
119,69
215,78
141,22
212,10
22,29
94,45
161,37
44,53
32,38
76,35
43,17
26,4
19,78
24,55
104,10
35,28
91,11
84,77
31,35
35,12
93,24
45,4
193,25
19,46
21,64
17,18
93,4
14,71
15,101
38,21
95,60
84,10
45,26
50,7
85,26
137,121
56,17
33,34
21,53
60,41
116,77
156,26
47,5
27,23
61,96
27,109
61,17
32,63
102,78
85,71
44,6
117,12
84,38
40,33
14,45
27,7
70,35
37,18
23,7
26,10
86,86
167,117
92,6
33,116
84,72
55,55
180,48
103,21
77,14
150,10
101,15
50,23
127,75
54,38
165,3
65,96
31,96
37,22
24,103
55,39
25,53
101,3
129,6
29,15
48,50
166,6
108,39
17,83
56,157
20,31
43,47
80,68
28,62
23,104
44,15
221,10
36,33
46,24
20,10
51,19
38,77
116,16
91,25
58,5
15,70
27,43
48,19
53,18
114,35
62,58
39,89
109,20
183,5
73,5
40,25
18,20
48,40
47,46
31,43
55,25
30,14
21,15
66,17
47,173
38,70
47,17
161,20
57,8
136,34
71,8
69,26
27,71
45,51
24,13
28,11
79,37
100,20
17,14
22,9
32,34
73,77
22,10
55,3
65,35
84,44
48,32
26,27
29,124
25,21
38,38
16,11
101,20
70,27
63,27
156,27
65,101
77,17
24,63
76,97
92,61
25,43
26,69
16,4
27,14
68,17
63,16
49,36
64,25
27,69
45,3
16,21
36,17
26,70
27,12
19,23
23,11
45,21
50,40
69,49
29,31
20,17
17,4
109,100
125,60
66,21
172,34
17,3
34,96
16,37
36,25
204,34
59,43
26,28
100,4
56,16
112,62
24,59
38,119
130,10
54,58
35,32
184,55
110,55
31,38
48,5
24,19
82,38
21,107
23,20
66,18
91,24
18,10
86,40
41,28
189,205
110,115
127,2
75,12
19,19
25,27
28,27
24,10
24,11
40,170
41,14
18,84
109,45
48,45
71,37
24,14
37,2
34,12
193,8
41,85
36,26
109,2
50,19
14,18
32,78
55,3
130,66
24,24
128,10
76,11
29,2
74,14
120,14
115,7
22,33
105,10
33,23
57,17
96,6
118,24
124,18
28,7
105,34
93,12
65,72
99,56
57,33
25,93
45,51
83,20
87,4
51,6
36,3
21,29
39,48
125,31
62,42
56,64
283,37
75,65
122,20
50,20
17,22
96,3
98,199
31,94
137,46
177,25
36,25
90,89
33,35
40,19
42,16
58,42
55,19
23,50
86,38
94,3
57,20
105,36
52,23
120,41
38,18
50,23
45,7
59,3
18,7
22,89
24,28
154,18
50,115
46,68
16,6
42,10
113,2
91,61
38,21
29,60
96,42
29,7
16,26
40,44
84,20
43,11
62,28
27,155
24,27
27,25
47,41
36,28
61,29
143,34
57,16
52,32
39,29
38,84
63,28
83,10
80,14
128,5
22,4
165,33
39,4
27,147
50,11
75,29
27,32
88,24
80,11
132,164
83,26
20,6
32,80
33,29
21,54
48,70
74,26
98,7
39,12
15,3
78,35
36,34
213,26
36,9
83,9
84,2
115,4
161,11
18,7
16,53
15,28
39,4
40,81
34,26
36,50
76,6
52,16
183,45
17,12
14,18
50,16
89,11
29,10
167,11
247,32
106,104
96,10
149,4
72,10
29,170
56,67
29,53
27,30
63,15
18,39
45,44
53,18
86,4
15,28
42,4
76,37
21,68
102,66
46,102
75,3
66,13
158,9
106,15
83,5
93,103
24,5
78,41
112,14
19,5
48,64
59,65
47,59
25,36
35,15
68,48
49,120
108,21
97,23
72,17
100,77
128,2
27,7
138,32
25,15
28,14
78,3
14,13
57,7
36,18
36,18
24,27
41,48
212,55
33,36
40,18
23,39
46,127
100,42
87,28
37,15
14,87
62,11
19,112
87,11
38,61
127,11
23,25
56,32
69,50
107,27
149,47
54,7
169,31
17,31
52,16
15,66
82,13
15,79
46,55
82,21
109,76
57,65
99,15
17,13
39,34
55,42
19,27
80,10
39,4
98,68
102,66
15,85
42,28
15,5
52,34
42,5
50,171
188,73
15,22
18,23
74,88
20,6
67,38
30,23
26,117
38,39
86,52
28,28
187,138
16,53
20,40
23,41
84,51
122,67
85,53
133,51
23,33
94,48
40,37
66,47
41,18
104,5
49,14
38,12
120,96
53,26
83,86
79,75
76,19
57,85
55,30
23,25
27,29
52,8
76,33
36,16
43,61
22,23
89,33
31,7
62,10
52,15
188,72
27,21
60,27
78,4
20,40
38,37
35,32
49,111
97,8
173,17
70,10
211,174
27,10
85,28
90,176
91,16
133,9
100,16
141,28
16,137
52,15
16,30
164,6
68,2
24,8
74,20
66,24
52,38
46,5
35,28
28,9
213,19
99,29
33,50
112,8
93,5
75,3
26,42
124,44
21,4
208,18
89,97
178,7
32,112
56,93
75,19
63,7
102,3
51,16
120,14
24,88
34,24
75,5
17,59
14,7
120,69
54,32
50,64
108,72
171,40
45,6
36,81
194,26
80,67
75,25
36,86
56,13
14,3
106,74
161,70
16,8
69,74
134,30
58,132
24,27
92,96
35,51
235,16
58,39
21,100
16,29
88,13
15,6
67,8
141,4
52,16
104,111
26,72
40,140
19,25
298,23
173,4
33,19
65,58
28,24
299,40
73,5
55,25
54,26
35,40
54,18
86,56
104,89
62,59
111,109
186,35
139,38
104,2
43,33
74,8
56,67
113,14
50,25
31,6
33,26
89,3
48,75
18,9
18,5
40,8
26,15
24,24
39,34
102,39
61,30
16,60
115,5
51,90
32,53
19,66
102,31
83,35
24,17
114,82
14,118
17,28
86,5
19,24
80,70
26,65
61,71
41,45
38,160
33,48
35,33
204,18
15,56
55,40
149,18
20,3
35,16
37,24
26,54
160,31
137,79
54,23
68,53
27,10
34,63
82,9
140,7
14,75
38,21
85,7
32,18
53,73
71,5
45,41
79,24
14,148
23,42
31,30
139,71
51,68
90,11
69,100
99,4
86,27
44,59
46,23
54,32
139,49
24,66
77,25
70,116
56,34
86,17
106,18
34,7
45,8
19,12
85,54
32,12
60,45
41,4
61,10
32,28
50,44
28,6
172,43
68,20
59,48
71,91
35,9
46,66
111,13
223,12
47,17
96,38
15,16
165,92
32,33
62,23
26,16
54,76
22,2
50,107
179,66
277,101
42,125
18,11
40,35
103,32
92,4
193,102
15,62
107,13
84,15
38,11
15,4
26,55
66,5
24,76
120,5
40,10
77,123
15,30
68,3
51,11
93,45
174,29
90,35
41,10
65,20
21,8
14,24
17,129
48,41
19,58
122,70
39,51
47,9
242,19
63,20
75,3
124,66
37,16
235,7
99,41
51,5
101,37
31,160
53,14
120,65
77,9
40,190
20,17
128,14
122,42
29,50
121,6
260,24
66,81
78,6
64,44
56,2
102,98
54,11
64,64
18,33
161,83
23,89
92,32
54,125
21,39
117,10
73,19
28,60
91,4
40,72
26,27
75,90
105,25
37,62
90,11
58,98
110,19
103,13
48,84
19,14
179,81
37,63
20,50
54,43
21,56
88,39
37,8
51,41
19,101
127,28
40,74
38,57
25,6
43,77
16,31
52,12
39,16
95,57
160,27
218,63
74,40
21,19
127,15
15,14
42,21
133,95
15,16
20,4
66,56
36,8
46,18
55,31
34,37
191,5
143,61
57,45
172,79
73,54
113,21
192,34
19,51
80,118
155,5
30,69
36,15
119,8
49,69
58,53
39,66
94,10
97,31
34,23
15,22
74,107
85,29
90,18
21,40
76,86
52,7
43,71
78,82
46,33
61,20
52,18
180,3
66,12
39,27
73,84
34,103
33,11
30,75
25,55
52,13
209,4
59,6
51,10
91,19
54,4
22,15
16,49
141,62
32,162
23,28
122,70
225,39
41,4
78,51
115,25
84,49
19,31
73,64
86,19
35,34
36,2
23,30
59,34
26,35
16,19
32,76
54,14
62,58
24,9
17,42
85,39
113,32
50,62
25,12
57,5
14,16
17,72
38,5
68,44
113,41
14,7
27,74
25,7
45,41
66,7
24,36
40,37
17,72
33,88
152,33
103,199
27,17
30,27
73,8
62,27
17,17
15,143
158,13
65,12
20,54
43,68
39,20
62,62
20,27
62,92
48,6
87,106
228,8
68,55
20,21
79,52
47,33
64,15
69,17
92,41
101,23
69,92
32,9
27,30
54,71
54,37
49,74
35,43
56,19
20,22
29,3
109,79
50,154
62,45
221,51
26,52
53,26
82,49
41,42
107,32
25,25
23,26
35,75
148,76
28,7
72,5
53,17
18,10
14,28
77,3
49,224
51,112
64,26
19,14
33,44
139,157
83,33
68,10
107,22
43,39
61,35
19,12
59,37
41,37
151,52
36,23
147,79
94,58
22,45
119,10
60,94
56,144
19,5
108,27
37,10
50,58
30,33
62,83
39,19
28,18
24,69
59,24
32,20
21,16
54,36
57,31
59,66
167,7
64,88
48,33
20,70
260,20
111,43
56,66
25,9
14,14
213,23
38,64
67,18
15,8
76,29
83,4
61,9
37,92
31,26
261,52
91,5
116,41
77,16
25,22
80,48
116,42
40,6
28,32
24,52
95,18
48,14
156,4
281,24
15,26
19,32
16,24
73,183
132,11
30,11
55,39
41,15
22,58
30,14
70,6
149,18
17,20
76,7
27,18
42,21
56,29
188,4
44,12
30,56
23,14
37,7
43,3
15,38
117,125
23,128
62,34
100,65
44,94
64,24
14,107
19,133
112,16
27,26
86,5
47,25
26,54
201,14
92,8
16,4
16,5
41,18
143,16
29,47
17,10
18,14
14,3
23,47
91,43
150,3
81,105
17,100
126,10
28,175
173,22
88,44
222,80
91,14
107,9
22,114
40,24
98,14
74,2
45,11
116,26
18,28
167,29
14,21
16,61
82,110
64,6
58,7
252,25
27,2
39,11
50,23
29,3
42,12
16,9
48,15
127,201
20,4
86,50
37,10
64,3
73,38
71,36
23,7
28,35
20,74
43,15
44,69
94,45
27,21
73,31
75,32
34,58
50,141
40,66
64,18
45,7
71,12
275,24
96,36
260,20
81,46
32,7
89,10
24,18
22,4
68,20
23,7
34,23
139,11
151,4
15,61
15,34
34,57
60,9
120,13
88,94
92,18
50,13
83,29
35,34
22,59
145,74
156,6
149,32
75,41
172,63
74,2
220,19
33,45
53,32
43,55
50,16
39,38
40,63
60,23
36,104
37,88
60,3
166,60
39,15
53,8
228,9
124,9
36,44
14,61
54,5
49,20
64,27
18,26
41,7
20,24
102,20
31,99
27,104
26,23
16,16
69,11
18,47
91,30
55,61
102,12
106,17
48,7
31,10
59,4
100,23
20,98
38,35
15,4
69,35
38,57
157,46
21,41
119,110
192,10
113,8
30,7
72,52
35,60
43,48
17,130
54,146
60,32
83,22
40,34
29,67
15,54
89,6
69,4
18,76
16,38
66,10
142,12
232,52
30,24
37,52
62,26
133,3
59,2
15,5
23,57
23,80
173,7
37,17
121,132
20,28
112,17
14,4
79,77
27,10
32,5
179,39
21,27
55,64
41,86
19,21
45,43
56,25
62,49
134,2
18,42
136,2
18,135
25,14
103,28
50,19
114,21
184,16
72,30
138,49
69,9
21,10
16,32
22,36
45,7
110,2
109,9
102,43
48,11
55,41
23,13
24,36
26,35
26,69
32,25
145,30
68,6
27,6
61,83
29,46
17,25
70,4
186,55
229,30
68,63
23,51
56,77
35,23
21,79
71,10
170,61
57,38
22,58
203,65
48,8
134,13
82,61
46,98
90,7
130,4
20,6
29,61
26,62
51,92
50,16
83,7
175,30
85,20
96,58
20,79
37,88
102,3
53,107
39,3
22,4
36,104
29,81
167,19
21,65
15,22
168,3
124,86
37,22
276,11
35,22
48,32
41,34
72,6
64,62
22,48
93,46
27,32
118,41
25,5
35,50
62,75
146,3
99,37
28,13
18,119
136,53
78,2
189,51
17,10
31,24
41,122
111,47
83,107
50,36
75,52
47,45
128,34
15,136
91,4
30,7
31,10
22,67
134,43
208,16
22,30
64,62
33,19
143,35
58,29
23,9
76,27
97,51
102,9
75,49
41,43
32,15
52,76
108,45
29,20
19,115
53,40
111,29
53,26
51,62
136,67
41,72
71,62
34,52
17,46
21,182
27,8
44,16
32,34
35,13
179,24
42,69
58,10
20,55
39,60
36,12
141,4
37,45
63,27
24,68
31,56
15,16
15,60
41,18
20,151
109,8
284,29
25,2
85,25
256,61
15,13
32,11
40,100
39,33
60,85
15,40
36,8
19,27
60,46
70,37
134,101
85,165
159,38
25,11
102,92
55,26
25,16
25,21
118,6
25,14
22,27
52,43
22,77
32,9
145,55
229,18
49,32
103,24
30,6
53,46
101,16
95,22
32,126
145,37
35,102
88,28
36,6
26,59
14,24
57,69
33,17
47,10
26,57
39,96
40,4
18,2
121,13
23,14
111,37
20,8
27,37
62,74
29,90
57,26
21,73
46,21
40,34
138,72
30,54
136,184
31,50
51,30
101,141
30,48
37,14
32,48
79,40
78,53
43,15
34,23
30,31
15,4
29,36
47,17
57,53
23,3
32,52
33,24
16,5
138,155
88,17
37,90
37,90
121,42
89,74
15,41
75,110
70,58
196,97
106,32
25,14
18,17
21,13
34,20
23,35
74,20
16,53
26,77
42,34
42,20
64,56
223,57
50,61
21,78
157,72
37,2
55,61
119,2
23,22
66,115
99,13
34,97
34,50
57,38
131,7
165,12
95,28
42,4
61,29
42,58
135,52
35,28
20,58
124,5
119,31
37,75
113,54
25,4
44,8
105,18
47,9
27,13
60,7
262,50
25,17
29,7
17,93
51,23
32,19
35,89
18,61
193,57
46,134
99,34
46,40
53,36
159,5
16,67
92,174
60,159
56,16
24,135
44,9
46,48
46,88
73,97
101,48
20,60
18,37
35,18
68,10
64,98
61,35
38,21
34,46
64,59
49,55
126,89
125,7
22,9
112,44
15,78
23,83
19,44
173,6
169,9
34,44
26,5
21,21
157,9
32,22
60,11
80,22
141,32
50,26
189,4
80,80
20,124
158,9
54,8
16,24
18,66
34,107
55,4
24,2
37,10
65,52
57,7
107,13
31,22
215,32
35,4
85,33
48,16
50,12
91,37
26,42
16,24
62,92
31,112
49,4
64,64
17,39
79,10
31,9
52,25
29,32
56,100
31,31
39,98
49,15
46,3
59,9
16,4
55,94
27,30
62,23
71,29
132,18
165,18
43,7
17,96
46,12
24,37
61,37
69,27
17,32
64,72
70,3
17,26
30,23
23,3
285,26
118,27
291,11
29,42
15,82
41,107
27,3
58,9
40,47
45,2
24,11
61,13
23,37
52,31
59,67
43,80
45,2
198,13
66,41
146,11
24,32
72,43
206,31
286,121
119,72
112,72
75,95
27,18
68,13
17,62
154,12
48,14
48,102
52,65
30,51
26,10
27,61
58,47
61,102
22,103
129,19
79,81
76,47
28,31
37,3
54,77
88,37
25,3
17,12
40,9
49,5
15,6
137,92
34,44
30,79
100,31
24,22
94,8
86,30
84,31
111,6
84,58
80,43
70,125
47,3
147,26
133,11
46,7
42,5
46,82
114,10
31,9
25,13
23,3
48,26
38,37
15,27
14,24
91,7
51,104
115,18
74,6
38,44
107,154
80,12
71,33
47,66
24,113
16,6
72,2
20,133
19,89
42,221
78,72
244,34
36,46
61,59
104,16
46,32
144,13
40,34
23,3
29,32
56,117
29,24
50,49
31,145
15,22
48,62
66,18
121,10
16,9
124,43
52,7
89,10
61,21
93,20
42,32
30,23
163,40
19,37
21,43
23,4
27,10
123,10
111,53
145,9
78,3
53,6
38,33
22,131
56,9
86,75
85,26
39,6
114,53
24,21
39,16
18,19
123,14
22,43
14,8
124,136
122,85
19,47
40,3
175,3
21,19
26,70
21,150
153,29
14,65
45,8
152,78
18,13
34,5
49,47
18,57
96,31
60,34
57,27
50,83
96,2
63,8
15,81
85,2
16,10
73,27
215,10
44,36
15,25
88,11
59,15
47,66
64,12
75,42
39,11
65,28
26,8
44,22
196,37
36,12
46,11
71,26
56,62
134,13
21,38
31,20
34,24
38,40
25,11
87,21
25,111
60,65
45,40
93,21
40,56
29,15
77,23
148,116
176,147
65,80
15,19
32,3
23,44
15,53
25,33
25,4
92,37
28,51
61,38
30,63
89,5
75,48
52,16
52,14
18,51
104,103
35,62
54,6
23,7
40,6
30,35
103,78
139,14
68,3
26,27
20,68
23,17
29,22
16,19
49,39
24,38
64,59
17,35
113,3
38,71
30,20
76,5
85,22
43,34
109,32
45,14
54,6
160,103
51,7
95,21
55,19
47,7
185,86
33,77
22,19
69,18
30,34
33,62
22,28
247,58
113,37
56,16
68,55
219,10
131,33
33,51
15,10
61,51
57,44
38,16
131,27
77,69
28,25
124,4
18,174
162,86
145,17
46,5
79,3
52,23
95,31
56,15
74,39
28,10
201,15
17,6
38,21
89,4
22,8
27,25
15,56
80,21
43,58
44,89
72,61
144,27
25,141
77,21
69,23
58,27
98,27
32,15
45,24
107,11
55,39
95,17
21,12
50,4
127,6
72,4
85,20
77,4
15,126
46,11
44,74
63,25
242,17
25,87
49,20
46,24
34,67
61,73
71,45
29,22
213,11
77,43
32,12
80,126
53,23
22,16
28,33
94,13
113,54
15,15
16,62
34,22
114,55
28,105
34,20
76,39
23,7
105,46
57,51
26,14
202,6
113,174
112,27
74,21
113,40
78,21
69,8
35,12
129,13
61,95
29,3
24,144
19,26
25,2
80,39
60,58
117,25
61,8
126,21
135,25
26,6
79,48
94,84
55,48
61,3
119,3
17,57
82,160
22,37
81,27
35,23
155,31
75,9
63,49
85,5
48,67
105,13
67,11
43,21
125,43
36,9
117,45
47,10
47,5
55,22
29,147
93,25
25,18
26,16
122,110
20,11
75,17
41,31
78,86
38,34
37,8
107,18
52,6
74,44
19,22
16,21
26,47
34,59
29,12
59,88
58,27
24,8
136,93
23,78
43,16
70,4
67,8
47,79
262,3
38,30
84,66
133,11
37,19
107,47
30,27
83,57
28,6
29,42
18,44
59,43
45,40
56,3
23,33
65,16
29,14
110,13
63,56
40,128
46,144
127,143
45,11
52,48
43,48
41,60
46,26
59,14
54,21
161,4
62,103
40,14
29,17
33,30
39,4
60,48
85,85
34,87
59,147
181,17
46,10
44,30
60,25
27,7
121,7
90,13
186,14
113,26
21,123
89,96
36,4
35,16
32,7
246,7
101,18
196,72
77,30
15,23
107,32
74,3
103,64
22,141
45,33
81,63
129,4
16,4
69,210
41,19
15,19
54,12
36,64
34,176
51,34
99,97
48,34
48,11
165,32
145,31
17,39
67,35
100,26
14,4
56,34
32,127
49,19
86,28
60,100
242,45
68,6
110,35
19,24
41,94
145,103
25,15
118,10
30,74
79,2
19,19
59,29
24,25
77,65
17,88
107,39
37,3
43,28
238,64
128,11
146,12
125,4
25,41
191,59
71,108
172,25
258,19
51,66
22,28
22,128
82,54
61,26
116,13
24,142
55,41
17,89
20,55
76,21
69,2
22,12
17,6
106,6
19,12
152,22
64,38
41,40
93,58
80,28
33,93
28,41
15,112
80,18
16,32
28,115
84,16
19,27
37,12
68,73
55,86
31,66
43,28
22,60
21,49
91,19
58,38
53,71
91,43
47,7
27,17
16,17
78,94
62,52
79,93
24,126
15,6
18,21
43,18
34,22
96,8
23,71
23,54
32,15
78,10
103,28
19,193
38,13
52,20
28,4
43,10
33,5
40,71
30,40
54,66
46,20
44,73
87,12
19,36
20,17
64,16
166,94
72,23
24,28
17,16
16,48
27,29
64,39
42,8
19,6
126,41
61,29
22,9
46,72
49,50
44,59
162,52
30,28
18,55
174,8
74,47
77,37
37,34
108,32
191,13
34,45
37,5
31,79
42,58
43,32
28,9
61,38
16,34
29,10
67,20
93,41
91,40
61,69
23,22
28,32
38,113
34,36
25,104
86,15
156,92
97,12
210,16
39,43
40,36
23,11
28,17
151,49
38,9
46,82
72,48
35,61
28,51
15,38
51,2
28,62
69,9
61,36
71,106
117,61
170,83
112,6
33,44
17,68
180,2
14,68
18,32
31,11
62,3
71,12
94,27
87,10
92,13
21,4
30,95
31,18
260,62
33,5
82,5
49,9
132,29
16,36
32,59
17,24
130,17
34,13
33,6
14,43
81,96
29,18
82,60
169,43
33,5
40,30
38,7
129,14
92,6
53,17
51,32
97,30
34,62
61,25
93,113
47,12
24,6
56,28
33,5
116,77
82,17
54,23
121,9
35,28
62,14
49,15
127,72
52,27
107,180
177,23
189,23
134,9
18,3
58,25
40,35
20,30
70,3
94,3
24,4
178,5
44,66
115,74
35,13
70,14
180,19
88,46
28,51
79,43
71,30
65,3
113,20
64,16
38,42
95,203
115,24
76,24
78,6
64,18
96,173
27,33
69,96
15,12
22,19
96,47
45,11
57,72
17,2
55,103
99,19
167,6
95,67
35,48
102,48
29,28
70,34
49,18
93,38
94,19
51,28
137,64
43,51
16,30
88,6
18,66
51,166
15,9
149,11
15,15
176,7
43,10
126,9
34,124
111,2
100,62
26,19
37,60
89,17
72,19
34,24
25,15
17,28
63,65
114,8
33,21
20,7
18,55
124,4
36,41
20,27
28,91
249,41
64,40
86,3
39,77
100,7
32,38
53,39
173,101
91,38
30,92
27,28
102,18
16,35
45,27
28,73
24,43
16,67
44,41
161,63
22,17
36,20
16,47
37,8
60,75
45,12
52,58
17,11
186,23
25,22
35,36
141,27
43,7
14,26
76,2
125,42
18,12
42,19
52,17
96,83
112,105
48,12
17,33
108,7
34,96
120,21
71,24
16,41
139,22
44,27
22,8
147,12
72,16
79,81
59,29
86,39
28,34
44,45
87,24
40,22
87,6
152,27
36,3
58,11
167,60
58,9
56,58
60,24
250,6
65,9
45,102
87,90
20,38
71,9
128,4
29,35
24,27
55,22
48,96
16,25
98,31
66,6
31,6
148,23
28,2
26,43
71,18
15,4
48,19
32,25
14,8
27,33
160,31
31,6
127,21
83,40
67,68
82,29
68,45
55,34
49,32
81,71
24,104
45,32
44,24
112,15
36,37
55,5
33,80
29,51
94,18
52,98
27,101
227,9
29,56
39,32
55,3
20,31
143,10
70,57
72,40
31,9
41,47
64,18
17,5
218,20
44,3
63,9
30,36
109,36
67,3
37,96
135,37
83,6
28,18
20,12
18,22
20,5
36,61
160,22
23,3
45,87
34,3
26,62
31,120
166,34
14,68
16,22
30,6
132,9
29,111
43,23
114,85
36,27
67,23
21,21
102,18
31,3
17,118
30,23
17,97
163,21
190,8
66,119
141,119
115,95
273,42
19,9
27,7
164,61
97,42
42,4
40,130
96,128
71,17
15,39
50,5
46,23
18,65
94,13
70,8
161,5
55,58
16,31
21,35
98,114
32,30
38,85
28,131
41,50
19,13
20,9
28,33
19,59
72,180
24,10
35,22
48,109
31,13
19,100
121,24
26,22
28,27
53,23
45,23
74,23
44,28
53,6
29,18
47,49
15,28
101,100
53,28
85,37
23,2
61,12
92,3
49,6
68,3
62,33
59,3
65,30
211,19
92,64
45,41
42,126
121,2
63,38
93,17
65,52
17,4
27,67
17,13
128,29
20,11
59,12
29,28
155,224
36,39
74,61
21,25
20,25
86,13
18,128
31,157
27,4
36,11
64,25
29,63
123,9
25,53
20,24
206,19
103,85
190,32
75,80
197,38
115,15
42,2
18,9
105,2
123,57
25,18
38,123
45,9
32,93
87,17
95,47
144,28
53,36
110,51
19,16
14,13
34,18
80,20
23,6
255,9
36,27
17,13
76,25
67,55
43,37
21,30
36,24
88,47
25,3
33,2
61,119
25,7
45,12
24,54
55,50
62,58
63,22
141,70
37,20
56,12
30,8
28,59
80,64
145,15
69,172
31,7
118,55
38,46
48,33
15,18
21,60
41,7
41,17
15,19
77,8
121,9
63,105
24,20
75,4
38,9
135,34
19,41
66,12
49,47
26,25
51,88
40,45
17,47
61,24
164,11
102,27
31,19
87,87
145,122
25,30
20,72
16,93
175,25
51,3
20,20
114,36
52,12
47,24
20,27
47,62
32,12
65,30
52,60
187,55
17,39
17,15
35,32
46,61
35,23
23,45
108,118
18,20
110,18
91,16
54,21
58,32
69,11
17,13
109,33
94,62
48,56
31,5
61,42
17,28
14,57
46,67
131,119
35,42
291,94
47,30
45,87
32,63
30,10
26,11
62,23
32,16
55,22
113,172
21,5
32,64
109,8
31,8
43,29
39,64
217,21
29,39
70,42
70,6
132,52
120,50
35,15
73,21
59,25
235,7
28,48
19,89
23,10
61,13
77,17
26,18
98,3
50,25
40,50
79,20
18,31
107,2
224,92
15,94
92,50
140,11
63,13
141,4
25,4
130,58
73,22
24,32
16,9
25,16
26,137
72,50
158,3
17,8
39,9
35,47
187,55
17,55
17,3
105,20
67,30
69,27
46,8
102,56
104,44
38,13
80,49
122,10
15,9
25,3
43,6
59,33
65,15
30,4
17,8
44,9
134,62
121,2
36,10
22,36
26,29
27,105
77,16
57,148
20,154
32,27
140,8
88,103
92,5
50,82
176,4
28,51
30,39
36,50
89,2
50,2
30,21
221,200
56,102
72,47
21,36
29,10
44,63
86,46
91,15
50,7
105,88
17,52
30,31
16,31
45,55
30,51
46,3
90,9
63,52
29,22
35,11
60,63
48,12
66,7
93,31
26,62
70,10
29,29
51,16
26,20
45,16
30,11
18,5
66,30
53,112
55,45
89,70
79,23
15,49
34,41
297,49
49,15
31,28
93,23
107,18
14,91
101,122
39,38
79,37
15,13
199,31
14,51
32,56
31,173
30,27
78,14
71,75
68,3
87,80
31,4
16,5
96,37
253,88
64,29
79,47
19,50
51,39
18,28
198,25
31,54
120,148
30,42
165,31
21,58
46,7
14,21
38,9
27,30
29,27
46,14
33,118
31,125
27,17
82,9
15,6
61,54
35,41
93,30
41,38
108,15
85,35
71,44
84,25
74,11
73,49
30,23
40,38
42,55
67,24
18,32
84,40
28,3
85,63
73,77
18,2
40,3
47,52
110,15
63,7
15,14
18,8
19,17
40,22
77,24
42,16
104,29
46,6
44,12
42,17
78,14
27,14
17,47
51,31
43,8
47,163
76,81
163,19
122,10
34,23
136,6
22,42
45,165
30,26
55,38
67,6
128,9
34,5
47,10
29,5
18,19
35,6
130,3
34,9
52,18
27,7
43,40
26,62
42,90
120,12
65,3
80,12
146,45
63,50
15,4
44,5
126,67
47,142
126,129
34,6
31,14
20,12
177,39
90,58
48,18
100,57
38,43
66,64
69,22
17,2
52,22
75,122
26,134
69,46
14,15
78,57
67,6
20,5
65,65
46,4
33,6
47,75
49,219
17,4
270,9
78,29
22,6
203,19
28,4
36,7
24,8
46,50
143,44
14,35
85,18
87,105
93,30
74,96
119,15
23,36
37,103
34,37
116,28
51,39
74,70
95,19
103,28
47,10
18,8
84,29
113,6
68,4
56,24
59,27
21,51
87,53
214,29
15,55
127,56
55,183
43,25
62,10
139,71
42,35
248,8
59,31
21,138
29,18
39,9
32,18
146,28
167,169
76,25
80,4
29,5
19,15
152,3
106,20
41,52
75,24
78,24
25,25
23,28
32,25
31,67
20,14
71,29
57,20
69,64
26,3
65,25
94,33
15,128
15,3
50,37
41,40
89,17
33,11
54,85
37,22
50,125
130,29
33,22
53,77
17,55
27,31
46,42
71,180
161,63
35,84
68,47
19,22
145,12
245,79
57,25
44,60
45,54
68,12
60,7
191,16
158,7
38,4
179,39
95,21
57,51
17,22
48,58
31,100
32,74
69,116
92,54
45,34
48,19
25,61
37,7
114,5
34,138
37,4
59,22
16,22
48,105
33,13
56,77
20,28
18,12
93,23
17,10
27,6
65,95
122,123
48,46
22,129
109,62
32,69
28,89
63,39
23,17
33,8
82,26
247,233
102,8
176,48
39,33
63,86
88,21
83,33
39,87
21,34
37,10
128,47
158,26
63,23
43,98
131,44
139,111
131,11
76,13
71,11
64,120
19,15
41,26
31,9
27,3
69,52
33,25
28,82
16,41
108,101
46,53
98,28
75,22
86,38
15,145
82,3
28,67
64,8
45,12
143,3
136,22
16,56
53,196
36,30
41,7
75,9
93,51
47,12
52,72
45,32
256,8
20,6
136,2
42,38
109,71
45,36
39,2
60,130
113,13
77,42
233,13
66,34
55,8
55,60
57,35
70,14
304,67
20,31
137,20
59,74
147,15
64,12
65,11
141,23
45,10
55,3
21,5
81,40
35,14
105,2
37,14
77,80
33,5
20,53
49,10
129,55
87,74
47,37
59,47
51,14
14,161
53,4
47,23
86,134
30,5
88,34
46,22
144,138
72,9
31,31
48,23
154,24
24,70
159,61
157,95
65,86
15,68
44,3
199,15
33,26
68,2
31,6
52,38
67,204
23,67
27,113
47,26
22,2
116,40
94,21
115,52
155,19
26,15
16,23
50,16
49,25
27,6
54,79
28,27
219,3
181,7
54,14
55,40
33,18
23,50
25,10
71,9
234,20
56,14
23,8
95,22
54,153
20,15
24,42
18,24
23,12
110,34
51,10
31,16
72,8
70,17
31,17
60,76
56,5
48,66
75,8
25,26
19,54
229,44
61,8
31,26
17,39
85,60
67,11
20,4
30,49
19,38
22,33
71,106
21,56
101,15
91,23
92,32
30,133
53,22
34,46
51,29
61,27
90,8
192,44
143,69
51,19
84,9
37,34
184,53
39,30
74,26
22,10
22,17
47,56
30,53
28,6
54,10
116,155
17,26
21,25
39,51
25,10
37,87
90,30
65,25
185,58
14,89
211,71
19,6
17,83
148,42
56,72
115,37
141,9
23,11
85,11
84,159
37,59
26,10
30,83
62,7
18,60
42,9
79,18
18,18
17,47
56,7
49,5
36,4
97,86
43,93
91,101
105,52
107,15
36,8
62,12
29,164
29,12
108,59
52,30
166,28
79,27
30,17
17,69
198,6
77,33
51,28
65,28
177,22
18,53
30,53
86,158
77,156
33,92
22,8
88,7
24,104
174,22
109,24
19,3
64,49
279,12
19,12
31,18
45,75
170,52
93,18
15,43
84,50
99,21
74,65
41,5
165,77
20,9
60,7
83,174
95,27
147,36
21,118
14,4
52,53
16,3
79,92
41,18
68,51
15,24
91,9
20,12
153,5
92,55
93,4
159,16
201,54
15,3
29,157
79,44
164,5
156,11
45,19
74,97
132,90
71,9
27,67
18,14
29,21
29,68
33,25
181,81
15,27
137,50
22,70
68,39
22,48
69,18
42,12
16,26
24,140
152,61
69,40
247,16
22,27
41,22
172,5
98,4
43,25
20,17
101,3
35,25
168,5
30,85
167,2
22,26
54,8
84,15
29,3
34,86
26,7
18,18
55,18
46,3
145,70
20,55
40,227
75,125
51,33
39,38
70,159
94,59
206,58
17,13
37,103
62,5
27,13
56,52
69,31
40,9
78,46
40,27
42,9
50,110
111,17
18,66
42,3
46,16
119,30
22,12
85,172
69,27
68,5
202,59
51,40
29,51
25,49
73,22
35,29
127,70
93,46
115,154
141,108
37,3
94,3
113,14
28,16
122,48
60,41
33,2
32,6
104,10
18,56
111,90
36,7
45,61
26,51
78,170
67,14
42,20
36,12
70,67
77,47
26,69
28,12
90,2
50,32
150,149
114,40
19,23
238,7
84,56
26,69
55,4
172,22
21,38
71,112
48,64
26,2
38,5
114,64
66,38
73,60
62,39
23,32
44,86
40,62
45,180
151,24
63,123
32,44
58,28
176,34
33,5
29,26
60,4
37,57
45,30
31,36
108,69
68,14
95,62
54,25
43,65
24,75
24,42
39,195
70,110
77,7
137,33
58,183
115,20
74,66
21,12
19,6
59,9
92,25
17,110
21,76
27,8
28,17
24,62
88,24
17,3
58,131
31,8
106,108
35,80
41,20
21,73
15,19
24,45
119,11
15,75
101,16
52,17
190,67
36,51
42,57
56,21
119,11
23,42
103,38
61,21
54,8
86,4
27,41
148,226
100,30
111,23
14,9
69,35
103,53
97,6
45,37
70,64
20,52
46,10
82,11
86,30
179,67
63,7
33,48
15,9
92,9
179,11
34,28
68,7
99,41
245,18
21,58
16,19
67,43
111,76
33,3
32,78
16,17
32,95
199,38
88,5
86,4
31,79
48,55
18,52
25,99
19,112
77,10
26,98
26,20
98,25
55,94
62,4
22,73
21,32
36,19
96,114
20,83
43,211
90,43
81,49
31,53
40,13
20,91
36,66
137,43
29,3
48,17
22,5
31,18
27,9
102,11
119,104
18,25
26,8
57,24
20,14
29,38
73,64
16,33
80,27
38,15
102,42
68,25
38,15
112,12
34,40
88,45
27,68
41,38
40,69
32,42
32,13
92,2
95,28
80,16
87,16
49,45
39,173
145,48
45,114
118,23
45,71
87,4
100,4
114,33
57,8
48,2
31,60
37,41
38,68
69,36
14,3
70,90
80,93
105,16
51,83
25,30
113,66
152,48
239,64
47,92
14,29
118,124
48,7
169,34
52,22
46,125
183,34
24,66
35,37
163,18
86,217
103,23
16,17
38,28
179,19
45,50
21,40
143,4
17,82
66,30
55,63
48,3
31,91
69,46
135,38
27,3
40,8
55,3
30,78
99,13
38,10
64,44
34,21
64,7
66,19
16,39
32,28
44,15
110,28
138,8
158,13
182,25
47,107
41,4
75,70
69,76
131,17
23,64
62,30
42,12
38,76
31,25
113,106
28,21
25,30
121,17
96,32
45,72
153,60
20,91
25,46
107,92
73,5
90,19
51,64
45,7
26,37
138,103
14,31
88,15
14,77
60,201
128,11
94,3
26,45
16,21
44,28
26,6
50,10
41,35
81,40
66,10
59,12
72,34
78,62
48,18
73,3
39,5
50,4
123,13
34,23
37,121
21,18
100,16
29,43
138,86
49,27
20,19
78,11
61,48
71,74
54,6
42,8
31,11
111,53
120,60
34,55
51,66
74,11
46,18
28,19
18,78
159,75
35,67
106,57
15,22
155,19
112,44
42,21
45,4
50,6
20,12
30,3
38,7
46,46
104,19
52,25
112,35
52,43
84,21
24,43
25,28
62,5
80,32
57,69
74,118
95,24
89,53
41,61
73,22
56,22
66,47
15,88
305,6
34,21
119,33
82,93
47,122
39,99
46,9
159,39
125,36
70,15
54,25
17,31
19,55
31,28
131,31
72,125
31,42
20,98
23,97
30,12
58,93
49,18
17,9
46,25
38,6
24,106
20,2
19,79
18,25
58,25
50,18
47,33
33,15
97,20
165,68
112,59
20,6
21,39
109,46
58,8
26,64
109,61
21,42
73,10
28,13
35,99
62,62
158,14
90,78
131,26
25,55
143,5
25,3
32,35
99,2
39,106
138,6
34,29
168,3
26,17
51,27
47,129
29,93
100,24
44,75
35,15
185,60
57,45
38,7
35,15
36,33
103,90
79,11
26,7
14,121
18,23
27,51
107,59
49,26
110,10
73,74
134,72
184,6
108,18
15,36
72,90
95,11
76,4
53,4
57,30
153,74
55,12
55,8
46,32
46,11
77,32
19,31
68,46
24,142
173,20
72,55
27,9
137,30
24,36
37,47
104,41
53,38
112,38
163,18
22,20
28,112
97,12
66,7
38,51
174,43
43,9
101,19
33,34
35,13
115,8
99,66
196,116
104,56
32,3
35,32
32,63
42,106
166,68
19,8
73,51
85,24
27,20
157,70
108,13
23,13
47,87
16,97
23,103
27,37
56,58
76,67
20,15
31,3
47,68
40,8
125,4
68,6
27,20
46,76
101,65
72,5
53,35
69,54
26,18
132,33
45,56
107,9
87,11
17,62
59,5
17,98
19,9
18,17
25,19
156,61
160,14
41,14
86,29
61,21
30,27
19,5
75,46
153,8
17,37
48,7
77,28
15,4
15,4
92,4
88,44
30,30
24,14
79,162
208,30
62,14
62,107
38,21
110,11
14,37
135,19
28,3
14,35
21,116
46,55
105,54
50,21
38,9
24,71
25,28
180,30
41,60
63,13
110,11
33,14
64,12
46,70
39,16
128,9
25,84
155,114
32,83
71,33
53,23
96,9
172,22
64,92
26,42
112,44
120,64
209,76
112,14
19,22
114,104
17,5
67,80
33,18
17,26
37,30
69,50
126,6
61,29
96,15
32,23
35,42
146,7
155,94
63,44
19,24
37,11
76,201
73,72
79,8
39,107
20,53
20,62
76,10
28,12
193,91
42,44
116,7
159,5
17,24
25,60
147,20
41,2
48,24
69,104
16,35
188,37
109,56
33,107
21,14
100,62
43,10
80,60
103,45
139,6
110,12
36,67
32,70
123,27
64,4
52,49
33,52
16,35
29,5
51,7
20,76
70,24
86,46
64,18
20,66
51,6
101,32
59,3
167,3
17,36
15,32
50,9
51,24
58,16
32,35
19,91
16,38
196,10
126,138
39,13
61,4
56,24
43,21
65,9
45,69
22,3
48,76
165,29
77,15
46,121
15,2
22,90
40,24
15,6
33,52
18,17
33,13
28,31
40,38
19,30
18,32
61,47
68,18
41,6
18,23
143,12
50,60
25,43
17,6
49,27
87,89
106,7
23,10
20,3
55,51
47,42
99,39
35,6
49,113
15,34
22,11
93,17
158,22
51,85
28,28
136,20
126,14
58,15
21,47
19,120
24,7
82,19
98,6
43,9
184,7
118,78
135,21
191,33
114,29
185,105
23,34
51,31
15,40
115,53
26,17
21,21
61,78
55,11
67,39
37,29
56,29
92,65
70,105
59,108
53,59
45,3
99,33
27,41
23,94
172,11
63,9
36,71
19,90
141,35
26,11
15,6
128,18
30,24
27,106
57,9
61,113
75,53
98,63
31,12
19,3
89,36
52,8
52,13
113,52
110,36
37,34
92,82
21,65
116,26
55,58
151,19
62,61
67,4
25,120
80,3
28,25
107,7
40,6
22,12
59,15
81,13
38,6
17,85
74,92
62,4
16,30
34,50
91,227
18,36
80,59
62,74
175,58
104,37
42,20
74,29
18,137
111,36
79,11
16,83
213,8
22,51
17,121
23,32
86,5
74,32
52,45
22,38
14,9
52,10
85,19
29,19
112,39
115,47
57,107
32,41
63,12
51,4
50,26
73,17
93,33
79,53
21,11
18,35
82,51
94,36
22,45
75,11
15,34
36,26
110,37
55,24
48,20
17,11
40,38
20,21
107,46
305,89
42,48
43,35
156,34
73,99
78,42
56,19
32,4
23,5
20,15
114,81
42,25
159,105
96,3
36,27
29,84
82,3
101,30
195,82
42,17
33,11
19,4
117,112
182,64
96,182
17,25
116,106
76,26
122,10
125,50
129,3
25,17
119,8
56,50
50,3
39,40
34,8
40,17
49,73
29,84
46,37
35,9
52,72
17,32
74,22
27,105
61,7
71,221
127,101
104,12
93,129
41,100
49,8
15,12
86,125
86,64
57,5
83,29
50,45
94,11
28,118
99,36
16,7
52,47
37,19
41,7
178,11
33,5
73,11
54,24
40,11
17,30
19,13
25,21
53,5
84,4
19,71
37,4
113,35
121,14
91,16
15,30
158,5
19,41
39,152
21,32
124,7
47,20
34,11
160,62
33,17
91,26
82,27
158,29
55,5
18,80
34,38
70,33
27,67
15,73
26,40
57,68
15,32
17,85
48,112
32,7
180,17
175,81
60,46
50,57
34,29
65,77
123,11
157,172
83,66
79,35
54,26
65,13
89,68
74,11
42,125
40,16
67,21
44,2
50,22
97,5
39,52
37,19
35,14
168,20
17,31
57,41
160,28
147,30
164,35
30,128
28,42
82,2
16,9
16,64
48,28
74,20
145,9
190,27
48,40
42,30
102,16
77,31
39,30
88,110
97,10
15,92
133,60
65,28
19,86
53,71
122,4
45,58
40,17
27,51
58,9
194,49
260,20
20,50
157,77
74,18
59,15
106,7
19,30
23,84
25,164
58,181
49,22
41,12
16,12
91,46
38,33
79,19
135,16
26,10
205,26
88,8
26,7
39,16
17,9
78,5
21,15
33,80
111,31
78,89
22,77
40,32
15,10
167,50
16,12
56,20
36,55
31,6
24,22
85,8
108,2
47,121
53,108
36,4
120,86
35,45
105,16
91,68
32,22
14,49
74,71
81,25
21,63
20,17
49,4
28,36
33,42
46,65
30,9
79,3
33,49
241,27
120,14
15,4
87,72
45,8
172,2
37,30
40,16
24,7
27,110
193,21
150,2
99,52
223,14
21,28
44,36
31,15
88,3
68,25
40,72
97,58
71,10
26,11
200,53
23,53
213,87
225,31
96,35
20,3
65,34
58,24
18,31
73,2
34,21
32,30
17,56
17,19
153,11
16,65
110,25
27,14
22,46
29,21
138,106
70,46
56,24
56,129
122,27
153,44
125,29
214,16
33,44
74,15
18,7
25,68
109,22
80,157
27,47
84,62
28,23
17,27
21,89
61,15
20,106
20,49
27,32
100,20
52,6
26,140
62,22
64,18
226,70
14,25
164,21
38,87
25,136
81,49
65,39
97,164
29,76
17,4
15,4
29,56
168,5
182,13
30,88
92,123
62,5
25,3
36,27
87,49
58,4
87,28
47,67
37,19
39,3
44,4
53,8
157,57
33,58
245,5
39,34
127,34
43,3
61,13
15,4
47,43
71,45
184,140
154,46
18,55
81,38
23,41
59,98
20,36
35,20
19,11
73,26
28,48
45,54
143,175
26,14
19,74
18,27
255,35
28,172
162,55
58,3
123,7
42,14
179,198
133,21
150,38
25,28
22,14
41,33
57,8
53,7
60,20
42,51
85,25
31,12
42,55
39,17
72,4
268,8
17,45
100,13
17,21
19,44
33,8
15,30
77,74
26,14
76,45
96,10
51,32
24,15
49,11
37,10
124,113
17,10
49,32
43,24
27,60
21,44
39,125
61,82
169,51
125,7
19,119
14,149
17,15
112,36
27,3
36,37
94,9
23,66
115,56
22,14
62,27
115,31
48,16
110,13
15,48
26,6
24,22
240,10
22,8
31,12
23,37
49,98
195,2
28,21
27,33
50,86
80,18
102,29
63,4
68,71
69,19
18,38
74,21
51,59
49,18
87,7
16,83
93,23
27,50
204,186
43,23
45,15
88,37
33,82
141,136
30,25
193,6
176,131
130,14
110,2
30,46
21,43
41,39
47,77
36,21
49,53
80,22
16,48
61,59
49,12
170,5
44,39
26,44
20,207
48,62
53,54
14,19
22,68
60,40
44,29
119,57
81,92
86,54
50,5
114,55
75,27
31,115
90,11
14,57
66,36
38,16
19,27
198,60
31,56
47,25
21,25
22,5
46,10
89,210
18,54
19,100
71,3
60,14
60,15
110,117
77,46
42,17
57,4
77,87
21,61
24,9
22,19
56,9
176,16
14,19
30,42
21,4
51,101
38,9
23,66
32,25
55,12
22,82
48,6
52,8
16,93
142,71
124,19
33,70
44,54
27,9
21,10
35,31
27,39
52,118
22,37
14,19
38,49
29,54
97,6
69,72
71,153
77,28
59,120
46,62
64,40
116,15
63,14
127,55
81,21
97,34
85,61
97,40
63,13
18,73
22,9
34,27
63,92
49,7
25,7
160,2
65,60
21,113
24,18
65,57
51,5
135,10
87,12
29,16
53,14
88,38
25,62
142,4
32,26
124,132
33,20
20,28
91,34
79,30
136,20
56,43
33,7
48,54
170,11
158,29
58,4
79,61
31,50
17,7
21,32
141,16
17,98
65,17
116,43
41,48
201,15
82,28
40,18
49,47
70,6
123,18
42,16
33,7
67,51
120,18
32,80
30,30
41,54
23,5
188,45
30,57
132,48
250,76
230,48
216,46
45,25
50,64
86,23
45,42
50,13
20,69
55,71
30,8
17,11
51,87
102,18
26,55
51,29
175,42
45,11
38,12
69,46
59,4
80,69
58,24
94,71
109,53
128,27
40,6
22,2
24,58
23,55
40,230
65,6
107,20
178,35
199,37
16,11
182,9
94,26
22,15
62,54
46,77
118,48
109,15
104,90
194,108
23,39
20,70
62,20
19,12
38,4
46,59
48,14
129,16
65,47
27,9
39,39
56,75
132,54
17,90
23,38
60,68
48,43
138,35
72,77
101,52
16,38
56,4
179,6
68,41
19,6
49,31
30,86
91,80
17,19
61,17
24,8
85,2
17,43
97,7
59,87
34,37
58,11
61,63
81,122
109,47
79,11
159,66
45,65
38,94
21,10
31,8
38,12
69,59
18,61
64,4
85,48
26,2
60,3
72,7
108,57
184,51
30,124
77,19
41,20
36,53
36,68
33,98
66,42
203,6
14,9
91,99
87,13
23,78
51,36
114,4
39,15
38,3
26,73
50,2
30,15
122,215
88,4
48,44
18,33
154,56
26,84
22,16
29,18
78,24
23,6
19,49
87,106
24,6
60,16
196,21
27,24
14,34
51,4
40,17
47,32
28,47
35,34
21,19
42,8
29,53
34,17
27,69
21,82
37,14
57,49
60,40
66,25
79,43
174,31
32,8
72,27
48,48
26,82
166,39
29,48
51,5
40,11
69,72
17,2
20,7
151,78
90,6
60,104
60,9
57,19
54,107
77,103
40,20
17,22
72,71
28,29
90,9
229,12
68,18
15,14
72,23
25,20
25,83
60,73
37,4
61,35
38,19
66,20
77,7
73,22
55,28
54,75
61,5
156,2
32,53
98,70
29,24
54,32
18,11
31,105
132,4
27,64
16,135
56,24
37,128
126,68
94,18
44,65
27,36
194,2
65,83
26,3
80,33
22,209
23,61
56,20
31,13
22,35
86,198
77,31
49,40
77,68
48,4
36,56
33,11
85,34
35,24
55,10
169,4
22,8
48,9
160,25
117,32
65,91
30,11
17,25
41,44
71,10
44,18
77,5
50,48
85,35
126,3
68,23
17,40
33,36
40,8
28,90
114,10
33,3
118,104
110,4
268,8
61,39
69,44
64,30
15,200
38,53
43,7
32,12
65,2
160,42
45,3
47,27
52,85
128,48
41,6
126,23
18,20
30,84
138,67
19,56
16,60
33,59
48,115
25,57
71,7
36,20
24,59
20,43
27,12
95,35
55,33
18,116
51,30
22,5
19,9
32,7
20,8
29,42
87,9
14,74
24,85
86,32
31,27
47,75
26,37
18,108
34,16
124,90
81,29
38,25
54,5
48,28
33,100
61,17
67,15
39,43
15,102
44,42
64,3
166,119
98,100
153,104
80,59
60,37
37,34
16,13
17,114
68,5
233,20
36,15
23,9
25,51
23,26
171,60
16,138
65,7
71,14
26,7
55,36
51,98
42,30
50,16
130,21
82,65
58,55
85,30
156,52
47,4
43,24
35,41
30,63
28,25
26,16
53,8
125,8
31,19
71,48
18,93
43,12
73,10
101,8
19,52
76,119
18,33
34,47
42,17
43,48
16,5
15,73
63,55
79,17
32,26
125,19
46,42
41,51
194,39
17,9
141,13
52,15
62,57
117,15
39,38
21,13
22,10
39,74
78,33
220,16
74,37
35,17
57,138
59,18
124,11
43,92
51,19
74,16
43,79
21,75
102,27
40,6
25,23
33,73
35,22
57,74
16,43
99,22
37,3
142,72
233,122
51,88
26,50
43,27
23,11
21,31
48,61
15,110
38,6
155,11
22,24
62,213
22,57
21,38
29,49
49,15
52,31
100,23
19,17
19,71
109,16
20,38
24,23
53,10
38,61
74,21
44,25
32,31
74,3
93,91
65,5
37,7
43,6
22,39
168,84
109,53
22,38
28,55
175,15
81,31
140,32
22,20
54,10
36,11
63,33
171,126
41,73
18,9
28,20
73,22
116,26
28,63
82,24
22,78
65,2
69,47
90,58
108,14
89,28
101,60
19,131
21,20
34,37
51,109
22,23
17,44
15,48
51,4
25,15
62,116
76,9
49,10
19,88
28,104
36,9
206,17
44,43
30,82
30,44
67,20
24,5
60,38
44,11
28,28
43,29
47,7
66,9
24,57
56,103
27,54
48,14
17,52
66,74
33,8
72,111
53,3
50,12
113,6
41,63
32,43
56,14
36,16
53,14
62,51
101,15
47,92
27,15
102,8
34,3
77,197
203,12
117,29
59,113
56,6
27,15
34,8
59,38
32,57
15,24
111,22
20,11
26,41
57,40
27,54
15,28
30,90
24,81
37,14
76,20
18,10
30,63
25,3
65,24
87,30
68,34
41,22
57,39
77,77
92,11
134,18
72,17
44,24
28,18
66,20
95,64
32,83
150,17
23,51
21,11
30,45
52,18
142,5
104,53
32,34
30,7
65,55
16,42
155,130
258,11
85,77
146,34
84,89
107,18
25,29
159,11
34,24
137,31
73,33
97,111
36,36
66,6
43,52
14,13
136,8
34,34
262,10
91,110
98,12
36,12
25,22
151,109
62,10
71,8
100,103
35,15
19,69
19,17
16,13
44,6
56,6
26,18
14,37
45,72
18,33
111,17
97,49
18,7
39,27
107,8
157,46
14,10
50,33
23,11
68,11
80,122
16,31
140,34
69,44
83,6
36,33
82,46
82,9
20,2
128,62
120,176
17,76
82,27
137,3
101,8
33,4
34,38
21,3
88,163
111,18
37,9
17,26
36,52
147,141
119,9
21,45
180,10
232,44
36,22
51,9
51,10
276,5
28,11
153,39
65,73
49,52
28,32
44,27
19,3
46,15
20,40
192,53
146,24
25,25
79,55
40,27
43,3
19,5
54,45
25,28
46,122
28,53
49,14
158,23
157,11
20,38
21,138
31,23
86,57
229,16
132,6
34,232
55,42
79,3
34,16
44,199
169,29
69,2
26,9
18,19
78,37
76,37
40,10
19,39
29,40
55,39
73,19
29,27
34,24
37,21
58,69
232,17
18,33
17,16
124,15
90,17
86,15
49,14
21,65
37,37
164,33
39,32
54,45
24,5
38,11
27,139
36,3
79,15
58,7
15,25
29,64
35,11
36,28
20,77
108,58
60,42
40,41
36,105
271,17
20,20
14,5
24,4
40,17
139,62
69,12
54,2
121,26
49,36
29,7
45,17
29,21
60,12
56,151
36,16
32,41
38,11
246,17
24,39
79,62
41,5
268,32
42,14
61,7
153,19
86,5
40,59
47,56
47,20
223,6
77,35
31,4
87,35
112,45
27,10
61,59
178,7
71,15
31,4
40,21
78,53
17,64
104,58
22,51
19,40
95,6
40,27
45,64
31,13
28,46
37,56
83,113
77,57
234,80
35,18
17,53
22,7
36,32
97,13
99,3
55,30
29,32
21,7
116,22
55,27
91,93
20,34
27,70
44,59
108,19
21,12
31,8
45,4
177,25
99,6
16,42
37,16
37,37
75,50
38,70
25,15
45,6
37,15
16,24
16,15
62,7
85,21
101,13
91,59
18,19
19,2
54,11
61,32
74,25
45,12
114,71
39,17
95,14
17,5
118,83
67,35
64,40
15,31
64,98
195,19
145,27
14,38
68,35
46,20
37,25
58,74
69,33
16,5
81,69
24,5
15,4
138,94
68,39
206,100
93,60
15,34
35,7
60,9
28,2
67,7
89,8
68,6
76,49
23,36
54,3
29,20
46,23
40,9
15,58
58,12
15,52
82,45
44,14
86,6
101,6
138,3
60,48
94,19
176,66
17,26
60,24
43,79
66,6
74,17
25,65
28,99
60,29
54,34
136,19
101,6
32,8
141,57
43,34
104,7
135,42
58,19
26,49
25,94
35,19
35,7
108,11
42,9
38,16
113,6
154,62
189,54
31,43
81,36
14,32
33,7
67,130
70,206
70,108
54,8
110,78
45,120
80,11
89,11
52,3
25,9
26,5
25,41
29,27
79,26
150,5
75,4
31,106
35,117
46,77
34,54
27,55
250,25
98,30
46,19
16,72
18,6
46,98
22,123
98,78
45,66
15,77
59,8
35,10
38,43
111,19
110,62
63,73
111,149
17,54
60,125
48,24
30,67
43,33
22,3
123,13
120,77
39,14
36,5
14,5
70,40
175,51
35,51
74,52
28,5
59,49
177,34
20,64
17,38
35,46
110,15
228,110
25,50
188,52
38,30
35,20
17,79
61,51
94,9
89,8
54,11
40,6
82,78
72,46
42,92
20,48
14,69
26,39
101,19
37,38
30,2
20,26
17,45
24,131
44,44
45,84
82,56
38,42
15,25
89,33
89,7
24,34
93,7
246,9
22,25
78,74
76,18
62,13
29,17
150,20
15,17
41,68
16,39
29,26
87,11
75,32
64,2
26,34
38,10
91,71
40,32
17,81
35,57
32,17
55,57
103,90
53,61
16,10
56,5
63,48
29,38
88,4
39,22
50,9
35,145
121,42
79,118
41,38
136,125
41,29
45,8
23,34
68,27
33,13
16,18
28,29
84,85
86,16
40,34
39,104
46,52
140,12
59,119
40,81
100,34
38,2
51,6
33,64
40,31
32,15
101,30
16,97
51,41
43,130
20,3
70,16
32,15
47,30
48,6
18,22
24,41
31,138
58,30
78,34
158,52
146,54
117,55
246,12
35,27
23,5
192,30
31,3
19,12
14,19
15,22
93,44
28,53
128,13
47,16
38,12
64,30
51,37
25,5
29,28
40,14
162,10
42,24
175,9
36,11
15,22
54,3
20,13
120,55
29,182
211,18
178,18
41,33
76,5
30,69
53,111
20,43
107,28
78,18
100,8
26,15
67,149
21,36
96,30
23,20
141,31
90,8
52,35
42,79
88,17
165,21
29,15
17,26
53,12
68,102
18,20
72,116
36,23
27,49
28,155
136,15
83,62
235,62
22,32
35,10
24,32
28,7
162,20
28,77
67,30
20,16
183,18
57,158
139,27
37,2
34,54
16,34
76,19
53,24
94,29
84,5
214,13
89,19
179,14
42,5
27,96
56,21
77,40
43,77
119,4
68,88
104,2
34,42
84,26
21,65
103,39
65,64
53,12
74,8
64,8
60,49
63,12
32,161
44,64
72,23
100,51
27,26
22,12
165,19
36,24
80,131
19,25
40,30
40,129
261,10
78,28
39,71
270,32
111,88
94,29
23,18
38,110
16,17
15,30
45,2
175,20
40,27
48,35
76,66
70,11
82,37
38,9
22,6
136,29
62,41
44,51
29,35
52,53
91,10
45,47
113,17
52,37
96,21
100,45
74,60
24,9
55,22
41,147
34,28
73,34
79,10
15,75
73,45
96,21
34,76
19,6
32,11
34,70
41,67
44,4
29,22
24,21
74,24
84,15
17,5
17,13
21,3
24,41
29,16
106,19
103,20
80,54
15,10
19,97
19,134
48,23
29,15
51,15
178,10
125,50
87,52
56,16
61,43
16,34
198,20
14,50
137,7
63,57
21,59
89,66
20,8
80,22
17,23
20,58
28,8
77,18
61,118
19,81
91,11
24,28
101,26
90,14
61,112
179,27
55,41
81,178
16,15
46,34
68,16
16,41
57,9
45,10
74,93
36,36
100,89
82,30
111,60
62,20
45,25
57,69
54,4
67,129
31,30
16,3
21,30
69,102
29,52
30,63
17,11
28,6
62,55
47,33
57,2
16,19
24,77
43,51
113,19
63,47
95,57
30,35
19,25
24,5
79,23
122,18
37,62
49,47
103,23
165,14
93,122
47,26
17,239
78,22
50,34
19,18
78,80
58,8
17,8
90,59
289,53
90,78
91,53
182,62
43,80
42,25
109,14
14,60
61,22
39,98
104,5
93,44
33,20
39,6
39,23
61,4
14,39
101,42
44,53
22,74
80,20
17,57
94,71
25,4
22,127
19,17
22,25
101,32
18,37
34,36
86,35
180,6
101,23
144,11
246,66
18,68
48,20
26,26
36,3
47,67
88,3
57,21
20,36
116,7
44,20
22,32
99,56
44,38
87,22
34,117
83,3
51,21
111,100
18,36
136,127
15,39
172,28
84,7
132,52
48,10
128,25
91,8
72,8
16,22
160,49
83,34
27,41
102,51
127,52
210,16
29,45
65,9
62,204
34,33
120,17
15,18
93,25
141,112
24,85
36,5
15,108
51,3
229,9
30,96
93,27
120,88
39,109
142,66
38,2
36,45
98,20
103,33
195,6
197,35
88,25
114,51
21,8
42,22
32,100
71,4
53,34
80,5
33,56
29,117
62,34
20,184
51,172
114,14
21,32
43,48
42,34
112,19
45,26
17,5
71,24
51,20
70,50
81,51
16,57
124,6
52,46
43,32
58,7
129,32
43,63
30,21
52,5
35,72
65,85
56,111
17,33
100,19
133,22
17,36
62,28
182,141
173,20
72,21
22,11
64,9
45,60
35,18
40,29
55,12
66,34
246,40
75,43
48,23
59,10
16,21
21,38
176,5
95,29
22,43
80,55
33,123
46,109
45,3
27,64
30,26
87,8
81,6
65,8
282,38
84,26
35,35
49,31
26,13
147,26
26,15
121,47
36,13
131,47
168,40
30,35
211,25
104,50
16,53
19,23
45,105
70,13
120,70
53,27
223,27
84,21
46,63
18,28
42,12
32,30
34,6
17,45
49,13
36,208
38,140
83,2
103,48
55,51
89,23
21,74
31,40
103,3
44,8
117,69
104,13
207,10
47,88
54,25
58,38
49,3
126,40
207,37
31,22
19,23
42,27
60,13
35,46
22,97
61,86
26,45
64,19
28,10
17,5
23,159
78,18
106,29
158,36
16,21
15,10
44,17
30,97
51,27
135,149
22,37
24,18
47,83
43,48
118,81
36,132
37,112
180,15
19,7
47,16
27,65
36,16
25,78
113,123
43,36
84,18
128,88
176,16
23,9
33,32
140,68
105,12
21,9
58,19
103,43
141,13
66,34
23,21
18,71
116,128
34,9
17,18
100,20
108,8
92,100
204,12
117,100
75,10
54,36
167,11
70,22
19,91
177,109
36,53
91,76
77,19
84,11
19,48
151,2
23,7
37,98
42,39
25,4
40,24
138,62
54,11
28,94
25,57
100,38
29,94
18,73
74,8
58,11
37,61
39,23
85,31
89,82
78,27
38,25
59,11
24,25
33,25
20,31
54,24
32,14
58,26
60,55
24,23
84,56
59,47
48,51
153,91
37,27
32,14
45,39
16,42
160,23
112,44
40,96
20,31
49,25
68,103
113,19
59,9
83,40
24,61
30,33
36,17
118,10
88,139
62,11
40,85
51,14
40,18
25,18
65,6
34,5
25,50
132,102
27,13
108,26
14,5
31,4
34,61
29,73
128,17
41,39
18,59
128,8
42,24
41,48
31,10
18,5
97,55
129,5
59,2
27,42
15,30
41,13
19,26
37,46
33,132
209,66
86,26
70,38
44,27
62,3
49,22
207,10
20,42
53,23
55,60
51,65
41,6
51,141
63,52
137,44
142,106
40,31
40,22
19,25
29,28
15,43
26,33
148,4
140,65
47,68
112,16
81,33
103,3
85,17
26,78
32,23
23,21
77,17
130,38
70,15
62,43
53,4
21,54
68,16
35,48
77,17
38,42
44,91
18,79
21,96
24,69
162,43
110,31
24,63
88,46
88,72
41,126
36,8
32,43
21,85
165,14
107,13
48,51
45,26
20,16
45,3
28,6
157,40
126,34
35,10
24,6
32,47
159,37
76,24
54,10
144,43
123,39
94,6
26,29
46,52
147,20
62,15
51,145
24,14
33,4
121,32
66,44
17,42
14,156
97,35
84,23
162,15
134,77
21,58
51,47
35,22
18,26
62,27
18,37
28,76
46,83
41,12
16,10
61,47
21,66
26,46
119,35
68,106
58,77
17,23
40,76
17,151
41,18
24,45
45,20
25,103
44,5
284,42
22,111
22,10
44,42
52,15
133,7
18,44
51,36
113,30
85,16
110,13
26,24
49,5
73,37
102,11
79,3
20,35
51,73
121,46
35,28
113,4
27,12
50,49
98,41
54,125
58,24
41,45
38,7
28,10
104,3
29,40
87,51
131,5
60,25
27,151
92,18
21,56
31,15
66,9
40,49
148,4
29,68
115,56
85,100
73,49
83,15
63,14
124,23
44,68
41,22
167,20
114,70
51,20
18,97
39,39
88,3
58,95
17,5
42,22
50,12
21,68
82,19
82,10
48,12
27,15
192,37
35,9
121,153
133,76
20,27
39,43
32,75
83,28
99,33
27,10
68,30
89,130
180,16
90,25
15,14
194,15
23,32
24,9
19,20
84,88
27,55
118,10
99,17
20,27
18,89
71,28
46,81
91,12
104,10
45,66
17,7
22,54
17,19
15,12
50,33
25,84
26,34
50,22
44,3
17,5
43,12
123,2
26,37
89,98
33,54
41,52
35,9
58,8
28,13
60,17
15,75
57,84
22,54
25,8
26,84
15,71
42,45
35,15
182,57
65,55
46,20
60,81
83,58
27,102
62,92
44,20
20,25
22,7
118,77
105,58
54,5
117,64
18,41
107,31
16,24
206,33
59,12
42,74
116,42
32,10
32,27
17,4
38,23
93,13
91,64
17,47
16,6
32,4
108,53
66,84
31,39
60,13
35,9
111,85
27,51
24,65
133,39
41,23
52,13
31,41
72,17
204,67
73,30
70,88
254,60
172,36
47,16
43,5
98,9
36,9
42,51
25,9
89,19
41,14
203,4
47,3
58,23
52,44
27,34
107,62
266,13
51,22
21,15
76,5
90,103
22,19
16,8
35,9
28,34
90,38
25,10
33,26
68,18
37,16
122,17
70,51
40,27
28,41
22,31
14,9
27,26
49,38
61,29
98,3
219,19
17,35
40,33
26,66
30,84
61,63
147,17
77,53
71,45
57,20
67,22
24,22
17,45
43,41
51,98
87,9
84,4
21,199
132,20
151,16
50,101
30,34
80,50
81,24
21,18
46,73
32,43
35,16
29,3
59,37
22,71
149,23
131,41
41,49
89,34
98,22
52,2
21,26
33,15
85,21
155,3
17,51
86,9
37,46
69,17
20,6
133,66
28,5
27,17
239,47
39,5
25,41
76,9
94,60
176,169
45,5
87,22
36,24
46,8
16,42
20,53
23,38
37,14
16,7
136,33
78,11
45,64
70,58
29,36
99,13
54,141
19,20
69,18
32,4
41,18
88,129
23,9
46,13
55,45
238,19
21,45
20,3
55,17
20,74
67,14
157,21
22,70
60,22
124,118
71,10
47,10
189,88
19,99
88,48
24,19
70,3
21,19
90,91
68,101
22,4
51,63
90,32
46,34
39,41
73,60
150,37
35,18
93,15
137,21
28,58
104,5
84,30
153,45
70,22
76,15
31,111
107,34
116,61
34,11
163,11
92,7
42,15
71,10
152,2
59,14
26,68
84,222
36,23
22,19
41,158
22,3
50,22
139,60
17,13
30,50
79,12
68,9
33,51
44,134
81,10
42,38
28,36
24,4
141,36
33,129
54,64
60,52
25,97
58,30
52,108
46,65
84,58
83,28
158,19
34,13
50,38
97,174
105,15
166,17
62,3
98,126
27,36
85,17
109,15
47,83
19,18
21,4
34,47
187,15
107,19
28,6
23,61
66,8
64,91
103,2
16,30
52,43
56,11
106,79
176,38
62,4
60,38
101,39
26,13
54,22
37,64
194,12
165,24
32,72
46,41
43,26
19,5
24,3
20,24
23,26
45,12
86,105
75,8
45,19
77,35
71,11
41,82
161,8
178,6
145,16
138,4
211,20
39,61
158,67
85,5
22,10
50,2
15,29
98,21
121,34
38,14
29,7
103,41
123,34
18,53
34,16
109,36
26,21
31,33
20,17
84,30
74,17
21,38
27,75
26,42
42,17
30,29
75,61
106,127
110,47
29,4
45,67
65,13
18,5
220,3
296,53
189,64
98,9
41,74
69,13
23,59
46,51
51,76
24,6
47,37
38,73
124,32
19,4
20,27
33,58
128,21
83,3
96,10
25,2
56,28
65,26
22,7
60,12
120,21
17,11
46,24
34,30
37,49
128,25
17,7
29,16
75,14
97,141
133,22
93,86
30,39
49,81
15,4
48,73
42,58
50,95
20,62
15,9
21,17
18,30
15,50
56,25
30,93
44,12
34,50
78,43
70,3
48,66
31,16
30,2
146,95
31,6
170,7
76,223
130,48
110,15
62,117
164,124
15,25
17,18
134,33
58,33
51,23
28,28
25,27
58,28
52,92
63,23
15,24
39,26
19,6
62,21
58,97
92,74
216,6
68,43
227,4
45,90
33,79
45,51
54,26
18,121
40,33
27,66
16,16
18,19
206,38
45,11
107,20
37,48
162,27
123,13
31,59
41,31
93,17
46,9
15,4
41,12
117,26
21,19
62,21
38,56
21,100
55,39
58,33
41,24
27,12
35,38
28,30
27,4
70,44
23,13
105,18
91,20
106,89
89,7
71,62
116,17
24,46
57,23
34,8
23,9
19,44
43,13
20,3
63,5
75,15
120,28
115,96
50,6
57,6
68,83
179,30
42,9
34,32
62,24
55,6
46,68
270,5
43,49
70,54
59,44
87,36
48,16
28,18
53,69
20,31
42,25
58,53
45,182
70,23
42,77
269,11
71,37
60,12
146,111
115,136
121,24
17,86
107,103
60,63
16,35
78,61
15,155
245,34
102,83
24,39
50,45
14,19
77,95
24,54
15,112
66,26
40,23
18,15
44,9
120,37
83,13
31,10
36,22
46,3
61,22
16,20
28,34
65,26
74,3
119,2
25,45
27,26
30,69
48,33
99,6
41,14
31,177
15,21
125,33
96,12
92,59
46,44
35,22
77,92
44,165
47,35
76,63
73,54
121,17
89,27
51,20
33,127
19,20
33,13
27,13
27,23
23,35
36,71
17,8
86,36
23,25
80,6
89,3
47,60
51,61
45,34
242,5
46,7
16,38
122,19
99,124
32,55
69,9
103,94
69,11
47,57
45,56
170,28
164,4
37,4
19,149
49,6
15,87
65,40
61,16
70,23
25,19
77,2
33,27
150,171
108,91
56,11
33,8
19,12
55,5
90,141
22,23
50,21
111,18
149,12
177,65
49,14
184,94
15,44
37,18
41,3
33,8
100,19
49,12
51,19
46,4
26,126
174,25
50,10
63,10
236,54
83,16
119,58
51,3
32,154
23,83
28,9
44,20
53,172
89,44
84,100
39,37
55,15
25,41
65,7
22,6
26,14
129,115
18,21
85,43
99,4
78,68
14,6
41,13
35,35
52,24
113,177
93,9
93,7
158,5
71,2
78,4
102,7
46,7
94,63
78,67
231,8
51,31
31,15
46,35
78,31
26,20
86,16
44,70
50,36
54,27
38,211
39,65
211,4
148,3
68,12
60,90
18,6
25,14
40,27
46,81
56,42
26,45
160,8
39,40
58,91
81,87
138,70
60,37
112,29
17,4
71,77
84,17
28,14
64,5
19,11
51,25
107,107
126,46
33,76
33,68
33,218
33,16
113,7
26,135
70,11
58,15
79,24
83,15
38,77
186,7
53,33
45,29
59,29
62,13
38,79
102,97
84,27
65,50
49,122
43,45
23,57
35,46
76,21
34,51
87,115
93,16
52,6
102,35
73,16
202,21
23,12
141,55
71,19
20,33
137,42
115,77
28,18
102,40
63,42
273,164
18,4
71,50
15,21
92,9
51,41
67,16
33,75
59,3
58,12
64,75
96,27
56,75
97,7
132,14
42,71
46,28
67,21
39,16
152,18
20,12
56,9
37,58
61,77
105,67
69,81
86,19
46,44
20,86
79,3
105,77
24,11
66,15
194,4
93,62
64,101
108,5
64,83
128,6
16,30
39,39
119,59
82,46
16,202
25,111
27,15
29,14
84,147
36,18
122,128
16,32
46,44
15,18
55,13
43,142
65,165
17,68
18,143
140,8
17,58
26,101
89,7
31,162
30,29
168,6
64,13
33,16
54,77
57,36
52,25
173,42
36,13
27,3
29,28
22,19
42,46
101,11
20,19
39,12
53,61
141,32
31,19
28,64
155,25
33,41
28,54
103,18
51,3
57,15
137,89
50,8
91,9
19,8
151,3
31,29
154,28
140,28
65,23
25,21
62,11
61,32
23,7
21,78
29,43
27,46
15,3
20,18
41,34
130,59
101,51
87,20
66,62
33,62
76,15
34,6
26,44
127,16
37,44
64,90
181,24
54,17
25,3
19,118
15,29
73,59
55,36
59,10
28,35
112,53
72,44
186,56
74,10
20,5
52,25
68,47
44,7
35,25
37,41
66,7
82,8
268,16
63,3
34,37
102,7
42,32
30,16
19,4
96,10
28,77
23,73
63,73
21,21
24,13
15,9
36,18
132,8
99,46
204,62
46,5
61,8
193,33
17,18
37,10
15,10
15,94
16,3
21,29
60,46
40,7
38,43
45,18
29,12
127,59
175,4
193,48
54,47
180,3
25,17
16,18
21,63
22,9
38,9
130,91
31,7
48,7
45,9
155,30
36,41
167,26
109,3
23,55
126,18
42,5
70,28
88,81
37,130
60,51
126,19
17,14
80,44
51,44
57,14
42,5
86,24
37,13
68,32
23,9
91,16
187,81
54,66
30,41
43,68
64,14
32,29
47,37
68,17
63,111
54,73
44,43
53,24
143,117
135,27
86,25
89,60
90,9
27,47
80,17
35,4
31,4
283,27
15,71
18,24
78,7
31,4
54,5
30,19
52,39
25,31
36,106
51,3
73,74
127,115
43,16
16,10
45,33
157,3
114,111
47,36
38,3
21,16
21,12
40,136
28,114
14,41
107,12
60,13
44,8
145,30
20,27
17,5
45,3
49,40
127,57
27,10
75,6
28,10
66,75
42,52
142,48
76,57
23,62
14,71
118,81
65,7
65,4
43,26
85,16
42,68
115,153
42,5
23,60
38,10
133,112
113,2
52,79
106,216
72,37
94,40
72,69
42,31
18,13
130,114
43,20
33,39
96,57
145,96
33,27
20,66
22,20
128,44
37,18
90,112
64,5
60,6
100,89
94,79
49,35
130,91
32,17
140,13
60,32
86,28
70,25
41,6
157,23
18,53
64,35
71,9
26,63
86,123
124,40
56,11
53,76
17,18
23,7
35,24
45,78
27,128
32,20
83,102
72,15
111,57
145,7
77,14
14,34
96,5
40,47
54,9
16,79
14,25
64,22
94,34
73,48
169,35
69,7
201,67
64,57
46,33
73,2
163,60
35,51
83,32
103,52
99,13
20,63
22,4
62,35
71,53
105,78
92,14
46,15
185,9
103,66
233,15
16,66
31,5
114,20
30,44
22,32
117,44
105,36
131,20
132,15
100,6
58,11
35,84
197,50
58,12
188,15
28,21
26,8
43,22
28,21
66,66
48,16
15,92
58,21
187,13
231,6
58,43
57,21
43,99
50,82
32,24
53,42
57,29
73,26
40,60
56,35
19,49
30,18
35,80
91,19
207,20
15,7
22,43
34,8
32,87
72,26
127,2
53,5
85,34
20,21
106,18
199,20
67,76
79,24
85,37
124,72
34,35
17,45
56,5
111,61
54,55
23,28
192,5
131,47
68,33
168,33
22,38
19,157
26,6
26,104
20,17
83,33
58,17
26,7
50,89
31,3
90,45
30,15
55,45
17,15
15,26
108,11
151,54
163,20
27,46
17,33
111,9
50,95
114,19
25,38
26,10
24,13
43,8
43,54
27,169
72,3
34,13
47,31
50,77
34,85
168,85
26,6
148,64
27,4
155,34
40,70
41,24
21,68
40,38
33,108
91,10
28,50
47,115
15,10
20,3
38,35
47,59
48,18
20,113
57,37
80,34
127,4
68,35
88,32
68,7
68,75
35,16
31,145
77,10
32,32
16,37
30,51
103,28
306,18
47,29
96,31
166,22
100,9
37,33
145,63
170,25
18,5
94,16
179,38
28,204
23,4
131,47
21,12
133,109
26,27
49,61
44,35
54,122
18,5
31,8
83,20
24,40
28,14
21,69
85,94
31,3
24,4
20,34
38,37
104,3
37,58
60,8
20,55
58,38
243,9
25,13
35,50
106,74
24,55
50,33
58,5
15,16
42,14
21,53
40,18
38,21
54,34
41,5
40,70
96,9
92,9
36,52
169,15
49,24
61,4
58,35
65,43
45,18
186,35
30,28
27,152
50,20
119,94
68,33
95,11
82,6
75,30
62,2
21,180
63,27
38,47
17,12
24,84
26,23
49,9
34,31
29,73
53,27
209,7
136,37
118,55
19,16
36,32
17,3
42,171
75,39
45,6
20,138
73,11
47,74
65,32
41,11
58,101
34,16
35,72
76,38
22,29
74,41
29,61
84,62
93,49
262,66
223,29
121,16
83,72
43,22
104,87
213,36
17,30
35,15
30,14
42,14
20,11
39,27
26,3
132,29
42,10
22,12
26,4
183,19
93,41
78,57
73,18
57,113
44,6
23,17
81,22
24,104
38,35
19,130
102,2
59,65
76,81
21,21
183,59
19,128
20,2
48,30
32,26
56,17
26,12
126,55
29,44
224,32
58,123
40,15
28,48
32,16
58,162
78,3
102,61
42,15
43,29
31,13
75,30
245,33
24,91
35,24
78,15
62,84
82,11
15,45
19,4
53,34
38,37
26,5
43,17
21,87
171,14
36,30
33,122
167,25
28,78
26,9
86,4
54,35
73,8
16,3
70,89
49,58
83,4
69,44
108,161
23,7
37,3
75,34
50,20
31,189
44,48
43,26
46,8
18,26
52,19
44,13
50,48
24,6
276,85
29,79
62,12
38,3
16,42
73,54
66,17
47,32
53,28
49,23
64,106
35,51
17,70
117,17
33,212
58,14
48,62
78,12
31,4
37,24
113,121
77,8
84,16
42,20
201,4
52,47
21,32
186,26
95,142
114,169
52,28
100,99
39,7
77,119
37,47
29,90
77,19
35,30
124,58
70,44
122,11
107,52
34,87
30,115
33,45
16,19
28,92
25,11
204,37
31,3
23,23
55,16
153,89
69,27
47,61
74,7
49,70
78,23
17,38
45,21
20,8
55,36
36,48
30,28
24,59
45,7
107,71
22,76
134,12
23,36
157,13
44,16
279,37
64,24
227,15
58,15
107,42
27,39
75,108
72,21
25,102
124,12
89,12
49,64
99,3
26,39
16,4
67,23
18,45
84,54
108,19
83,32
24,10
136,80
36,43
48,23
61,15
20,20
19,62
87,21
156,25
53,5
27,98
88,40
64,15
107,240
28,6
32,46
14,132
79,4
85,18
20,30
42,56
64,15
103,13
29,28
40,50
70,76
22,3
33,31
26,11
22,34
28,24
69,51
25,21
67,44
24,54
108,66
44,6
76,20
67,48
38,21
14,11
69,13
116,47
31,26
26,18
39,97
34,10
43,7
117,7
29,19
111,12
44,15
51,4
78,53
18,75
221,30
34,104
100,75
129,66
79,99
36,14
37,21
64,17
76,23
226,57
157,11
48,10
14,7
111,52
52,14
38,62
42,76
17,191
127,50
39,3
17,9
44,2
185,19
33,17
15,4
14,23
76,20
53,6
34,18
26,27
24,30
33,66
52,11
42,4
33,29
28,119
66,58
38,4
24,6
69,61
19,58
22,14
57,28
19,150
16,94
53,57
26,18
41,64
21,25
16,69
50,86
33,51
280,75
81,123
54,132
89,7
69,8
46,11
15,38
26,9
120,4
67,30
16,49
44,13
17,13
88,48
23,45
219,65
43,28
23,50
15,12
38,64
30,24
123,15
59,60
39,94
22,54
143,34
103,75
66,24
107,55
44,40
46,69
155,10
50,54
22,41
49,20
45,13
36,62
16,56
25,18
79,100
45,53
17,17
20,39
52,9
59,4
55,23
19,18
21,178
39,73
79,27
64,19
20,67
18,16
197,44
18,80
136,63
64,35
29,209
32,6
59,173
52,21
99,13
46,47
38,70
143,28
31,38
96,134
19,28
136,25
32,14
25,26
48,41
32,5
262,16
26,41
92,3
52,23
20,98
43,16
36,30
55,10
56,12
21,78
37,103
59,24
41,29
138,44
19,100
61,32
17,39
103,23
23,70
150,12
16,4
52,18
17,22
149,113
15,83
29,5
22,14
117,4
119,33
33,22
98,31
109,8
37,4
18,37
26,15
14,45
194,10
16,65
18,19
23,89
44,15
95,44
141,11
44,7
47,33
75,108
41,75
29,2
19,26
142,19
22,89
19,34
50,15
17,205
61,59
74,117
66,26
16,7
64,44
90,86
16,43
24,12
25,75
56,41
41,104
92,19
59,5
246,22
30,30
20,2
35,55
33,6
16,74
47,30
35,58
39,6
34,4
53,53
19,80
238,53
149,12
95,46
39,22
41,57
205,16
41,5
27,131
34,4
187,24
237,64
15,77
43,93
22,42
266,22
40,4
79,14
58,80
19,27
35,18
18,25
51,18
93,14
41,95
21,32
38,11
29,44
77,26
104,34
24,24
53,30
20,66
36,60
66,31
105,7
103,36
39,13
51,15
23,2
25,7
38,7
229,128
51,9
38,7
37,8
16,41
39,44
108,3
49,38
78,10
40,16
80,6
89,69
105,110
44,13
167,14
92,67
29,137
19,26
34,3
16,136
18,69
63,2
20,9
122,11
94,3
104,4
66,51
44,52
23,6
45,9
21,55
147,8
28,119
33,51
29,42
94,41
20,19
97,101
42,9
77,36
64,36
187,21
153,50
23,25
64,57
228,10
122,42
53,89
84,19
67,27
95,55
44,41
27,196
21,108
29,85
49,52
21,16
64,10
18,5
167,7
55,57
18,5
34,42
165,3
40,65
60,73
26,22
24,50
71,61
120,111
45,87
34,17
57,84
98,43
223,54
83,113
23,70
55,39
140,5
57,30
221,2
25,95
52,24
45,38
118,37
98,63
18,22
62,19
21,35
280,22
19,5
33,30
31,27
70,30
62,106
62,15
34,40
21,44
22,11
47,22
14,49
51,12
29,122
21,41
139,10
116,33
53,65
43,8
24,87
39,64
40,67
41,42
228,18
69,63
15,8
25,101
110,28
129,60
33,89
38,125
52,43
59,8
161,39
23,46
42,41
17,61
61,13
52,6
78,11
56,32
74,54
82,99
29,8
42,3
40,103
21,2
65,38
81,18
47,8
57,59
23,16
104,24
59,6
129,36
64,21
71,50
36,18
181,28
219,26
76,66
62,15
61,56
177,7
42,18
27,47
186,10
30,5
47,120
37,70
24,29
24,84
162,57
15,169
230,38
45,19
24,16
50,35
47,63
17,82
16,22
48,49
53,84
29,37
45,20
105,7
109,13
96,16
144,55
82,19
56,10
20,9
16,51
92,28
31,28
58,96
35,25
26,29
26,25
190,11
20,30
41,33
105,30
75,18
17,11
26,21
38,63
87,37
19,42
40,3
98,32
60,3
37,107
25,46
66,28
49,57
14,70
37,56
77,9
45,24
142,59
48,135
116,4
34,5
44,33
50,63
30,11
32,10
70,25
135,97
16,3
69,82
41,36
66,46
106,127
170,91
54,71
71,21
74,2
56,31
46,99
17,56
142,4
19,58
138,39
180,19
16,27
229,14
69,118
208,24
15,16
66,6
26,17
35,8
114,24
61,60
63,91
126,12
267,40
118,108
169,28
36,17
22,3
74,82
38,45
28,62
25,53
76,6
295,24
44,46
44,29
18,18
44,38
24,240
34,19
77,9
148,9
71,144
26,58
132,15
49,3
18,91
25,5
54,53
22,35
85,5
39,16
17,12
84,101
62,43
110,71
25,28
51,54
53,4
71,12
101,73
21,76
49,30
46,85
72,65
23,35
53,65
46,15
19,83
217,8
23,2
18,17
35,89
67,10
255,5
22,10
19,4
73,6
74,66
48,11
31,55
59,39
117,40
35,44
29,9
69,11
48,48
99,10
190,58
60,34
108,17
66,14
19,15
72,42
37,7
55,14
98,10
25,56
52,24
175,53
60,8
77,2
30,19
56,10
32,10
38,15
75,40
269,17
48,60
132,28
30,11
107,10
41,16
45,18
34,26
28,48
41,11
159,68
63,57
20,31
28,11
59,6
53,18
23,120
34,18
19,45
80,154
23,70
61,19
30,49
33,33
32,47
157,18
14,32
232,26
141,5
39,14
38,6
20,21
44,13
152,28
49,95
155,69
85,32
48,76
50,11
67,16
21,13
27,4
30,38
44,41
92,99
182,86
68,34
70,8
16,9
18,17
80,104
36,2
18,19
15,21
39,57
50,23
27,30
113,20
91,44
26,34
22,14
25,11
51,20
26,3
14,16
35,12
169,85
28,85
68,29
25,16
172,13
86,91
23,18
41,20
19,20
62,12
42,49
175,3
22,6
85,86
19,106
144,2
43,7
102,5
67,186
18,67
34,116
34,7
34,72
256,40
115,11
58,33
19,11
47,23
93,9
179,21
15,48
18,31
51,21
60,74
106,71
15,12
38,78
23,53
71,28
104,30
193,128
19,37
29,12
31,44
186,3
33,79
158,42
20,47
95,96
18,28
125,3
64,85
147,23
125,14
21,107
175,11
44,14
97,31
21,48
30,14
79,36
16,61
72,41
19,31
89,12
26,60
80,7
29,47
47,5
86,38
20,59
34,72
91,118
89,27
122,63
32,40
48,69
110,4
80,13
78,22
109,71
42,28
39,32
31,10
20,36
40,18
19,17
43,6
83,86
39,37
29,44
32,12
26,17
30,26
31,43
35,4
33,12
119,6
27,80
55,47
22,20
44,17
17,45
74,13
56,65
45,11
90,39
41,77
293,18
138,16
69,48
16,91
23,16
29,19
64,26
22,3
46,10
66,7
50,52
128,32
14,182
68,62
54,47
24,45
15,31
141,60
65,69
30,15
38,42
17,4
83,15
27,37
56,5
17,44
17,46
60,20
40,42
62,21
53,5
26,20
180,25
136,13
260,16
85,4
64,17
19,52
46,42
95,15
59,3
43,81
27,35
36,14
293,24
64,80
28,19
58,106
25,49
93,21
91,54
80,67
27,36
18,89
36,86
74,82
24,78
99,21
129,23
15,20
61,29
126,8
21,16
215,41
75,106
46,135
51,29
38,43
51,43
18,12
35,10
18,80
32,28
45,9
15,80
46,33
52,77
34,86
18,86
49,7
61,32
54,59
42,39
16,24
85,5
62,4
42,97
25,50
98,11
68,18
16,58
71,9
53,17
197,15
135,96
75,13
47,48
77,5
127,34
68,52
77,18
41,71
23,49
119,26
102,57
16,16
14,7
182,128
34,67
17,5
28,12
57,62
49,61
52,27
66,45
164,61
76,24
78,12
62,20
58,4
60,23
14,3
41,17
20,103
15,12
36,28
22,21
33,77
131,9
28,12
88,83
26,14
69,77
59,19
20,37
75,64
27,11
193,49
97,53
15,8
23,55
69,41
33,30
78,61
77,82
24,5
59,55
37,12
96,102
60,45
43,22
30,50
37,12
51,5
34,37
71,90
69,8
31,22
31,35
35,21
42,5
31,8
88,16
84,7
40,24
19,11
19,53
33,42
55,19
48,16
14,8
88,37
304,15
32,103
47,12
89,48
22,20
175,47
29,23
46,20
18,88
174,73
43,19
188,23
178,37
28,19
80,33
251,31
14,43
20,23
78,5
47,4
54,138
107,77
17,23
25,18
30,6
29,20
169,2
144,18
14,21
45,46
97,33
59,18
47,24
68,15
35,22
29,32
114,48
44,35
31,15
43,45
243,40
73,3
23,14
15,19
90,51
89,30
19,111
116,29
19,58
129,64
80,4
77,10
89,33
56,17
20,18
33,6
57,59
47,31
62,17
37,46
38,7
121,119
24,53
34,124
139,55
98,6
190,17
52,12
82,12
34,172
20,3
93,41
72,49
206,37
18,39
28,10
117,26
30,44
21,38
26,85
75,7
67,63
170,4
96,42
19,13
118,66
104,60
94,84
60,52
71,36
38,2
64,13
26,15
79,75
29,10
25,4
58,39
38,11
44,16
21,9
50,32
131,35
23,33
35,15
43,43
24,23
83,9
37,141
92,121
46,13
70,6
24,82
48,25
23,25
22,2
52,31
33,99
76,20
156,4
26,12
139,117
73,18
18,3
87,32
57,13
65,15
36,14
161,3
85,43
39,41
26,14
86,29
51,11
25,72
93,8
43,45
14,27
56,52
76,66
63,28
213,11
31,15
54,32
98,68
51,46
20,93
35,30
64,100
76,5
33,37
39,27
146,18
29,47
40,4
47,37
88,46
73,15
239,4
109,27
101,19
78,3
19,43
15,22
45,14
15,25
139,78
22,19
32,16
33,35
97,57
30,13
101,25
35,28
47,44
56,3
17,37
39,32
19,39
78,28
49,42
187,6
95,25
32,18
45,17
23,20
179,8
56,62
21,106
31,18
59,57
69,100
49,29
68,13
44,54
25,58
34,29
37,16
19,33
43,20
32,34
43,17
22,84
87,20
45,53
124,20
38,47
82,46
23,7
16,4
45,28
34,22
53,17
163,5
59,20
58,22
22,61
24,9
38,4
30,87
21,36
110,96
28,89
34,10
75,10
71,64
40,37
96,13
14,17
34,29
20,17
46,49
57,22
104,52
90,25
155,65
95,12
41,27
82,15
45,49
37,57
23,46
51,11
14,84
60,21
54,86
43,16
23,22
22,33
89,9
98,21
35,8
68,23
27,21
31,26
37,43
108,60
37,23
94,50
63,5
39,116
56,4
23,15
39,56
86,22
108,14
101,15
59,5
25,15
36,42
67,9
19,13
92,104
49,69
159,13
65,72
36,20
18,61
30,31
29,14
118,44
58,31
97,69
53,83
27,41
35,6
48,23
61,28
133,25
158,77
33,76
28,50
36,38
65,22
216,3
19,2
21,27
43,9
101,112
18,75
170,84
54,95
20,66
59,92
52,25
42,21
110,10
53,17
139,41
71,91
142,51
33,4
46,18
298,37
176,95
30,40
64,12
39,107
32,38
219,26
17,15
21,7
167,52
68,36
16,85
61,52
26,66
223,4
32,45
31,13
57,12
156,33
48,42
37,43
50,25
35,26
29,42
65,22
99,47
57,68
23,75
14,11
83,31
92,7
39,17
105,19
46,65
67,27
24,4
30,47
65,42
19,2
83,17
140,4
29,81
39,59
89,78
76,152
51,69
31,16
163,124
36,2
48,9
102,42
41,202
51,15
63,11
33,10
86,24
23,39
117,3
76,16
43,15
125,84
54,12
56,3
65,110
161,182
22,29
16,70
18,6
39,20
61,19
60,58
82,3
23,56
231,21
82,130
92,26
96,18
38,57
79,102
29,36
49,16
21,109
78,4
83,40
72,5
130,55
65,34
16,27
16,2
121,41
62,35
15,89
91,37
17,3
21,30
17,46
69,58
138,36
32,27
64,44
126,39
114,24
27,34
17,75
82,51
165,184
81,15
31,3
24,35
15,7
140,6
62,82
18,28
27,19
21,22
54,4
92,70
92,13
25,4
69,26
143,16
70,21
66,42
116,16
69,4
24,11
41,21
36,51
61,18
32,6
30,3
77,123
34,179
47,51
23,44
37,36
209,22
54,108
37,8
55,17
62,25
32,10
72,60
105,45
25,17
84,120
34,29
15,43
22,62
19,41
21,16
99,7
53,55
126,16
95,126
28,19
30,5
48,30
76,22
210,79
157,171
157,12
53,14
52,104
28,106
34,49
164,44
75,31
50,37
28,11
33,2
59,74
43,18
21,60
87,26
59,101
82,23
15,67
22,48
25,8
34,10
69,41
22,53
130,5
18,102
132,51
31,13
285,13
58,13
15,46
188,54
49,55
16,4
58,48
163,66
69,9
73,60
56,5
203,13
57,3
70,67
31,141
211,67
49,84
75,37
77,117
68,7
135,8
110,61
67,11
47,13
48,15
58,15
42,101
304,86
48,11
43,69
77,12
66,25
105,3
75,28
102,54
176,139
30,31
40,23
136,15
26,37
57,164
97,23
154,19
44,4
42,21
87,92
21,17
20,10
83,6
107,80
21,117
26,25
183,53
94,3
36,50
28,34
56,27
77,13
14,26
55,74
31,6
41,67
48,2
67,41
45,108
66,3
146,15
66,30
99,14
209,62
60,67
17,5
41,46
51,50
52,232
22,7
52,71
50,106
14,49
46,72
88,17
67,12
95,49
64,13
24,14
54,33
16,75
75,87
59,36
26,43
119,108
92,28
46,14
26,48
22,44
155,2
53,40
33,59
18,14
120,56
16,29
78,104
14,2
81,74
23,190
51,78
124,10
23,11
21,10
46,15
33,12
53,101
24,31
72,33
32,21
51,6
117,3
28,19
20,23
190,2
73,74
23,64
140,9
171,15
46,16
40,63
70,86
116,15
36,108
18,20
27,42
25,3
126,45
25,38
18,15
24,13
30,61
24,50
39,4
44,17
19,118
61,5
131,6
19,31
21,7
24,18
152,79
60,20
94,12
22,52
35,3
28,75
110,74
48,31
106,9
52,6
81,141
45,18
47,34
34,60
28,16
33,5
37,25
16,7
112,22
63,12
141,9
70,62
107,2
19,88
35,52
46,17
24,25
49,69
42,10
121,26
37,49
19,3
20,58
15,13
20,3
24,33
185,44
27,106
51,44
110,56
35,101
24,4
69,65
45,25
140,38
49,7
24,44
22,6
92,15
87,84
19,44
21,50
21,4
48,48
71,16
107,33
38,7
95,32
165,23
60,17
88,35
35,25
21,30
58,4
130,11
31,47
43,29
62,9
47,36
41,17
46,12
74,18
25,49
65,30
30,36
18,154
21,20
60,122
41,86
49,60
106,153
77,7
23,33
97,21
67,86
27,54
28,14
22,87
83,52
22,53
63,48
107,39
48,50
96,25
33,57
116,30
63,54
99,24
128,4
95,210
16,3
112,15
75,80
46,18
146,45
31,11
20,42
32,73
89,8
44,4
51,29
42,100
84,125
20,28
66,19
14,52
29,25
49,26
20,95
101,84
25,49
17,2
81,117
15,30
26,49
15,35
37,14
81,14
42,41
19,32
217,13
48,6
25,54
169,30
27,49
23,25
79,68
105,3
26,48
92,95
90,13
68,40
120,21
31,30
53,51
15,112
170,183
212,20
42,17
45,5
19,31
16,31
97,26
26,81
35,81
40,142
81,58
17,25
30,28
66,26
59,20
36,35
23,138
96,14
74,3
16,8
181,27
25,24
225,16
28,35
31,4
62,49
67,66
95,34
53,30
30,24
43,6
67,23
30,61
37,38
20,16
21,5
56,87
31,127
82,27
75,73
63,20
159,84
24,12
90,10
45,41
40,28
137,132
36,28
22,10
48,202
105,30
52,79
23,58
135,6
98,74
70,62
43,66
71,27
27,33
172,61
93,3
185,21
26,10
21,15
18,4
39,51
32,9
50,7
19,22
72,43
81,7
36,15
184,26
23,83
142,65
28,12
79,24
58,38
101,54
50,13
147,6
156,17
32,26
273,49
45,18
72,23
76,11
37,8
99,89
85,18
103,26
34,46
32,11
115,12
16,74
16,34
19,12
162,28
60,10
281,50
19,25
58,80
41,8
36,12
49,12
72,16
20,17
37,43
107,41
50,14
56,33
16,71
282,64
33,19
42,11
34,103
16,15
16,150
23,57
31,7
61,36
20,13
26,31
19,87
26,76
36,41
91,21
54,5
66,62
64,11
68,67
64,5
49,22
16,25
31,21
33,27
88,64
47,16
22,5
78,24
23,41
63,18
48,44
54,95
53,16
163,16
100,22
106,20
32,17
40,70
101,54
58,43
49,26
62,8
30,17
66,73
56,9
173,31
59,61
15,55
68,9
46,12
16,3
226,40
23,49
31,14
31,13
94,18
86,39
24,65
121,9
190,26
103,2
27,54
29,14
27,32
96,91
46,40
70,6
16,48
24,29
40,157
80,8
49,62
35,13
157,43
41,28
164,15
222,4
16,6
95,56
21,13
78,13
67,19
102,94
97,23
67,64
18,80
108,57
19,21
19,139
80,222
144,190
50,14
101,61
57,43
38,10
298,14
20,7
83,140
40,27
71,42
34,12
78,25
61,9
18,30
30,10
52,22
136,162
30,15
34,30
19,51
26,97
158,31
51,42
86,23
107,18
17,60
17,80
51,63
16,77
19,24
20,61
57,32
20,64
106,8
26,6
47,8
29,40
23,43
18,50
84,6
49,37
23,67
37,25
34,77
86,44
42,6
47,4
139,61
57,56
23,9
57,9
199,43
31,11
63,63
72,130
27,11
23,24
88,16
41,12
74,13
198,156
40,75
133,42
36,5
100,127
119,41
95,54
38,43
21,16
70,85
102,25
31,5
63,63
195,79
60,15
64,26
42,3
69,17
32,9
22,7
24,10
50,13
42,66
20,4
101,47
20,32
53,90
72,42
20,8
54,55
32,63
65,53
85,22
26,57
44,21
69,82
63,31
76,11
15,30
16,21
24,28
20,154
33,5
48,63
24,24
104,58
124,19
75,87
34,56
93,26
77,127
17,7
67,6
274,16
143,56
80,18
130,41
35,14
128,17
15,10
21,70
120,42
171,12
33,32
64,83
47,59
89,14
66,25
53,218
113,42
62,24
63,112
68,146
145,10
79,32
92,35
81,67
22,25
48,73
59,79
39,87
201,19
26,54
33,20
114,122
27,103
115,31
32,3
24,29
108,18
164,30
23,50
19,25
96,230
196,37
138,27
47,42
68,14
28,29
48,8
82,33
28,77
110,8
133,54
16,42
71,34
26,28
62,10
172,21
35,39
16,30
99,7
165,3
122,56
171,10
202,33
31,41
29,38
26,116
38,63
115,38
27,38
56,114
140,12
30,41
34,50
73,21
61,23
27,9
114,37
52,33
56,37
146,13
29,5
79,8
41,56
26,17
65,38
67,87
84,98
32,17
43,46
18,107
31,95
147,109
171,29
36,28
89,11
26,36
38,5
14,44
48,33
39,4
132,37
30,43
58,10
27,52
24,31
32,11
16,7
75,87
23,156
41,5
28,70
21,4
48,29
116,31
21,8
138,48
40,5
107,4
28,85
178,3
24,13
17,3
84,17
58,10
62,11
56,8
16,8
89,11
29,68
17,33
20,60
86,32
36,12
50,11
22,44
193,49
40,7
35,3
96,6
16,126
25,53
15,9
62,40
78,30
56,18
143,26
15,12
110,106
105,121
38,2
153,14
31,60
20,66
84,26
17,24
39,29
30,155
83,12
15,10
30,8
25,5
15,14
50,9
162,5
78,2
83,71
43,54
46,98
31,7
96,70
46,47
110,10
44,53
36,80
57,3
41,19
67,25
31,122
128,27
28,16
17,29
134,74
218,112
29,174
226,30
22,19
101,28
153,37
56,36
25,42
39,7
73,3
55,38
35,13
109,25
37,13
48,21
73,36
37,72
62,9
52,4
16,18
227,47
20,51
42,59
68,39
274,36
23,15
18,16
38,130
22,63
84,38
49,46
18,10
30,25
24,64
26,73
41,69
14,6
129,81
51,26
32,18
146,54
29,2
41,23
55,20
241,13
43,155
18,13
18,19
25,34
26,77
99,7
145,67
85,17
65,32
18,36
94,11
96,138
61,38
34,11
112,17
32,32
225,7
18,5
44,23
109,18
47,6
77,2
218,59
27,28
43,100
74,8
28,28
19,93
14,42
36,73
25,40
26,13
32,25
23,11
80,4
41,22
22,22
84,15
16,12
48,70
93,20
17,20
156,43
87,10
26,2
23,70
72,15
79,23
21,6
34,34
26,3
79,2
204,27
27,23
232,14
66,29
64,39
41,156
15,31
21,20
149,6
97,30
71,108
26,29
199,16
29,31
126,6
16,15
157,34
16,43
100,63
30,36
39,54
40,57
28,5
18,18
33,25
114,134
68,148
39,15
58,17
74,49
58,90
259,3
82,8
79,12
109,5
85,12
85,5
79,38
114,39
39,8
24,38
91,45
49,39
121,69
14,3
68,12
99,57
21,27
37,54
57,7
17,20
46,47
42,106
30,9
25,12
40,41
54,108
67,57
153,6
93,41
27,51
61,146
22,21
99,21
81,101
129,7
16,14
130,47
37,19
144,9
41,98
52,144
180,44
33,104
20,76
42,37
21,11
20,58
35,16
31,28
43,13
22,44
88,158
47,9
141,6
70,69
32,8
49,43
31,8
41,3
49,92
48,35
104,43
77,10
28,40
40,6
20,20
19,77
32,4
93,36
108,11
35,97
55,86
98,3
21,35
46,7
64,20
22,79
45,26
87,55
38,19
90,8
175,36
30,12
24,5
25,80
17,55
25,73
185,43
16,33
216,35
19,25
24,22
130,11
80,36
107,17
60,7
15,80
136,13
61,14
67,11
84,98
59,20
130,101
49,22
89,10
27,105
284,69
79,30
15,11
14,25
83,4
42,18
30,8
71,52
34,14
101,78
18,29
22,6
107,14
153,79
36,11
23,44
71,26
24,27
137,37
30,5
20,36
37,12
27,38
42,65
27,11
53,20
104,3
73,16
83,6
15,15
86,13
98,9
28,14
32,191
86,13
173,64
90,32
26,3
64,23
77,7
76,100
121,77
36,20
81,59
84,16
101,23
24,99
65,3
14,169
37,37
86,38
49,46
32,3
18,14
72,37
46,10
42,36
48,226
32,79
57,57
39,12
121,35
55,68
72,35
126,116
21,53
31,21
176,20
89,4
132,10
48,28
53,38
118,61
70,14
168,18
21,20
25,61
117,73
48,62
108,10
59,6
44,20
25,77
60,27
24,10
19,79
44,8
18,64
81,51
95,124
35,23
94,2
58,93
76,71
47,23
76,118
56,11
137,14
59,66
22,22
72,44
28,12
73,8
58,66
45,45
63,5
15,13
40,8
116,143
18,15
23,100
80,12
112,43
58,38
93,94
55,97
35,2
18,24
29,19
34,11
88,10
21,43
32,11
19,5
50,13
55,30
20,2
154,46
103,24
33,93
35,85
69,72
22,83
156,176
32,151
27,38
243,150
30,28
36,45
79,10
76,12
44,47
36,45
19,16
90,18
89,19
51,10
132,44
180,68
142,34
43,23
29,11
18,37
96,48
152,35
22,47
79,7
14,33
38,13
97,13
27,68
86,27
295,24
29,44
84,14
30,142
55,46
70,17
49,14
51,13
92,50
58,67
23,68
108,33
152,27
33,128
27,15
31,22
102,11
73,8
176,12
17,9
56,4
129,21
29,25
68,8
87,10
136,4
16,20
36,87
236,8
53,3
76,16
86,26
151,5
42,59
132,89
117,7
32,2
49,7
40,3
16,4
141,62
66,34
298,23
32,19
25,69
229,37
67,25
48,165
72,57
30,23
37,44
38,15
116,75
172,21
223,35
138,27
35,36
16,61
119,15
112,47
36,3
160,22
112,4
29,15
129,41
20,92
33,36
108,30
95,102
160,6
23,39
43,53
30,13
118,24
141,33
49,33
67,43
49,86
116,40
43,18
26,70
83,91
27,43
141,7
88,32
15,3
15,5
96,8
132,87
30,43
65,21
37,20
51,98
30,69
120,36
104,41
16,91
17,25
35,7
54,104
99,54
27,20
104,7
16,45
25,47
52,25
75,47
18,2
76,130
17,17
14,14
103,98
20,7
170,23
77,25
59,37
22,18
27,8
33,29
249,31
34,57
127,46
26,64
40,68
49,8
31,20
38,31
50,48
49,16
57,28
26,66
173,6
77,38
22,40
98,10
116,38
65,102
84,55
43,34
21,6
63,92
19,15
71,106
71,57
28,18
169,85
26,99
27,9
24,6
149,35
30,132
96,9
17,26
63,125
24,8
27,98
31,16
24,49
65,72
145,5
34,23
59,58
16,4
75,7
52,82
210,20
213,79
48,21
125,6
137,18
85,28
93,97
151,22
110,18
24,9
46,8
64,110
20,130
78,32
20,17
47,71
120,16
51,16
45,32
100,35
89,10
49,49
203,6
83,15
28,10
28,8
160,89
31,32
140,20
33,9
31,164
122,19
213,185
59,15
56,79
63,228
82,43
111,29
35,40
129,100
30,106
23,45
50,4
70,9
29,49
101,85
75,46
37,70
51,19
28,60
68,19
53,3
47,2
112,18
45,6
32,33
207,86
23,121
20,3
248,19
36,55
23,93
73,30
244,19
121,15
25,18
14,2
61,7
139,7
83,22
105,13
59,4
132,36
19,36
125,13
15,23
120,12
40,34
27,6
125,93
32,21
36,20
47,26
125,15
75,2
231,47
72,72
53,8
56,15
29,39
198,97
66,80
224,67
87,9
144,26
131,23
61,40
92,9
14,20
27,4
96,12
26,54
22,28
27,20
19,24
24,104
106,111
15,67
28,40
25,12
35,4
41,21
148,78
69,3
17,9
149,31
73,11
42,5
20,7
29,14
31,3
41,16
26,83
106,23
49,53
22,61
32,27
160,17
22,36
93,26
202,13
24,169
26,7
57,15
34,10
103,34
90,5
35,101
70,3
285,31
17,73
56,3
61,30
23,36
73,84
237,56
273,9
125,5
20,65
18,61
38,25
120,15
82,15
69,76
119,15
19,14
34,30
14,40
46,23
74,76
18,11
80,14
188,27
14,2
110,30
44,41
16,90
86,13
41,12
71,23
31,46
173,71
134,4
21,9
186,3
131,49
66,4
109,81
15,69
20,11
78,76
16,119
68,53
90,56
264,45
48,13
18,14
14,38
26,38
200,5
15,48
91,29
32,120
94,13
65,38
56,12
16,196
20,86
52,67
252,29
69,28
147,15
147,18
54,29
21,4
83,11
26,31
176,28
40,39
150,96
52,6
51,114
64,15
27,7
69,41
15,22
23,74
53,6
108,27
36,11
25,11
17,30
34,59
104,18
27,23
270,46
16,6
14,140
47,7
83,146
20,13
111,56
25,118
41,15
35,29
52,18
156,33
32,72
86,9
86,93
50,41
157,58
59,45
40,12
92,54
62,20
34,76
91,13
18,87
91,71
110,37
70,7
25,12
165,32
40,43
29,23
49,17
40,68
23,45
41,19
233,3
21,53
21,13
92,20
17,127
132,55
51,20
142,102
44,44
53,42
139,3
19,2
33,24
24,15
14,97
95,9
212,29
91,6
215,26
35,28
17,91
104,81
217,5
148,93
21,36
86,159
86,41
37,6
92,62
47,3
73,9
20,29
81,34
26,39
160,14
236,15
77,31
34,6
47,47
51,32
19,89
38,5
82,29
76,67
62,78
38,75
30,83
46,148
129,15
62,17
20,22
69,176
66,3
20,83
45,29
33,40
77,15
36,21
33,27
63,26
53,5
70,20
56,15
76,81
145,4
35,32
20,47
149,5
42,10
100,44
90,83
85,3
64,9
22,80
31,34
39,28
92,7
42,185
52,8
17,47
40,53
42,135
37,2
21,49
99,20
101,3
18,26
17,3
44,17
36,5
25,45
38,15
24,11
72,19
41,20
38,31
46,145
27,52
26,77
49,4
194,47
20,109
89,39
51,33
129,24
56,5
67,51
130,33
18,4
110,25
30,59
47,29
109,17
46,76
45,25
33,20
46,26
129,20
210,21
158,18
61,67
49,20
89,32
48,67
28,29
170,32
25,31
14,7
43,91
25,4
42,86
31,22
52,102
15,4
39,33
19,26
86,30
29,34
72,67
126,101
63,29
107,67
44,48
44,5
257,10
23,98
20,13
37,67
30,25
24,52
138,49
14,80
103,11
53,24
42,38
78,57
21,48
169,65
52,22
43,37
32,7
48,24
24,15
64,19
50,30
42,40
21,19
15,16
15,3
46,55
147,5
16,182
15,9
19,17
175,83
37,42
34,20
18,129
86,47
22,7
50,8
44,40
36,15
25,3
44,78
21,30
124,59
83,23
72,24
135,82
121,24
41,25
130,121
51,35
77,10
102,44
54,51
41,26
84,13
74,17
79,146
47,7
40,43
103,122
115,177
54,17
63,21
63,3
63,41
15,94
182,11
96,14
172,45
67,75
151,49
28,18
144,89
96,6
105,41
32,8
41,5
18,61
70,137
50,58
64,72
51,11
57,132
54,23
42,33
32,34
58,60
53,32
49,8
71,58
119,71
88,47
70,5
27,52
20,66
25,16
70,8
26,17
23,6
59,21
37,23
32,37
55,15
26,45
53,28
17,24
144,28
50,11
60,66
93,97
77,137
15,2
34,12
144,49
26,32
28,119
43,100
28,92
96,109
39,32
32,20
63,45
43,28
60,31
44,64
110,15
126,6
77,6
138,33
142,14
16,10
69,63
90,52
176,17
57,11
22,27
97,15
33,6
17,23
36,25
28,8
57,39
187,137
136,11
33,12
81,27
42,72
34,64
37,22
28,53
24,5
22,89
61,16
188,44
16,116
214,45
20,18
81,29
25,31
148,22
29,36
45,37
98,82
24,34
68,24
25,81
37,25
79,7
40,40
83,11
134,118
14,38
34,22
70,106
46,20
56,28
267,46
66,136
25,51
77,50
19,90
23,61
24,23
16,40
114,39
98,52
99,48
34,21
17,8
51,34
95,2
207,50
75,65
35,11
22,7
106,19
191,11
74,9
38,42
131,5
41,29
55,86
56,4
103,49
60,9
80,13
230,14
21,84
18,73
45,37
16,53
28,83
40,7
44,71
20,70
42,50
25,8
108,26
17,19
15,53
67,44
89,42
19,30
239,18
84,20
69,97
28,53
36,20
23,7
72,197
21,15
81,163
120,20
98,3
154,4
29,55
26,32
27,69
28,36
57,39
14,50
76,53
25,102
33,28
105,52
27,24
78,22
33,55
43,134
64,67
48,6
34,19
31,82
33,94
14,99
68,29
26,84
113,15
84,21
49,30
95,43
16,13
143,48
48,12
29,21
61,7
155,26
48,12
15,66
71,87
90,68
35,8
49,114
130,3
86,10
32,58
43,33
86,11
155,3
59,11
39,70
38,158
42,4
31,25
139,44
113,26
195,16
54,66
15,19
15,15
134,2
15,9
27,48
142,8
28,19
43,62
46,6
99,90
30,67
18,213
173,12
229,7
80,50
63,18
90,40
59,89
119,20
195,24
48,71
37,45
29,62
51,15
56,22
17,17
63,117
18,26
43,23
35,25
52,13
20,13
121,22
32,17
54,94
73,27
34,35
95,117
47,19
45,37
71,26
63,7
37,8
36,27
15,40
125,28
83,19
30,41
21,74
78,45
87,5
21,14
33,15
46,43
140,101
17,55
27,13
76,46
48,3
15,16
238,39
101,3
43,68
39,66
16,63
33,20
46,37
72,38
66,12
19,20
22,5
20,10
99,3
63,93
101,95
129,11
64,48
75,53
22,44
83,47
40,34
19,41
15,17
128,27
35,103
34,19
25,108
42,31
18,133
67,41
19,81
305,19
26,8
76,6
21,35
43,28
278,84
124,78
32,37
47,8
104,12
21,11
43,24
117,15
100,4
95,40
51,17
31,24
39,30
34,3
24,117
30,5
55,40
42,7
15,106
62,23
46,3
26,45
182,49
107,5
40,5
76,120
65,5
224,8
34,22
37,3
49,5
30,100
56,20
16,23
131,19
275,116
46,52
64,16
16,101
33,12
52,10
40,8
15,79
224,28
15,33
41,4
99,55
30,58
39,27
119,26
30,9
129,6
87,111
137,24
54,128
115,88
28,44
17,10
80,28
23,56
165,50
18,41
36,11
19,18
37,21
18,15
24,57
28,5
101,37
17,19
92,6
16,60
66,6
55,134
51,29
20,25
67,16
16,12
52,16
32,11
40,28
71,27
15,60
17,136
34,56
62,42
42,7
39,61
17,19
17,33
70,8
24,20
44,168
39,19
82,54
43,27
61,83
16,7
114,10
15,41
29,29
22,22
72,64
62,11
22,31
73,8
143,63
70,40
91,10
73,8
111,29
99,86
14,48
33,102
133,99
126,25
29,47
59,29
83,48
85,73
142,4
235,163
58,10
17,56
25,15
129,4
55,84
74,6
56,23
15,51
96,60
16,12
124,25
55,52
95,43
64,9
179,16
46,15
21,46
37,31
18,9
17,12
50,21
40,14
40,184
94,25
21,23
21,59
30,8
21,44
108,81
35,4
112,23
26,14
44,3
32,6
26,57
31,38
32,132
85,22
225,50
25,21
34,42
43,67
43,7
24,21
30,28
52,40
132,58
17,8
89,31
61,10
42,3
32,17
14,22
234,55
41,15
50,8
23,41
15,5
63,99
205,11
96,44
21,73
66,39
81,4
89,30
49,28
74,3
43,114
24,113
14,7
39,36
24,48
113,11
123,16
41,35
21,44
61,23
52,20
39,13
127,46
169,53
118,11
71,7
136,37
81,11
47,3
42,12
49,24
19,32
44,42
34,46
65,26
18,56
101,52
32,85
83,60
103,144
17,35
92,16
43,21
30,10
32,112
35,5
15,104
142,11
18,74
75,15
106,26
47,37
21,68
82,51
55,55
29,18
18,83
15,3
307,4
63,81
49,39
21,33
32,65
110,33
31,9
138,27
136,31
51,2
45,7
71,50
54,34
23,5
22,2
16,6
26,5
15,134
17,3
109,49
80,72
43,131
126,21
32,156
65,24
43,7
56,5
15,33
103,41
63,5
155,60
35,28
77,58
116,8
24,37
92,16
79,14
83,114
108,41
296,114
41,6
24,14
187,95
39,39
109,14
21,83
32,8
34,25
49,57
97,72
35,91
60,3
44,44
15,65
76,11
144,17
82,78
37,8
76,100
155,91
76,6
66,4
15,13
160,6
130,21
25,145
41,33
118,14
139,59
28,31
22,72
110,42
210,26
85,59
16,32
71,86
44,14
48,56
45,50
235,14
117,10
243,33
171,14
52,23
194,99
49,16
54,8
16,51
33,30
62,49
91,33
16,4
72,19
18,26
178,67
137,15
59,49
26,7
125,9
61,9
55,114
76,92
116,77
141,24
75,71
124,7
40,8
66,11
35,30
211,17
18,43
29,27
23,20
46,6
40,17
56,98
28,3
16,139
68,11
38,106
105,8
25,9
126,7
22,124
20,133
42,29
46,13
55,52
51,6
95,40
45,2
65,30
105,19
26,21
53,13
173,119
128,28
15,90
15,17
88,81
30,60
57,20
38,15
18,67
18,9
53,20
81,23
70,13
16,9
83,2
105,86
190,101
59,23
30,26
28,54
38,34
29,10
40,11
53,64
34,39
23,16
36,110
100,11
59,24
43,5
85,29
17,14
71,36
25,13
98,4
80,15
34,51
108,42
112,90
14,116
38,16
24,45
51,90
118,3
80,34
201,10
16,18
42,26
38,24
31,30
46,21
166,41
31,30
38,17
191,94
32,50
20,28
49,19
39,40
125,31
29,32
63,57
130,9
30,15
21,6
59,101
17,6
47,11
17,44
42,133
64,66
27,33
33,89
71,19
65,44
162,7
18,15
73,32
75,111
64,137
86,19
34,22
69,13
37,38
80,30
88,7
150,16
51,61
89,88
105,16
59,14
133,70
16,27
68,12
119,30
62,138
44,37
24,32
149,110
38,47
33,140
63,12
49,30
122,27
69,20
67,4
40,8
92,10
100,17
60,42
66,7
31,6
52,67
35,5
112,26
62,12
45,81
79,4
27,36
59,2
27,26
117,37
130,45
46,4
19,171
68,4
16,38
63,46
124,79
160,14
19,9
16,97
23,7
18,19
34,24
53,21
20,90
41,41
42,14
223,11
58,29
14,18
117,33
47,10
56,101
39,15
37,12
271,19
19,27
20,7
47,56
73,38
32,82
15,4
18,3
27,76
40,28
49,106
14,69
34,64
47,106
34,30
64,8
119,10
49,4
115,19
32,35
242,16
146,58
103,15
73,149
42,23
80,11
17,16
139,24
90,54
25,12
52,51
71,179
43,89
39,19
61,124
32,62
78,60
68,18
21,59
91,94
19,36
50,31
16,25
49,5
141,35
64,91
28,29
64,26
19,54
30,18
30,29
47,12
84,75
32,48
78,75
39,19
44,4
230,236
16,65
39,17
14,12
41,161
67,14
86,13
37,76
117,135
50,12
76,52
19,62
23,16
118,184
97,12
92,69
72,27
59,78
31,21
209,88
29,94
273,12
40,2
25,15
53,43
64,18
30,3
53,38
16,109
21,8
121,49
73,9
64,19
92,78
258,66
16,12
37,21
57,9
19,91
25,38
60,88
29,30
65,10
15,14
97,62
37,26
38,24
44,2
16,93
110,45
91,9
30,25
31,5
47,15
20,19
35,78
48,9
36,36
103,15
28,19
24,102
47,4
39,2
44,77
71,3
22,55
148,133
58,8
114,29
138,2
57,50
30,18
19,19
104,47
31,10
94,15
14,10
210,37
81,46
27,19
45,33
41,47
43,19
23,7
52,123
115,87
25,34
45,18
24,4
298,82
39,4
70,57
61,23
89,69
43,20
146,26
45,28
29,56
40,42
44,36
58,12
15,21
15,8
32,53
283,16
30,23
25,85
27,10
36,30
22,63
32,3
47,32
18,33
67,6
132,15
163,11
36,24
23,39
26,40
32,30
61,61
34,72
167,22
14,17
36,49
38,16
73,13
77,7
53,58
68,128
85,113
94,9
83,21
54,45
87,20
19,5
30,18
102,63
99,7
32,25
98,44
17,73
51,8
14,8
60,65
71,108
62,162
30,25
50,14
36,30
37,4
56,33
25,48
43,25
132,49
27,6
43,50
24,4
148,32
44,15
41,43
127,12
135,20
41,8
71,2
25,46
171,16
73,41
20,12
115,13
79,5
218,6
110,5
89,45
30,27
173,15
47,104
59,64
34,23
61,30
53,120
19,76
23,44
29,17
73,20
60,39
57,6
135,6
267,38
23,63
28,14
47,77
249,29
75,54
42,10
27,4
100,36
139,18
72,10
98,92
34,5
22,146
18,44
22,12
17,41
67,129
103,77
170,100
41,50
67,114
52,64
78,32
38,79
92,170
214,81
55,17
56,53
38,10
31,7
46,7
55,11
23,20
20,23
82,3
17,30
162,184
114,14
29,43
24,10
105,62
84,82
112,7
90,207
43,89
35,134
15,28
33,22
86,30
31,19
60,14
35,59
69,120
21,42
106,91
20,30
24,11
22,31
23,48
51,65
44,10
55,11
43,9
29,52
25,67
34,51
54,15
70,55
39,2
252,25
66,11
34,3
24,13
103,38
110,46
37,56
101,120
68,32
18,8
25,66
89,66
110,67
28,26
25,38
79,20
30,82
44,25
131,38
52,5
88,4
32,36
67,26
209,5
149,28
21,3
66,63
85,98
40,142
78,4
28,14
47,18
26,4
178,25
29,19
80,33
105,15
15,50
88,6
20,26
69,4
86,34
97,102
24,41
61,29
44,55
62,52
94,6
16,37
88,57
67,20
40,2
72,78
76,53
86,10
265,135
30,9
38,33
59,58
309,4
55,16
29,6
40,49
17,102
21,9
21,7
22,7
64,60
16,87
75,51
95,60
31,45
15,230
87,43
49,34
44,87
17,4
138,8
27,13
259,16
16,2
247,29
16,113
21,20
120,4
18,25
51,81
188,37
54,33
34,44
45,81
83,2
125,26
46,17
75,8
101,18
92,3
217,28
49,22
96,18
82,219
66,35
29,42
149,4
50,104
35,8
24,54
119,6
88,92
25,70
107,9
54,3
148,34
66,4
21,72
62,13
161,26
18,65
32,12
70,60
23,40
80,32
55,8
30,42
158,8
70,39
37,55
101,45
27,24
23,42
121,17
148,41
39,72
44,20
57,2
73,40
56,7
31,31
26,9
57,60
32,60
43,10
15,63
32,69
20,4
21,85
53,111
44,21
122,23
236,5
39,36
103,19
16,23
120,50
74,21
28,31
16,17
15,29
16,50
90,112
21,54
57,36
129,62
16,59
63,49
35,27
166,55
56,39
29,57
42,21
31,3
51,4
28,8
55,22
43,22
68,38
35,43
87,10
27,3
130,81
16,36
72,116
23,29
213,46
42,10
23,49
69,33
55,11
64,45
22,12
213,65
17,74
26,6
30,80
98,21
51,2
37,21
62,100
28,13
34,38
30,26
64,40
146,39
58,30
19,59
40,14
30,13
139,90
149,94
35,14
17,102
138,10
44,14
55,37
86,78
93,10
22,5
26,51
61,5
78,56
39,22
42,85
30,4
80,53
19,33
63,26
52,11
92,17
48,22
54,19
89,45
35,68
39,81
19,52
55,3
20,49
60,118
62,225
15,35
17,51
24,20
155,15
44,35
64,90
47,23
30,4
34,5
40,29
35,10
20,25
104,62
19,9
40,12
107,7
35,24
62,18
174,20
110,28
64,5
75,44
17,95
76,3
60,48
84,90
48,26
54,175
26,78
134,5
79,6
31,61
28,31
98,28
33,14
63,65
111,7
158,3
18,14
161,55
103,23
151,4
39,78
83,29
40,63
96,17
144,34
56,10
81,15
24,21
29,15
30,5
22,4
155,98
76,3
65,4
60,20
32,49
187,48
145,42
102,230
26,15
29,17
63,21
110,12
132,37
55,17
57,29
29,38
101,7
58,76
28,22
23,9
62,16
26,105
15,11
42,3
114,10
115,31
52,15
60,14
74,42
154,85
106,62
42,29
17,36
74,3
105,5
74,19
65,10
55,9
253,110
36,16
89,16
77,41
172,8
14,92
42,21
68,30
138,166
202,55
100,48
14,15
16,15
100,70
31,7
50,25
25,3
63,24
71,39
73,17
56,37
15,14
74,19
26,6
76,5
19,59
230,3
53,26
61,118
102,81
31,5
63,115
24,16
53,3
83,4
78,46
64,69
124,10
89,52
65,9
27,55
48,19
51,23
146,33
28,40
61,19
36,36
78,56
174,19
37,17
46,2
18,32
26,13
32,47
47,57
90,70
77,34
47,105
134,19
48,103
38,38
152,9
102,29
167,97
44,92
67,19
81,15
104,9
21,10
21,93
21,33
16,78
28,52
23,69
56,59
16,16
96,21
44,88
92,2
124,54
29,20
53,9
18,72
120,44
155,16
58,21
30,25
69,17
16,90
173,16
149,29
199,70
69,6
295,16
27,51
24,27
112,19
108,37
67,47
203,49
17,47
70,27
302,15
52,8
69,25
56,39
33,76
15,44
62,24
25,39
20,14
37,88
110,10
45,19
23,85
24,22
56,20
28,122
69,108
53,4
22,16
154,4
29,43
52,56
34,30
99,72
41,29
121,13
38,90
37,13
16,173
35,44
52,51
28,4
99,3
86,38
40,2
138,75
81,17
94,57
34,5
55,4
27,4
17,29
106,17
21,33
16,22
88,12
32,144
114,114
49,16
19,24
71,24
25,61
111,8
18,9
176,101
119,21
104,19
23,28
44,29
16,24
67,6
26,23
39,4
103,60
46,17
179,60
23,26
114,62
82,53
23,28
42,114
60,53
26,5
90,8
57,24
57,39
51,6
68,18
98,8
30,33
30,2
17,6
79,38
46,5
99,34
14,25
18,11
14,20
118,3
66,17
206,10
72,2
38,28
19,40
78,185
162,49
268,4
24,4
18,25
27,21
116,42
60,118
65,81
300,21
93,65
52,40
43,22
14,39
25,48
128,26
62,67
71,15
39,59
164,35
68,12
20,15
34,12
152,135
29,38
21,59
98,53
27,7
26,72
138,140
25,4
31,25
19,3
19,3
38,51
23,8
17,61
115,75
23,52
56,7
109,4
114,114
61,19
26,34
19,13
20,36
19,36
19,67
32,231
15,25
133,26
76,3
45,26
19,11
93,153
32,74
45,9
23,13
49,33
139,30
37,14
37,4
37,16
24,53
138,70
100,9
75,8
19,48
92,16
34,11
34,22
92,62
174,4
156,11
70,63
28,15
19,30
22,57
102,36
66,21
44,9
23,25
29,36
146,5
38,10
30,61
37,189
51,76
35,43
174,80
49,35
22,39
15,15
20,79
26,31
49,33
294,45
36,4
48,10
39,10
32,65
30,4
20,29
72,7
91,20
24,24
39,119
23,5
96,40
79,11
37,12
37,35
129,12
160,8
25,12
36,155
34,16
219,37
103,90
44,19
40,58
77,29
20,23
75,21
18,42
108,30
22,156
42,3
29,7
30,47
47,56
76,19
51,3
40,39
16,4
33,64
30,3
172,4
14,25
146,13
100,78
49,19
49,4
59,25
15,40
28,22
53,43
118,55
90,38
17,11
27,13
103,50
88,16
33,11
116,9
64,29
26,46
43,26
111,30
17,16
46,12
18,74
14,25
46,40
31,16
61,47
24,68
72,15
44,12
46,4
61,22
18,4
42,119
80,57
90,2
37,143
173,6
31,12
51,77
30,16
61,29
24,89
65,36
54,56
86,8
47,7
244,5
185,92
113,9
46,110
20,77
18,26
75,25
17,49
23,74
232,54
46,41
45,3
20,61
32,26
169,23
71,16
116,4
32,71
101,16
44,46
15,4
76,5
89,22
28,88
58,6
49,6
67,59
31,19
34,49
51,82
40,37
46,4
72,14
26,69
74,69
17,56
80,7
61,53
203,11
19,33
57,24
18,48
146,49
62,3
17,5
23,42
19,115
91,103
23,40
18,10
121,7
22,12
157,30
37,39
28,86
129,136
58,43
21,19
27,42
30,23
48,30
50,12
92,22
46,93
75,72
72,18
75,3
115,16
84,15
38,40
117,15
18,81
21,11
48,6
15,57
77,93
56,8
25,62
34,20
18,24
46,10
62,97
79,9
46,17
103,10
21,29
51,72
84,11
92,17
48,52
62,11
21,9
86,18
171,58
36,52
83,53
62,45
45,50
142,41
24,22
19,147
174,47
104,33
54,96
97,58
23,3
29,3
35,43
41,78
32,6
20,63
24,33
183,2
48,12
20,13
74,33
74,2
93,19
28,7
58,45
29,84
21,4
22,10
79,135
127,3
38,15
49,24
19,12
151,33
48,4
52,21
78,54
58,43
56,39
108,91
38,20
110,2
28,7
17,14
32,14
226,56
66,105
22,13
30,6
31,39
32,3
134,4
162,6
26,27
23,69
19,72
164,6
84,48
44,13
89,136
17,117
105,35
74,54
38,33
236,33
230,56
44,31
67,20
276,188
42,36
103,10
65,163
19,30
116,4
87,25
19,28
32,5
67,55
159,14
118,77
29,80
32,6
68,66
33,44
149,77
70,16
46,4
72,71
17,31
26,100
145,43
98,50
89,41
100,80
59,13
126,28
99,18
65,3
18,31
32,22
86,41
19,13
129,5
50,73
39,6
39,33
17,7
34,6
103,89
50,23
201,4
31,69
41,5
46,23
41,62
62,4
18,91
192,66
56,185
20,20
61,44
88,2
96,72
215,56
14,21
22,26
26,23
215,31
101,3
50,13
170,89
23,65
37,3
85,140
106,31
31,30
33,8
78,50
56,28
25,50
27,23
95,13
29,12
37,27
54,34
32,8
51,93
90,25
112,18
93,53
68,38
40,39
33,17
79,7
64,89
33,4
149,23
83,70
16,3
93,16
43,44
113,3
104,7
16,181
113,6
89,4
80,3
71,51
54,31
51,73
36,118
27,21
41,180
55,73
65,22
101,35
79,4
101,4
22,19
80,50
96,71
29,12
39,4
37,31
22,10
20,66
37,15
190,42
210,10
23,10
241,82
131,14
52,66
17,18
46,11
23,52
70,52
58,118
71,80
115,90
15,45
64,14
15,17
58,24
31,28
68,12
55,18
52,27
17,80
99,24
33,17
33,17
57,82
49,12
44,16
46,2
120,23
31,96
20,6
87,47
55,5
62,9
140,34
78,4
184,61
23,85
92,23
35,2
38,38
93,2
81,30
36,37
79,25
21,6
129,31
122,4
249,16
107,15
18,27
188,4
179,80
64,37
42,22
50,8
24,7
48,45
112,9
16,46
39,14
85,21
152,4
55,11
19,25
46,19
77,5
15,23
77,8
19,51
54,17
28,39
64,4
118,75
122,2
91,23
75,23
38,6
69,27
47,17
106,33
69,3
138,9
22,165
57,37
52,11
30,22
75,17
32,45
54,74
43,56
114,6
53,48
15,22
181,19
55,55
23,218
32,6
61,92
51,22
86,29
50,80
76,103
38,18
156,23
145,24
23,57
89,12
15,37
36,40
27,4
44,7
15,20
33,33
20,15
88,13
20,7
109,94
131,16
132,5
74,27
65,35
114,8
149,83
25,9
22,86
100,12
140,7
90,11
44,71
74,14
108,27
49,31
40,21
203,201
18,6
20,39
71,171
32,54
146,3
63,7
86,36
37,53
63,13
49,7
105,32
26,15
18,15
57,139
72,25
27,41
35,117
30,35
89,14
40,7
78,3
175,4
23,28
17,15
73,60
18,108
68,37
57,26
254,3
37,41
43,9
17,24
15,20
134,25
33,138
35,20
150,36
20,16
55,44
75,4
49,87
58,82
102,15
155,3
70,12
277,22
28,16
64,21
105,12
39,23
40,6
62,10
43,114
18,29
47,48
87,12
192,63
56,5
57,18
236,37
39,13
145,5
192,112
111,65
126,46
58,6
39,4
66,5
25,43
54,10
135,48
166,46
32,42
40,119
25,3
17,37
56,75
27,137
19,9
27,5
17,17
230,52
61,98
30,101
37,24
31,84
88,132
82,17
46,40
48,2
159,25
19,15
39,3
25,21
47,41
52,37
61,31
28,17
258,10
96,20
31,63
96,24
89,49
24,72
100,176
125,73
70,5
82,3
78,16
122,18
122,56
23,90
22,157
119,99
33,36
23,25
35,48
73,19
15,18
39,16
35,17
48,29
50,5
151,23
22,30
75,6
73,33
24,25
15,13
213,6
121,112
38,85
35,30
18,21
95,102
39,32
20,31
23,7
23,57
44,61
21,10
34,13
15,115
34,30
106,41
44,73
44,2
73,61
14,38
19,7
50,76
63,41
49,14
33,50
16,32
72,17
122,8
15,6
102,25
18,26
26,14
29,10
109,21
65,4
23,40
87,38
176,51
51,35
28,58
20,15
32,12
172,64
32,56
73,15
37,13
48,115
54,54
206,25
29,61
20,52
39,10
23,14
49,7
87,23
49,7
32,32
55,54
56,28
29,6
73,42
49,15
106,23
15,15
37,27
58,66
24,20
37,106
86,93
35,30
95,167
93,18
18,62
44,35
49,16
164,43
20,3
104,66
18,90
26,20
102,59
74,45
21,21
33,106
77,47
56,20
106,12
155,9
14,103
58,22
36,54
145,49
38,10
24,31
89,19
36,41
111,35
65,55
20,15
69,56
42,49
85,53
208,36
65,45
95,52
14,57
19,30
39,19
66,120
37,47
71,53
42,31
18,26
84,101
45,26
22,8
180,139
71,13
41,7
60,86
24,10
42,41
141,98
22,4
71,19
144,60
28,16
37,12
43,38
115,5
49,97
155,62
85,5
58,5
61,57
23,129
73,31
54,59
99,20
110,27
87,30
33,31
75,2
120,3
14,36
94,58
20,5
17,5
94,21
46,62
23,39
25,2
151,68
57,48
115,49
46,15
31,17
47,33
38,6
158,55
121,3
24,64
34,59
75,9
69,24
71,75
88,30
52,13
132,8
16,11
32,55
17,47
18,14
40,51
50,7
48,139
89,92
57,11
16,12
81,11
24,32
31,108
29,38
20,105
86,19
38,18
28,104
22,8
34,4
188,48
19,140
30,50
73,74
20,199
22,68
126,106
36,16
42,69
74,5
129,69
99,34
138,8
140,51
33,69
86,3
212,84
15,55
31,36
21,107
17,45
90,4
157,8
159,40
22,26
66,55
123,22
52,18
47,12
60,96
28,56
24,16
67,19
137,7
140,4
33,65
87,23
17,2
22,12
172,30
37,36
57,13
69,30
61,6
18,5
49,9
59,37
65,17
97,38
163,7
17,63
43,78
91,52
54,26
22,51
92,4
27,64
83,19
69,14
14,50
73,55
60,15
152,39
40,3
110,14
58,9
30,11
77,63
22,23
162,13
28,2
26,4
141,98
17,5
65,117
42,22
56,13
18,8
53,3
74,91
68,54
102,67
19,7
38,21
106,12
14,8
50,8
22,18
50,33
195,8
14,28
84,107
37,20
39,11
51,49
113,25
73,75
23,6
171,46
36,30
38,41
29,9
70,69
25,100
19,4
97,18
91,42
15,42
14,70
44,3
73,16
57,27
21,69
89,5
59,6
72,17
25,7
52,27
100,4
53,4
147,45
67,70
64,86
54,75
19,25
102,43
32,82
23,65
109,5
21,100
78,19
21,49
67,12
18,44
21,60
122,19
17,146
122,3
28,6
35,24
29,120
17,34
27,40
56,72
59,8
39,37
146,51
41,4
70,25
198,25
126,15
36,107
22,63
32,15
21,14
31,49
55,131
74,54
38,77
61,22
45,64
173,12
81,17
17,30
15,43
67,12
32,5
24,25
27,50
78,52
16,19
26,25
36,18
68,5
55,68
52,193
41,8
43,10
40,48
58,49
27,7
55,8
37,92
18,23
155,114
29,176
97,37
39,16
111,31
48,51
19,23
168,16
30,18
272,17
37,2
138,23
111,75
36,24
20,93
36,45
72,6
18,42
42,11
102,96
162,33
195,63
69,139
69,22
17,77
68,12
106,68
14,104
97,12
39,75
56,9
40,7
22,23
23,31
73,18
41,56
50,5
102,25
19,25
56,40
148,48
91,41
49,10
18,26
35,25
39,37
62,38
36,49
43,35
18,8
36,129
22,22
157,24
19,30
21,100
81,92
58,111
101,33
58,3
74,31
96,62
126,62
18,32
38,14
51,7
22,17
135,23
18,15
87,28
30,76
40,39
20,6
46,15
104,13
39,53
124,191
64,58
49,21
33,5
213,17
105,9
61,13
49,29
69,18
232,58
150,15
18,22
81,60
29,8
20,33
77,4
105,33
193,8
45,89
104,54
168,25
154,7
138,102
88,28
74,60
98,17
225,20
67,106
82,9
21,34
126,40
99,6
45,142
53,28
30,99
70,18
36,19
35,35
48,14
31,11
17,9
95,37
77,34
117,13
26,32
15,21
34,113
107,45
78,10
80,11
28,13
20,21
59,44
53,4
77,105
17,72
122,2
43,4
99,82
26,51
72,20
29,77
18,40
84,38
80,32
64,14
45,12
17,22
102,38
33,52
111,36
43,34
95,5
16,103
204,28
99,4
51,145
15,101
114,3
69,4
29,17
85,16
70,49
25,5
83,138
21,14
192,24
86,25
33,15
114,34
51,37
26,57
27,22
19,16
14,21
106,31
204,19
46,7
119,19
180,4
26,30
59,105
33,31
34,43
16,9
61,36
98,19
107,35
48,111
29,47
17,36
40,57
147,58
112,55
131,59
112,18
30,2
42,55
42,49
134,26
161,34
85,40
60,12
31,4
29,11
33,28
36,72
23,32
15,10
200,33
42,51
83,38
80,24
27,28
87,28
34,66
53,88
64,53
191,89
55,57
125,7
53,66
22,13
304,54
58,70
111,2
22,18
109,29
30,55
64,51
128,21
37,4
163,47
130,16
59,79
53,47
77,38
200,26
55,26
59,3
62,67
70,184
52,41
29,13
19,3
17,22
103,44
98,4
99,27
101,39
19,30
24,32
86,33
27,18
17,16
157,7
147,12
41,44
64,4
129,108
27,28
35,17
16,8
214,41
111,42
102,126
221,6
53,28
44,13
45,34
120,34
178,85
28,12
43,22
65,169
54,7
19,20
68,11
78,24
69,199
107,56
82,15
64,13
21,10
34,56
30,12
52,27
19,18
81,3
117,8
176,53
49,21
15,7
23,69
20,8
85,58
81,60
27,37
49,30
114,35
40,27
24,196
46,52
84,16
32,100
47,17
134,19
22,32
44,9
30,51
44,67
20,22
136,4
15,38
61,66
218,48
29,7
72,60
57,47
86,82
175,28
49,25
51,63
30,25
27,7
45,34
29,10
19,43
71,86
50,129
32,29
49,63
60,61
24,84
35,49
54,15
23,27
191,82
56,4
51,5
90,46
27,25
33,74
25,80
40,47
51,14
141,7
99,16
28,6
34,16
77,14
57,60
83,23
39,22
129,18
59,19
22,70
72,21
115,12
213,52
69,22
35,17
49,78
73,52
21,63
18,18
194,40
40,41
84,9
17,34
22,12
74,29
36,182
20,27
24,102
40,12
45,100
70,49
120,10
54,13
90,28
132,12
32,20
18,46
38,89
50,16
60,5
45,68
30,117
85,10
76,45
80,15
31,12
21,71
80,97
48,2
20,48
34,45
86,9
85,36
33,7
61,41
37,2
46,5
39,3
26,5
55,18
73,36
29,21
52,7
54,56
121,35
14,19
86,18
62,4
282,19
62,21
33,27
60,97
55,50
18,5
50,29
175,49
27,111
26,102
34,70
83,27
178,50
17,85
34,17
84,22
17,20
61,54
27,19
68,45
55,30
26,125
25,65
79,49
64,17
57,7
34,18
15,13
27,42
82,4
67,12
59,65
18,55
21,49
262,9
96,16
126,4
73,15
66,17
59,15
74,53
153,26
33,15
16,113
16,21
45,27
242,18
49,47
24,14
74,27
26,91
28,34
110,19
28,10
63,4
39,13
24,42
80,10
14,50
50,18
76,59
52,11
70,9
53,17
15,20
44,40
133,21
51,11
18,20
57,7
136,33
28,50
53,57
45,120
24,3
19,12
60,16
39,91
75,36
112,6
68,23
34,4
44,61
35,21
97,100
19,10
89,28
49,40
132,4
33,19
86,27
203,28
23,84
17,20
87,2
31,11
43,69
50,10
106,108
77,30
54,111
36,41
25,29
33,23
68,202
16,29
34,8
88,31
28,50
19,35
179,2
74,46
17,116
197,58
15,74
174,26
42,44
14,55
25,61
74,33
33,9
37,3
64,13
70,72
29,15
116,94
66,7
273,9
17,45
29,109
82,77
39,75
27,5
96,86
31,20
79,8
18,16
46,81
83,2
75,71
40,4
113,6
26,99
116,31
79,5
26,44
46,37
147,80
87,86
42,45
121,58
50,105
28,29
57,23
61,42
24,48
93,19
77,6
15,142
26,19
28,64
19,30
238,10
32,39
23,11
62,73
25,8
108,33
216,4
50,79
144,9
124,10
106,3
43,17
108,40
16,29
64,9
89,24
44,23
34,15
122,11
35,11
90,64
162,26
28,25
137,102
247,19
24,20
140,18
17,47
26,18
20,34
40,17
19,78
95,13
32,2
20,6
31,15
39,7
39,4
78,48
26,70
155,24
62,19
102,28
93,50
93,94
38,39
31,12
35,14
117,82
22,27
54,58
22,5
67,143
77,33
28,40
43,118
50,27
56,77
16,6
81,9
52,8
40,9
60,84
23,2
50,21
19,3
44,60
28,4
37,199
107,9
20,26
55,30
113,41
93,17
37,96
227,21
27,4
20,87
32,52
157,78
94,16
37,27
20,4
109,63
27,66
27,33
40,11
41,60
36,14
54,10
27,10
27,13
19,2
50,155
54,19
184,47
42,18
22,67
121,8
21,56
90,71
17,184
52,7
19,36
57,9
25,39
41,67
39,29
75,67
127,19
41,31
76,20
54,28
80,19
22,15
63,27
22,2
26,3
36,3
50,21
36,62
222,84
48,53
29,53
81,28
92,48
20,42
16,69
16,21
28,46
66,48
70,38
33,45
37,48
192,174
24,8
32,114
23,18
94,77
79,30
258,17
34,67
278,77
45,83
23,25
18,29
59,26
79,33
15,52
86,2
161,50
29,71
141,7
28,23
24,67
45,18
64,38
55,46
103,13
153,20
45,138
108,69
148,3
18,7
114,43
35,7
35,9
116,30
27,56
40,49
17,128
26,34
48,21
36,192
54,78
282,71
40,21
22,30
63,3
66,15
151,33
80,20
16,55
80,35
72,69
23,30
34,4
66,10
21,7
101,6
14,50
45,31
17,106
104,5
147,22
125,98
30,85
99,148
25,25
29,46
138,48
23,31
65,4
31,3
64,45
67,20
179,30
65,12
59,16
29,26
40,78
26,26
32,31
189,32
30,54
100,15
146,22
21,10
67,8
27,4
79,23
151,25
72,17
96,25
15,27
54,73
30,29
50,89
36,37
62,18
24,191
68,25
107,121
62,66
93,60
68,20
43,32
114,5
56,20
105,31
97,4
21,49
17,127
29,150
76,8
107,8
19,35
17,5
37,24
34,26
76,4
17,9
47,12
33,7
27,97
117,45
48,86
25,24
87,28
31,9
36,36
66,8
77,3
33,101
147,14
25,46
109,42
24,31
16,64
151,20
63,91
143,75
61,8
30,23
56,6
38,53
19,70
44,47
82,28
117,22
38,36
48,206
209,33
78,53
147,19
32,9
112,58
31,18
60,25
63,48
29,44
89,100
72,4
17,57
48,53
44,29
26,52
85,15
46,28
24,27
55,78
95,33
149,106
56,72
20,8
28,25
38,23
38,54
36,41
44,58
138,6
21,19
105,131
33,26
156,3
72,13
29,24
48,27
64,7
23,10
16,50
40,22
69,36
49,23
110,62
96,60
81,14
75,9
55,2
117,79
21,38
63,6
185,26
72,33
227,91
62,43
55,52
76,34
47,49
26,14
78,9
93,17
51,15
44,22
24,91
44,11
91,2
41,21
87,14
112,7
90,6
112,23
98,8
28,60
206,103
72,26
39,87
137,11
35,8
104,21
34,45
126,57
35,39
17,118
31,40
104,21
17,81
28,76
48,10
53,70
52,18
117,52
21,18
14,40
42,61
25,36
184,29
23,33
34,43
56,34
96,10
45,4
33,24
111,48
127,38
144,44
94,60
129,18
151,15
130,9
35,68
80,75
27,33
54,223
100,51
58,38
25,10
24,20
41,17
17,22
167,12
67,5
15,23
32,75
29,42
50,71
193,3
23,14
184,23
37,77
18,19
69,25
84,101
33,36
46,73
23,38
35,34
82,104
232,3
14,54
16,4
164,10
96,72
40,8
208,47
37,9
74,6
65,49
37,4
61,9
38,212
231,3
59,25
49,65
57,39
21,7
51,71
69,18
73,76
41,14
97,53
28,33
31,24
64,23
107,39
18,7
24,51
93,81
229,44
14,113
24,14
26,23
53,14
24,82
57,18
17,19
24,26
29,34
40,30
234,4
55,6
52,14
90,30
132,45
61,43
93,14
148,16
65,61
34,22
34,19
134,30
83,11
112,60
51,89
92,13
26,77
25,71
83,95
28,8
18,36
121,38
86,18
54,23
25,10
59,10
172,19
24,33
27,44
143,31
80,11
74,28
194,79
65,9
28,25
210,72
45,31
25,5
101,27
122,4
23,65
16,59
72,111
26,15
34,42
23,11
130,56
24,12
98,19
130,44
48,27
47,73
76,4
70,25
57,146
30,7
47,174
109,29
55,6
82,144
17,3
60,3
42,3
29,87
62,11
75,171
77,58
27,28
58,72
94,3
117,4
31,7
53,2
15,28
24,12
49,9
63,46
173,10
75,74
78,37
30,58
20,62
115,38
40,2
83,87
73,79
21,14
20,13
24,32
125,3
34,20
51,16
35,52
23,24
131,12
27,83
70,21
28,25
44,36
40,103
108,172
34,7
32,4
75,21
78,48
97,5
74,41
114,57
49,5
24,9
102,55
58,53
19,23
46,38
82,35
52,48
18,48
42,24
134,50
66,20
41,57
41,153
54,102
35,29
228,32
86,19
45,30
53,26
48,64
46,66
86,51
34,44
39,67
54,13
20,10
21,32
62,34
50,39
43,10
32,3
26,5
23,28
83,67
100,76
15,81
17,52
61,30
26,23
73,8
111,39
42,10
21,7
74,62
118,33
63,15
70,26
48,12
281,8
68,31
20,82
21,86
39,38
91,31
25,158
75,63
31,20
45,57
19,20
47,9
40,57
66,13
161,97
93,10
151,67
73,9
30,75
99,30
33,8
286,37
33,120
15,20
103,70
88,62
84,45
70,9
26,17
59,12
106,36
85,25
61,15
21,14
45,23
96,20
94,50
39,5
15,32
63,6
54,36
121,2
23,31
27,2
24,53
42,190
31,6
83,21
23,8
61,22
74,46
121,33
145,56
19,19
22,29
30,60
20,3
87,6
104,20
25,18
76,5
36,5
17,58
39,49
35,66
92,52
82,36
68,12
22,30
45,40
107,64
39,3
55,38
48,31
27,78
71,150
85,7
44,41
48,8
75,107
78,10
48,23
59,85
83,8
74,43
167,34
53,9
31,83
25,3
23,121
78,6
90,8
115,27
47,21
137,28
151,2
129,15
51,79
22,78
31,37
81,43
29,35
214,115
73,9
67,10
35,60
30,104
19,61
18,22
63,22
302,12
95,4
39,18
64,154
224,6
35,16
37,71
56,61
111,19
34,120
178,39
111,6
263,8
21,15
68,57
39,47
49,10
45,140
65,10
57,47
37,14
86,10
100,40
35,38
210,96
59,21
44,135
92,17
63,74
20,24
69,111
111,6
57,82
52,27
59,10
14,96
79,39
40,7
104,37
112,10
78,74
36,28
147,43
119,13
72,70
49,93
36,42
22,4
53,33
19,113
44,107
84,44
19,54
37,25
221,8
28,31
54,16
17,42
256,57
45,6
19,28
64,39
52,28
20,2
63,33
36,21
50,15
44,28
41,24
105,39
208,19
26,27
57,27
37,63
28,14
90,43
45,188
57,24
17,23
47,8
59,15
53,8
59,41
98,12
14,20
79,71
60,4
147,59
18,24
99,5
55,8
32,45
95,28
19,65
48,6
54,7
72,33
25,31
87,24
59,34
73,18
15,33
51,60
72,135
43,50
97,144
31,114
17,52
35,124
165,95
58,45
105,37
38,3
34,27
90,123
61,54
36,109
19,57
51,38
75,100
50,7
124,72
34,69
120,170
16,4
34,41
25,25
86,71
87,37
19,38
105,11
38,45
17,4
20,33
21,27
21,76
91,17
72,20
38,13
30,4
17,12
43,50
39,20
34,46
73,6
18,47
220,32
279,5
83,26
46,43
84,66
73,26
36,40
45,47
61,22
112,16
223,2
19,16
31,58
52,52
137,35
134,25
51,19
14,32
21,200
103,99
41,31
22,3
59,10
46,44
34,26
17,144
40,40
150,64
33,17
62,5
63,26
75,29
22,69
249,14
26,89
32,26
21,19
131,22
22,2
28,8
78,19
29,82
20,5
105,21
16,25
281,33
31,22
57,117
66,2
106,32
19,4
145,53
22,26
18,28
43,10
75,11
88,7
16,8
232,50
80,24
28,38
80,30
84,26
116,84
97,25
16,10
58,2
103,100
84,72
88,33
121,22
16,31
18,22
138,7
132,74
146,29
73,14
99,60
24,4
134,33
16,17
78,72
22,13
38,174
118,18
20,67
224,4
73,3
46,27
18,26
67,13
59,72
54,16
135,33
25,6
27,67
44,17
17,29
88,54
62,133
32,19
81,32
46,97
17,21
19,33
149,201
73,46
69,3
48,58
27,6
173,29
27,55
61,4
55,6
73,76
39,10
43,225
51,7
14,24
52,38
27,9
15,42
196,7
26,29
25,6
28,4
103,39
52,9
161,82
27,12
73,158
59,22
89,35
59,19
30,27
43,174
21,18
67,12
88,30
56,2
27,17
46,16
86,40
111,6
74,50
34,21
88,43
74,13
31,4
52,20
21,21
87,12
54,113
102,28
19,29
65,64
25,95
23,26
91,39
56,18
52,16
17,4
28,10
40,22
82,7
69,92
57,15
26,7
48,56
41,8
78,20
30,109
38,15
219,40
102,6
22,32
41,53
24,62
17,10
32,82
30,3
73,35
205,22
42,42
25,74
172,50
67,41
25,65
35,52
15,58
15,146
30,52
123,49
47,40
45,166
19,30
94,7
101,49
64,20
47,124
111,49
23,5
22,19
21,30
37,8
169,14
26,25
17,8
43,138
165,83
17,5
187,58
80,31
76,20
57,14
110,13
24,13
24,117
18,12
30,95
155,9
132,19
228,56
51,14
33,51
20,40
40,76
65,80
33,15
42,24
32,3
46,8
38,25
164,39
29,83
51,20
44,11
131,4
34,4
36,9
160,38
14,39
24,7
47,17
47,96
35,52
50,5
117,122
135,39
18,110
80,3
18,107
44,15
30,51
156,5
43,62
207,3
123,11
32,20
17,9
93,71
74,80
86,96
72,101
31,5
35,40
22,112
27,55
59,55
101,3
67,27
88,30
21,39
263,3
36,2
92,4
50,29
76,16
15,22
35,60
63,30
38,35
20,68
102,56
16,27
108,121
164,30
128,2
16,28
31,18
28,6
55,109
161,13
29,11
63,14
42,19
89,4
131,32
101,9
34,15
39,43
26,43
42,32
18,140
45,64
60,68
274,101
28,38
109,61
59,6
127,25
20,36
31,80
96,22
94,23
109,29
69,20
61,84
63,18
43,30
39,78
231,13
112,80
87,15
52,43
24,27
41,121
76,5
47,21
78,39
148,14
32,16
15,19
94,82
29,13
26,12
121,2
217,131
24,38
110,119
30,5
203,30
25,20
20,28
51,26
42,75
185,16
307,51
27,19
14,15
33,13
35,9
18,3
34,52
102,22
30,11
37,14
62,11
70,67
61,46
15,40
40,59
130,12
53,17
32,45
23,27
15,58
102,8
91,8
147,33
21,7
15,111
27,7
35,69
29,96
56,91
83,6
55,36
40,56
29,60
143,21
73,11
61,62
88,3
33,22
236,69
99,57
58,99
25,14
40,51
15,12
46,40
22,13
14,139
19,8
292,6
79,43
23,119
86,9
68,86
69,2
52,120
112,21
59,2
59,41
45,80
51,5
85,18
118,23
18,15
56,10
43,43
74,2
46,8
39,5
76,33
63,12
24,64
75,14
24,39
17,7
52,25
67,73
65,25
14,8
15,72
26,25
71,3
97,99
36,16
26,7
28,54
33,74
101,4
71,2
198,22
39,5
42,21
58,36
72,47
109,5
16,7
82,106
112,64
64,11
71,151
33,28
16,29
154,40
17,14
57,8
26,10
81,11
24,8
34,187
38,24
34,15
17,18
15,4
24,34
72,47
46,3
21,22
20,46
65,188
145,76
16,34
85,112
46,31
128,35
107,4
31,9
17,48
70,21
31,10
86,17
23,41
57,41
20,9
70,3
23,14
64,90
27,104
90,6
39,7
170,206
15,68
115,27
181,29
54,16
108,123
23,94
68,48
40,28
41,4
23,36
116,34
14,51
39,9
14,31
39,11
46,20
49,16
30,13
116,7
51,37
17,52
168,5
15,27
18,55
26,12
96,239
67,13
41,19
30,29
134,12
51,36
149,25
94,36
54,77
59,72
35,13
55,22
90,32
20,47
37,55
14,28
120,79
109,31
84,123
146,13
56,40
36,40
26,44
58,54
31,12
61,18
159,19
112,42
32,4
54,22
18,61
17,24
20,116
34,49
121,27
16,15
80,6
15,9
14,27
41,3
35,70
29,28
71,35
102,33
32,4
98,4
29,86
136,8
80,52
177,149
51,169
131,25
41,32
22,10
84,18
16,7
31,3
76,24
18,35
58,48
35,114
91,3
35,12
17,27
76,16
97,29
76,13
36,83
127,11
181,10
78,24
81,28
108,16
50,3
40,41
58,121
86,122
32,63
77,8
140,4
32,30
23,33
82,45
91,34
46,25
32,58
33,40
45,30
22,2
40,10
26,13
38,2
70,64
23,69
78,13
223,18
30,32
87,89
29,10
97,35
36,82
116,16
46,6
33,95
16,4
17,30
49,29
67,31
68,9
30,24
17,26
82,31
37,27
36,96
33,15
48,13
18,23
168,39
142,62
49,115
35,8
24,105
64,19
72,36
58,5
40,32
16,25
61,73
17,20
31,30
127,4
95,40
146,30
38,9
70,34
65,57
81,75
29,42
122,28
89,18
45,38
81,113
29,44
85,44
23,24
21,24
33,72
18,39
184,3
26,10
72,26
110,42
38,4
18,125
38,14
19,110
159,165
99,11
21,10
15,12
79,3
25,34
116,4
53,9
36,8
122,104
163,17
34,108
74,53
134,4
24,12
23,3
31,33
55,24
251,17
86,34
50,29
63,33
48,2
39,51
70,5
17,30
18,47
36,69
27,12
44,5
101,69
50,5
22,176
15,88
39,18
61,3
73,30
79,14
42,32
65,11
34,85
66,50
34,44
21,21
24,79
45,71
47,9
56,16
35,30
111,6
120,44
136,4
15,51
21,9
17,19
62,48
93,31
73,75
14,44
16,31
47,5
134,35
66,146
42,20
159,11
28,52
19,78
20,164
38,36
24,39
58,29
27,14
62,21
24,9
26,5
30,68
111,8
61,9
15,74
69,4
22,28
304,27
31,10
65,2
24,32
38,13
103,20
55,39
79,12
16,80
43,2
72,12
219,28
73,98
66,16
17,59
19,24
23,34
19,6
60,41
58,44
86,59
40,16
68,48
25,71
92,39
14,22
29,25
130,7
65,83
46,21
39,15
15,49
20,121
65,204
132,26
59,209
15,37
15,69
40,17
277,53
86,5
251,28
84,33
45,33
24,10
63,119
24,9
44,6
19,5
175,20
14,5
39,61
122,55
29,24
114,21
49,14
96,13
121,10
47,41
18,16
47,49
70,51
119,7
87,8
81,127
23,71
48,65
100,21
217,14
75,129
82,25
29,16
15,4
37,38
99,8
79,16
133,30
53,11
18,2
24,81
20,18
76,86
65,59
26,25
79,16
117,116
34,69
43,28
46,42
135,19
20,15
92,8
62,19
185,108
28,27
29,169
35,4
68,37
60,53
90,109
59,19
65,66
44,34
223,9
104,68
66,41
217,11
49,2
212,28
26,20
17,34
88,4
115,13
20,10
94,14
62,41
75,16
28,21
72,30
112,16
43,4
48,10
113,6
170,25
52,16
30,4
16,86
36,30
106,61
49,16
164,47
27,23
51,8
34,31
52,10
57,49
20,127
43,45
118,3
30,23
42,112
29,12
17,53
63,98
23,45
114,51
99,19
30,28
98,18
63,36
57,23
122,9
215,3
35,62
66,4
33,67
55,5
95,54
44,13
81,16
41,7
73,40
47,39
102,16
53,6
48,4
220,53
14,59
164,135
83,17
221,9
30,58
175,11
60,13
128,30
24,13
81,4
36,11
53,28
20,57
40,5
191,67
54,41
88,91
42,15
48,6
28,14
55,8
117,40
40,112
235,36
16,6
55,16
90,105
45,69
37,93
128,11
17,12
135,6
27,19
16,58
131,94
51,16
33,52
89,4
71,118
17,2
40,10
89,42
32,8
33,26
43,3
64,3
46,35
23,53
30,12
63,71
23,41
45,61
19,167
54,67
16,16
111,63
106,61
34,17
69,12
93,76
15,25
63,61
69,8
72,32
53,10
42,21
51,36
19,104
61,5
17,16
74,26
32,11
32,18
43,41
76,86
45,5
15,29
108,11
64,6
25,19
36,9
146,3
178,13
153,25
96,20
30,62
128,89
64,18
41,15
127,70
60,114
75,13
55,57
21,23
75,45
124,23
16,18
113,7
21,27
58,26
31,14
18,82
58,30
18,33
68,25
41,91
36,6
69,115
67,7
56,135
16,11
35,55
88,103
99,12
19,71
67,79
23,49
141,54
215,12
48,93
57,20
41,12
66,114
72,66
228,10
37,77
109,131
28,91
82,28
44,23
20,58
62,34
19,36
44,65
22,157
14,38
111,49
118,5
45,9
67,13
53,11
30,2
27,32
125,29
21,36
137,66
59,7
65,55
65,5
22,53
45,15
17,7
85,7
118,44
113,41
20,122
33,47
21,24
131,96
74,8
49,51
35,32
77,26
32,9
14,46
45,85
154,3
23,48
169,41
69,30
69,93
26,13
111,13
98,61
15,60
23,26
25,46
191,31
83,26
105,46
87,9
29,14
18,32
71,92
48,9
27,54
136,68
96,22
23,7
18,18
80,56
130,109
25,10
58,56
21,33
117,67
19,14
26,46
23,13
28,15
76,29
31,9
91,21
68,12
86,3
77,226
16,21
43,44
50,30
22,28
237,62
137,52
99,100
50,22
127,25
69,14
41,51
27,11
42,126
120,8
71,13
34,11
69,4
26,18
68,119
128,146
152,108
17,11
48,84
109,103
100,19
20,108
68,10
120,27
27,5
186,15
114,20
54,11
17,67
25,12
20,25
145,17
34,14
42,76
32,74
120,158
45,31
98,38
96,19
42,60
35,13
40,41
73,48
117,3
45,73
97,22
21,57
56,41
67,30
131,16
42,76
97,27
35,7
18,63
86,45
17,58
55,32
163,110
114,20
92,89
159,3
31,26
43,78
54,47
25,45
63,7
50,10
42,43
46,47
27,51
107,17
43,109
43,24
29,49
30,44
111,66
16,57
55,30
38,134
85,61
57,8
33,13
45,20
128,11
17,49
43,24
41,9
89,54
134,34
49,10
24,21
54,26
41,28
86,51
21,32
19,7
86,8
15,36
150,4
95,30
28,84
220,11
46,16
35,22
19,27
25,16
30,9
63,40
66,32
155,5
18,83
127,33
65,77
100,35
30,27
98,54
35,22
52,126
15,7
29,30
39,46
41,9
40,2
85,36
17,6
55,3
40,85
20,48
40,14
90,74
73,25
35,27
15,31
18,5
31,69
91,4
18,139
15,29
16,57
56,90
58,33
30,90
124,33
179,24
17,10
84,10
48,3
125,6
24,15
54,7
17,12
81,4
39,10
265,69
42,81
15,22
26,13
28,20
89,23
106,48
92,27
46,12
138,9
110,45
189,9
16,116
24,2
76,133
36,13
26,39
55,71
61,17
79,3
65,8
95,141
50,11
30,35
87,32
123,24
29,86
18,89
70,38
66,34
92,4
36,40
133,68
16,83
77,113
54,69
70,55
47,37
74,13
47,115
86,93
107,46
56,6
58,74
41,104
73,5
75,35
168,52
27,51
28,3
108,34
27,14
144,11
19,35
87,122
46,28
47,34
47,117
45,75
51,43
100,39
102,14
27,16
52,24
103,13
25,45
22,109
32,17
38,20
20,15
16,8
105,6
31,18
29,146
79,83
53,70
64,92
67,53
29,89
24,5
30,53
15,21
25,85
136,103
196,69
36,49
91,20
282,26
56,6
76,30
35,7
18,21
19,11
26,38
64,37
148,60
30,10
65,53
113,19
61,42
116,11
65,63
68,137
90,25
48,31
38,42
40,25
39,228
136,10
52,54
102,5
31,4
31,115
30,8
26,6
22,79
210,36
44,28
47,66
20,33
98,40
104,51
29,33
58,14
51,10
16,44
150,23
18,153
90,12
29,34
82,5
60,33
184,9
57,32
40,12
89,16
23,4
27,15
42,17
41,121
80,8
40,13
173,44
44,13
25,17
58,26
90,4
32,19
22,26
40,23
27,18
84,105
26,50
73,16
25,199
113,53
64,48
77,127
23,5
162,22
80,26
25,10
26,43
95,36
25,12
14,65
28,15
17,29
62,32
45,30
153,137
25,11
92,32
194,17
28,18
36,110
103,34
25,26
61,4
67,107
89,65
51,42
24,155
63,51
28,18
70,20
24,16
23,52
16,40
16,20
48,51
22,104
22,17
93,86
90,13
27,123
28,46
138,7
28,60
232,113
73,12
37,7
172,32
61,28
48,26
68,79
27,65
114,3
33,3
52,73
24,9
94,35
62,13
19,61
58,7
18,45
49,18
181,98
37,25
145,43
80,9
38,92
23,82
71,25
18,39
52,31
27,20
43,24
21,17
29,6
95,49
252,19
123,65
105,4
31,87
87,4
91,58
20,74
67,19
27,78
33,4
29,15
73,4
88,18
36,26
57,4
81,5
39,33
55,28
112,216
42,24
67,24
53,13
64,60
198,3
116,52
52,53
42,84
15,98
61,66
47,18
88,113
204,120
70,216
45,17
91,11
69,143
28,4
125,30
119,19
63,38
30,46
167,101
42,34
28,37
117,43
210,58
32,99
200,81
14,36
82,16
69,8
22,12
15,220
23,3
35,33
42,168
68,4
57,99
19,43
15,67
80,82
80,31
16,33
23,21
65,21
235,29
49,85
27,56
27,34
48,19
133,16
146,15
147,20
108,30
78,61
46,7
19,10
99,29
72,28
175,5
22,103
32,112
73,3
92,67
41,51
54,89
66,45
29,20
53,21
17,207
83,13
120,155
29,45
37,42
89,90
15,37
57,86
24,3
108,236
75,24
89,47
141,100
17,61
35,23
24,5
22,5
208,65
102,56
22,17
89,18
127,4
56,5
81,125
25,65
31,66
35,37
197,6
83,30
15,22
87,24
25,34
37,8
55,4
32,67
195,4
89,10
14,6
68,7
46,43
27,27
45,53
40,11
49,167
38,10
51,4
36,37
22,8
69,26
28,13
21,82
27,50
23,13
38,42
97,40
36,48
158,72
44,5
16,14
34,182
27,14
81,46
53,87
111,45
48,32
70,22
16,8
33,12
84,27
35,8
41,40
44,36
46,67
58,50
40,16
123,153
55,7
106,8
24,10
16,13
176,41
58,52
115,27
141,44
37,31
167,65
15,6
278,2
199,34
15,85
28,22
150,22
54,29
25,19
177,35
38,43
161,121
76,17
93,96
14,3
122,110
32,54
78,35
32,28
41,4
151,17
34,8
45,92
44,67
21,175
67,48
17,34
80,5
32,109
86,14
89,29
20,63
18,33
18,36
82,6
93,96
97,21
84,21
22,20
32,44
107,65
285,13
20,18
27,4
52,3
30,26
96,27
144,53
24,14
29,12
21,36
267,38
18,66
49,115
14,82
101,38
86,38
26,8
54,3
30,53
70,132
124,9
41,55
16,19
62,9
57,30
84,47
61,26
86,35
48,100
57,45
22,45
49,13
57,90
35,3
45,21
16,57
46,41
44,33
57,5
91,17
62,62
44,4
67,33
22,13
67,52
57,100
108,8
34,21
69,48
30,14
125,2
112,50
24,57
47,85
29,6
19,43
27,47
106,9
18,10
35,69
166,19
79,23
134,23
40,96
96,15
58,25
60,17
81,131
24,21
17,10
49,24
17,122
99,100
71,31
17,28
29,14
17,77
53,62
135,29
63,62
34,14
35,45
58,13
67,112
35,28
57,23
27,4
90,48
15,36
44,27
64,2
26,18
18,55
29,26
32,53
27,15
38,48
18,33
127,29
55,167
27,3
19,27
149,23
83,40
75,32
15,91
101,23
18,17
100,22
34,30
21,114
21,57
36,3
88,27
171,112
89,14
59,14
27,114
64,55
80,57
35,18
79,67
99,90
74,47
22,11
25,13
55,14
45,50
54,65
70,47
120,11
67,35
99,7
59,81
14,48
75,32
95,44
128,6
28,22
44,31
55,9
86,34
50,72
25,87
36,61
70,41
55,75
15,86
28,40
38,25
126,23
46,40
74,49
50,11
36,68
153,48
85,17
248,20
66,84
132,50
97,13
135,30
15,116
38,14
66,10
17,13
28,50
125,86
171,17
14,18
249,4
163,14
124,32
18,18
49,101
83,36
89,60
19,22
17,24
16,56
53,65
50,18
33,40
37,149
42,65
15,19
64,43
99,41
80,88
49,81
21,29
36,63
86,17
26,4
249,25
35,15
102,33
19,61
93,79
18,12
54,10
90,14
15,79
85,4
84,13
128,12
96,36
44,12
69,27
116,33
81,3
39,39
163,5
106,106
14,48
121,28
32,2
25,11
51,7
91,2
67,19
16,3
165,4
62,57
114,5
93,38
33,78
83,30
34,68
23,5
24,9
24,32
28,88
32,3
17,21
39,66
37,26
20,26
48,47
129,10
120,31
95,53
28,184
19,40
27,37
60,34
17,16
17,83
54,16
49,8
235,29
24,133
52,6
35,26
78,9
101,6
52,16
48,17
65,11
120,114
47,11
30,13
65,131
56,34
59,6
127,11
161,11
43,10
147,30
36,16
15,44
66,10
71,11
39,149
46,4
33,50
102,32
30,3
38,84
80,8
106,34
21,47
20,29
41,13
166,74
17,30
52,28
120,140
32,39
63,35
104,43
53,73
39,6
78,32
104,39
121,17
23,59
118,16
79,69
45,23
48,137
79,6
34,21
26,32
89,38
28,26
98,13
71,161
26,33
58,7
117,82
18,29
74,26
20,24
28,28
245,17
185,78
54,12
82,34
129,34
63,3
120,4
16,41
56,38
41,24
17,57
27,10
90,12
73,12
132,41
79,9
64,7
166,95
229,23
60,20
140,21
18,17
19,3
15,41
63,4
60,65
97,3
71,23
15,56
44,24
33,10
55,22
73,25
60,41
68,76
95,26
93,27
60,44
59,68
115,2
42,19
153,4
30,25
44,25
14,46
53,16
59,118
44,35
61,12
86,11
25,15
94,31
110,55
118,66
17,42
17,35
16,6
50,19
173,11
53,71
86,53
36,87
85,21
57,39
73,30
69,4
19,67
32,39
23,18
71,49
15,131
50,32
209,54
39,45
25,30
66,53
286,157
73,167
218,30
16,46
42,49
74,60
54,54
27,49
35,80
21,53
79,31
117,46
24,165
15,75
100,43
92,183
123,4
25,24
38,62
196,91
15,38
17,56
37,109
74,32
32,39
73,157
106,46
135,3
35,53
93,6
51,108
77,61
28,13
43,125
43,39
18,145
91,49
191,207
111,13
20,22
32,29
46,20
38,33
54,42
98,25
28,4
147,30
82,125
187,30
17,33
62,48
73,3
77,35
36,29
29,16
187,10
109,67
41,57
45,17
41,12
27,14
29,15
123,28
20,15
285,77
147,37
21,43
48,58
53,46
26,49
37,87
54,34
15,68
56,6
97,5
86,50
151,32
76,31
89,41
65,79
55,46
53,20
56,4
64,94
185,15
40,24
55,64
42,65
19,3
73,16
39,35
69,48
53,78
29,15
24,106
56,13
67,21
20,4
86,20
66,16
111,12
50,13
43,12
61,36
26,12
26,90
150,32
46,103
21,25
228,12
129,9
72,39
60,45
70,51
41,46
210,25
39,8
63,210
36,6
71,16
32,5
16,91
34,64
16,37
36,7
91,50
80,9
56,8
83,51
103,13
19,82
19,9
58,80
73,37
51,6
31,160
43,38
24,55
20,72
144,38
156,152
69,3
14,24
50,126
86,52
17,72
30,56
20,11
20,21
21,52
25,49
27,14
51,19
66,97
58,23
129,103
19,3
33,23
25,113
295,26
86,62
63,60
244,9
16,19
35,13
43,138
90,29
114,22
47,16
44,43
75,22
89,8
40,62
33,45
17,21
31,22
60,33
54,15
163,9
75,3
18,51
15,2
35,4
26,3
71,32
26,58
15,51
83,11
70,22
128,22
29,16
41,5
118,59
35,37
93,31
19,10
22,25
23,49
66,70
17,72
46,92
46,94
93,95
58,27
37,69
35,5
67,11
21,62
33,27
24,3
43,83
195,48
66,96
29,64
112,11
33,7
66,5
80,100
19,22
116,65
65,31
27,17
15,19
122,73
72,50
50,65
88,3
27,12
20,34
25,8
43,14
17,14
64,46
33,34
30,8
27,8
80,9
41,25
50,24
40,33
82,5
37,33
141,32
158,26
17,100
55,81
64,122
24,47
30,87
103,20
18,48
19,67
15,52
85,17
21,53
45,8
72,19
75,135
81,10
29,108
16,8
48,30
54,44
70,59
45,4
68,27
60,35
27,63
77,150
78,8
121,10
45,31
73,121
40,18
54,28
44,15
19,48
29,9
17,10
14,25
56,52
98,19
76,150
28,8
19,54
33,30
48,92
69,17
32,27
40,23
32,28
79,81
50,31
25,8
43,32
74,21
25,16
101,82
61,21
28,55
80,58
71,7
74,26
90,6
31,6
71,45
29,68
30,20
18,59
29,16
34,45
56,4
49,29
23,14
53,62
14,43
101,143
19,26
53,24
59,3
136,32
36,27
215,3
232,21
108,35
16,9
63,31
143,106
98,47
61,55
53,79
40,10
49,26
219,29
113,14
45,3
26,151
53,29
81,22
31,28
19,108
75,21
114,15
17,6
70,145
39,20
248,84
64,28
221,6
17,25
96,27
123,68
172,140
85,27
16,12
35,59
60,155
45,8
39,82
103,13
210,23
109,35
30,18
84,24
86,16
156,11
41,16
97,27
47,29
76,12
129,15
31,59
15,2
25,131
55,38
38,11
73,68
263,13
21,58
22,64
19,87
128,30
19,63
16,36
122,21
68,75
48,80
28,138
95,21
28,13
39,10
135,84
42,11
49,62
30,38
27,25
139,125
125,8
107,5
57,4
61,18
19,19
55,10
63,43
97,9
15,35
17,52
28,15
100,31
15,50
35,149
107,16
44,49
53,42
52,27
16,49
46,19
41,28
55,99
124,10
36,53
17,43
26,174
16,20
25,39
35,43
34,20
147,4
29,11
78,14
156,14
34,63
54,15
34,48
116,4
160,17
23,25
23,19
92,188
60,6
31,25
19,25
79,58
86,129
26,95
23,42
32,14
36,24
45,16
55,59
25,2
273,6
30,19
34,26
63,18
47,93
101,72
68,34
136,98
31,126
50,24
107,5
15,69
150,37
155,11
82,8
25,5
35,18
133,66
39,48
24,18
72,10
240,42
33,17
15,91
18,49
92,14
14,137
15,83
23,31
73,43
94,89
44,82
16,107
98,7
39,3
34,32
157,25
42,4
90,15
33,19
34,36
82,32
87,69
103,28
151,132
23,19
41,16
17,12
45,96
28,7
24,146
84,93
42,29
163,51
17,89
100,24
161,5
15,8
38,70
50,15
45,32
107,47
15,127
137,58
64,23
51,17
80,69
105,72
24,9
28,14
122,29
26,44
60,51
27,84
42,14
37,8
99,33
39,56
115,2
23,4
32,45
80,8
28,18
34,56
50,95
21,22
35,77
16,27
51,122
16,18
53,69
127,11
39,8
59,60
17,76
108,14
28,21
37,12
39,17
15,39
14,13
151,207
40,35
22,32
72,40
288,45
98,19
48,114
30,30
133,4
22,106
78,33
16,11
23,43
39,36
31,47
77,3
39,58
17,61
219,45
40,41
55,28
84,5
27,7
56,76
56,25
28,40
184,83
121,96
221,28
61,34
139,20
106,9
106,56
85,69
20,30
34,15
281,84
25,13
25,7
41,144
69,165
45,63
22,26
203,5
55,25
52,26
115,27
79,3
53,36
132,107
155,18
25,43
73,105
30,15
15,48
23,25
28,23
37,43
37,51
58,24
24,14
36,106
127,15
65,24
25,35
68,3
60,49
256,56
42,48
25,125
30,15
32,13
21,18
27,18
53,14
31,92
44,17
90,22
67,49
84,6
29,98
27,95
104,44
79,32
33,19
52,28
17,43
80,9
34,145
18,7
95,53
51,111
27,2
113,33
49,30
39,11
35,64
58,15
48,31
60,11
208,112
110,31
28,29
42,41
75,19
47,37
41,8
56,27
86,11
78,17
65,10
19,136
16,59
58,47
30,17
20,11
51,39
109,12
57,54
17,3
54,33
108,95
61,86
48,7
58,3
32,151
65,10
27,2
116,35
59,24
121,69
29,25
61,68
71,3
35,7
18,15
19,34
44,7
17,19
51,11
80,50
30,59
56,37
62,25
51,139
60,38
96,24
30,115
24,44
17,7
17,106
114,27
107,58
73,31
92,103
47,71
133,57
43,31
109,23
35,81
54,67
19,26
48,30
176,27
30,59
17,27
26,8
130,164
43,20
72,109
110,8
54,8
22,21
82,63
54,38
47,43
48,36
25,22
61,84
29,4
122,13
17,8
70,35
35,18
85,5
18,3
42,74
53,86
31,18
57,45
133,78
21,26
69,114
23,152
33,52
23,9
85,22
111,23
28,17
27,54
228,123
23,110
141,23
28,13
56,17
112,55
123,105
81,41
74,7
105,159
159,14
66,23
111,46
51,93
35,65
41,45
33,37
28,23
100,40
28,175
34,110
132,43
30,100
19,15
69,32
33,10
27,65
141,70
39,32
44,26
39,39
66,6
17,166
181,157
94,14
82,34
270,23
81,79
57,59
25,18
69,21
187,10
123,20
30,5
36,33
25,10
23,102
172,38
263,42
95,39
150,17
110,3
75,8
16,44
58,7
129,39
92,11
154,33
61,44
15,28
30,22
41,10
76,37
46,44
30,90
21,40
30,8
55,44
98,18
75,37
17,24
23,166
45,55
34,44
61,3
47,20
19,18
93,6
36,60
50,13
143,46
52,17
22,124
44,42
20,77
39,54
184,28
33,180
14,7
24,25
15,15
88,8
77,11
19,15
26,13
15,86
80,133
133,32
171,15
71,10
69,14
14,47
218,63
94,26
50,5
27,131
19,59
78,11
75,51
47,68
37,18
64,35
81,120
115,12
88,61
48,44
41,48
26,30
111,10
281,57
32,45
277,30
61,20
14,11
43,9
28,43
62,37
97,3
61,59
91,18
46,11
25,147
103,42
65,25
108,197
75,32
37,13
21,51
61,23
47,34
37,40
23,10
36,74
53,24
30,50
227,42
72,9
101,128
88,26
72,29
47,38
62,13
27,101
64,71
27,15
221,51
205,27
46,179
74,91
15,67
67,7
144,31
108,25
21,8
31,49
46,38
15,60
105,45
46,17
18,62
83,20
31,8
93,42
106,35
32,17
117,26
22,40
63,42
96,7
56,107
39,33
47,49
19,9
115,42
248,4
299,30
78,5
34,12
105,103
27,13
70,40
94,6
61,95
82,61
222,19
49,51
34,55
74,2
83,76
61,35
92,43
40,3
20,14
29,173
57,28
45,5
33,20
28,20
25,111
80,29
35,10
144,117
24,65
67,5
103,17
70,34
135,9
67,30
25,23
28,57
165,14
100,8
145,73
98,16
73,38
47,13
45,8
119,15
29,38
49,2
21,11
131,30
146,34
84,96
68,71
76,39
21,17
74,14
49,9
54,31
75,85
119,6
27,31
46,7
74,11
131,104
83,6
73,10
20,37
48,73
145,4
213,58
27,41
22,59
48,42
41,32
31,25
37,6
183,15
70,121
72,16
39,141
53,10
39,11
96,28
96,14
60,38
66,66
48,35
39,124
121,35
118,27
31,17
21,60
73,10
48,27
59,12
78,114
65,2
30,24
131,28
64,23
40,141
47,20
47,11
143,44
37,10
165,26
68,20
26,13
56,49
55,16
20,84
21,55
135,49
85,35
18,16
23,41
33,6
79,65
38,51
49,13
102,40
114,29
89,50
16,43
62,6
41,7
44,19
17,50
48,15
44,75
75,21
143,76
109,87
28,21
109,30
124,48
71,40
21,27
57,50
114,68
21,21
53,20
52,7
21,15
74,35
84,46
21,9
19,31
111,28
125,50
36,56
49,51
36,38
73,20
19,3
29,4
32,133
21,2
84,39
56,48
145,11
49,192
48,35
57,23
39,13
151,23
35,81
19,3
37,23
55,27
112,50
84,7
18,19
55,12
37,35
18,53
63,23
34,115
41,49
17,44
163,12
103,5
66,38
29,67
42,8
174,51
55,16
45,19
60,79
17,10
130,11
18,31
25,4
41,9
78,19
24,14
50,3
21,27
35,62
95,54
50,18
33,53
153,31
36,38
53,9
30,33
48,52
170,4
20,10
17,21
85,29
148,83
74,22
25,100
55,72
24,3
76,6
74,35
15,16
74,10
68,15
20,12
115,38
77,3
28,35
118,3
14,9
45,95
36,47
33,22
65,21
111,7
167,7
16,2
31,29
106,103
60,3
54,15
25,40
26,45
147,217
77,4
201,19
36,46
86,35
72,14
36,33
87,35
16,96
26,60
74,53
36,3
27,151
58,40
33,10
23,10
101,2
107,12
15,46
27,50
41,14
23,92
55,40
19,102
95,10
85,78
48,29
80,43
38,4
39,4
129,66
76,101
53,24
77,193
46,10
37,35
20,38
80,27
200,26
96,58
139,35
163,64
17,31
36,14
69,22
34,16
79,6
21,50
15,9
87,41
28,39
16,30
24,25
152,13
31,76
27,42
52,7
84,155
38,10
79,29
23,52
20,98
294,128
20,55
18,18
31,83
15,63
76,5
86,26
19,15
18,8
99,42
132,54
52,8
188,50
32,10
50,40
19,62
64,7
15,34
36,64
53,19
43,34
41,85
171,58
38,25
15,20
18,18
43,10
225,110
31,9
42,11
76,4
89,15
56,78
150,28
18,23
211,32
30,16
37,3
62,75
22,12
42,8
30,44
30,9
120,17
87,39
23,62
47,90
15,2
21,22
52,109
40,113
54,211
30,47
62,72
40,10
42,56
19,21
49,9
103,46
37,85
57,19
42,49
15,3
64,103
48,28
58,15
106,67
50,189
27,72
105,69
16,57
32,24
176,11
59,30
67,18
18,9
120,14
100,55
85,46
80,27
104,5
24,18
29,26
36,31
154,110
40,3
67,48
63,86
32,211
34,10
26,21
132,44
44,12
130,31
118,19
55,48
49,63
44,37
126,36
22,30
109,38
96,56
32,11
107,3
19,23
15,13
94,10
35,3
139,33
30,18
110,69
15,56
36,162
24,30
18,3
18,78
14,15
52,19
63,51
82,44
25,32
62,9
94,91
72,78
127,25
40,40
52,31
26,42
137,70
38,6
34,17
115,27
18,20
159,13
17,28
31,21
34,15
94,53
68,38
56,10
92,5
17,5
14,52
55,44
30,45
88,13
48,2
62,114
65,203
73,15
18,37
27,15
268,46
30,48
150,73
113,61
19,142
240,15
48,40
54,40
31,23
102,75
50,9
31,43
73,79
115,90
18,13
25,36
35,6
50,36
18,11
94,42
25,16
60,63
15,26
86,92
23,51
135,133
17,17
114,40
61,28
146,34
26,41
43,4
113,5
46,14
210,84
162,18
90,34
22,10
97,10
71,41
57,7
48,39
16,16
39,35
91,42
15,150
62,39
107,31
74,118
56,37
29,35
131,78
123,73
163,88
44,126
83,13
175,14
26,4
65,70
98,36
110,67
40,8
63,45
143,10
29,187
115,54
30,30
93,40
71,61
29,56
128,119
193,14
94,4
20,43
225,6
20,24
16,72
213,71
35,13
48,58
56,27
57,20
21,88
77,17
137,125
52,23
31,11
18,20
56,60
20,91
79,20
42,28
44,71
109,8
81,6
48,6
47,32
237,9
122,79
59,79
66,6
155,23
144,27
50,27
90,6
40,4
114,28
26,13
36,95
19,3
56,19
35,36
22,104
28,3
151,45
55,17
36,43
61,12
46,20
37,5
53,24
128,9
77,68
53,16
79,17
48,70
42,3
82,19
85,47
58,2
85,192
22,86
55,58
59,176
124,49
77,10
26,75
16,24
18,36
155,117
74,6
50,49
35,16
26,15
60,17
119,31
36,64
60,2
105,35
30,11
77,22
143,48
159,10
33,58
17,34
37,58
32,54
104,39
36,7
23,37
19,4
52,28
103,28
67,50
33,30
121,64
81,10
22,4
63,98
53,75
156,10
91,28
18,6
32,2
103,2
99,33
93,26
124,14
33,46
73,5
15,38
31,50
59,11
27,85
17,13
61,30
20,86
40,53
125,41
66,35
58,8
15,37
21,37
58,16
66,35
35,97
149,5
21,179
51,36
34,131
27,22
123,43
30,102
88,11
26,66
40,9
96,60
102,80
132,26
51,73
146,11
60,53
182,36
32,14
115,165
37,66
38,67
121,84
43,18
57,14
60,18
50,40
15,33
67,25
80,85
21,4
24,179
27,74
78,60
30,55
82,123
72,28
110,15
15,58
24,23
51,5
102,12
21,19
32,7
163,17
49,21
35,24
73,70
91,11
46,39
106,45
29,11
23,21
92,43
50,11
87,41
37,8
87,68
21,14
235,32
57,69
140,3
16,51
35,32
24,18
24,15
15,18
25,8
22,22
38,13
57,78
47,18
138,28
34,10
64,31
93,50
26,50
65,53
24,36
49,16
44,37
115,64
25,14
85,123
137,122
262,62
75,4
99,3
33,21
63,134
31,165
106,19
116,43
19,29
18,106
179,30
122,15
18,10
48,8
19,3
51,18
95,22
41,18
68,21
76,51
41,6
22,20
28,21
30,68
82,43
68,5
28,57
32,4
126,54
107,15
135,62
58,34
133,35
30,16
31,149
25,5
46,46
70,32
23,3
17,62
99,103
32,43
27,54
115,83
269,12
17,54
129,186
39,5
111,15
202,57
29,5
22,25
60,4
64,35
105,13
44,110
78,10
76,19
15,5
15,48
215,130
45,25
22,106
162,12
17,4
43,16
21,32
62,53
130,112
130,10
31,28
210,34
50,43
102,102
27,51
29,23
27,16
26,25
104,19
127,60
49,127
23,86
80,11
24,35
48,7
63,18
15,44
28,27
172,142
91,21
104,28
174,130
28,93
64,11
43,9
36,61
160,143
57,17
46,33
47,94
59,5
99,10
28,7
56,141
162,22
31,50
77,24
23,82
26,23
15,23
105,29
28,73
103,55
33,130
32,54
81,58
22,27
50,53
31,3
20,25
47,10
64,42
33,49
23,65
58,13
17,18
200,29
133,28
62,7
104,57
160,13
27,52
22,8
39,53
115,10
73,31
35,24
72,15
18,27
61,14
17,3
83,14
116,47
34,6
18,58
65,25
94,14
171,3
83,55
54,57
130,26
90,11
42,37
36,15
17,160
29,89
96,102
19,51
158,36
109,7
21,49
42,3
52,34
59,57
119,25
19,40
101,75
117,37
137,114
25,53
47,18
106,7
71,6
21,15
40,13
66,88
99,53
78,37
92,38
63,57
66,5
18,27
17,13
50,119
37,30
40,45
74,36
144,26
45,49
117,23
119,58
18,46
18,59
113,8
139,3
79,46
29,150
59,7
61,79
14,5
36,6
46,6
48,21
55,21
132,41
185,31
67,42
142,97
115,16
291,104
29,9
117,37
29,14
19,53
108,12
37,3
31,8
92,155
56,33
133,75
19,10
60,34
59,21
18,155
24,2
93,13
71,76
63,3
24,48
55,16
67,13
20,34
96,44
35,45
68,29
40,64
34,10
176,65
28,16
17,36
59,4
63,11
50,29
78,59
26,19
107,11
79,70
191,11
14,27
88,49
61,18
16,168
167,18
120,112
55,46
211,54
41,13
110,4
43,16
160,35
45,42
47,42
54,34
108,104
53,60
157,19
24,141
20,50
27,67
28,22
43,20
161,7
62,4
102,36
214,14
83,92
200,15
95,63
22,12
105,29
152,52
41,87
32,18
26,26
17,32
31,23
27,57
36,38
132,22
48,56
63,62
51,12
54,22
46,43
23,28
137,27
36,30
38,39
63,45
26,52
22,26
100,50
24,14
43,14
64,18
137,7
96,9
77,18
45,17
30,20
35,15
30,63
75,94
103,8
49,17
19,136
34,17
61,4
48,60
125,39
45,47
37,17
83,17
20,221
60,18
44,120
32,21
15,81
66,9
48,24
56,19
25,4
64,35
19,44
16,118
20,44
43,53
24,32
116,133
128,53
18,46
30,76
123,46
69,67
19,9
29,68
46,26
20,129
64,19
44,9
59,43
25,21
19,26
19,36
192,46
154,22
70,78
55,12
35,31
16,19
29,13
39,21
82,39
27,40
19,34
25,2
99,71
82,31
33,7
64,20
114,6
24,13
206,44
119,15
29,25
79,26
238,28
34,45
48,108
53,86
18,13
52,4
28,81
85,185
18,11
16,10
47,41
35,26
50,49
32,67
14,45
118,29
41,3
45,84
25,11
35,26
62,101
28,29
26,7
233,36
56,34
174,15
100,11
35,70
80,55
68,68
35,8
27,121
53,35
25,4
15,59
87,130
26,41
69,55
48,35
16,5
32,9
253,27
44,65
40,55
97,8
143,6
64,144
15,55
126,35
63,29
26,62
56,2
119,24
82,4
84,27
152,40
188,73
14,12
105,32
48,12
181,80
17,22
79,22
86,95
65,9
29,28
15,7
121,18
158,25
77,51
14,103
290,79
71,96
117,50
159,13
56,48
78,16
59,6
50,43
89,27
20,61
89,142
48,17
96,8
30,15
126,17
37,3
16,8
76,13
121,5
51,93
96,8
32,6
25,9
58,17
16,22
20,15
14,3
27,21
16,11
146,11
29,42
20,91
15,38
23,35
197,11
47,30
271,59
38,22
27,163
158,5
29,11
18,31
61,6
31,71
53,46
36,19
85,15
33,50
107,32
18,16
105,18
40,107
44,28
31,4
19,34
119,19
134,158
29,22
32,56
28,73
60,70
26,5
27,5
48,10
202,11
14,37
32,24
25,18
52,3
73,88
54,98
51,25
14,24
65,52
128,13
48,28
116,110
83,44
34,27
21,15
51,24
23,29
51,30
110,9
62,27
27,42
59,84
171,40
29,14
19,15
26,45
20,38
22,27
101,56
130,5
282,25
26,144
288,10
77,40
211,3
194,64
70,62
37,69
15,20
23,6
25,58
43,25
24,54
76,16
50,98
45,27
30,14
123,36
16,24
53,39
17,74
284,52
37,152
40,68
36,45
19,14
53,100
78,14
41,23
60,2
28,29
42,75
102,16
73,104
52,20
59,5
127,13
44,14
162,7
35,76
33,125
70,20
37,15
31,96
68,10
14,20
27,74
53,26
15,3
107,21
17,59
47,18
29,66
113,204
35,43
22,3
34,15
51,31
15,4
37,2
72,24
20,20
91,52
41,15
40,53
21,8
112,56
26,6
53,49
274,12
28,28
28,16
22,28
77,22
71,44
38,23
60,3
42,58
132,88
56,27
26,13
58,38
26,16
32,23
83,4
84,8
77,29
17,112
113,3
50,27
144,76
27,30
52,46
65,30
18,59
158,57
26,100
88,20
131,64
48,19
30,88
59,40
46,19
35,33
71,8
167,6
130,29
90,18
253,8
88,24
194,67
28,51
86,57
30,13
70,6
67,16
65,39
51,7
24,101
152,18
157,22
95,71
148,6
62,18
15,184
19,9
40,18
103,29
78,170
97,3
91,69
67,9
119,25
19,10
24,5
28,129
109,3
39,53
133,18
78,95
23,7
157,103
15,3
18,29
130,28
48,3
21,76
90,8
69,17
135,49
77,34
28,6
62,51
21,127
21,10
174,35
15,7
17,49
45,8
16,64
151,12
99,5
18,77
36,22
96,17
17,15
37,51
50,18
17,82
14,11
82,8
105,11
111,44
128,22
70,16
56,30
42,55
47,15
23,67
39,40
42,122
101,27
193,14
219,7
100,9
30,31
108,28
21,30
23,31
86,155
24,15
77,63
240,20
48,29
75,88
141,55
25,14
102,5
86,25
70,14
21,28
219,35
29,23
19,30
33,16
163,128
165,24
15,18
50,26
277,56
82,104
90,9
100,48
20,24
54,10
23,64
54,72
25,53
53,2
16,15
17,28
168,116
113,14
71,2
22,12
29,85
37,8
176,3
138,37
21,72
18,48
20,18
113,102
22,17
16,42
33,10
135,7
36,236
24,31
45,3
60,56
45,23
31,156
49,82
95,46
102,52
248,15
32,5
58,67
32,14
32,28
53,3
16,19
121,4
85,41
19,91
21,47
82,87
38,27
66,4
141,5
57,65
31,19
43,14
44,7
155,179
17,51
61,20
48,17
29,7
20,155
215,22
23,4
112,141
105,19
106,30
133,22
22,19
27,3
70,57
102,31
92,138
66,16
64,7
47,42
30,130
15,19
14,28
22,9
32,31
65,28
16,3
151,50
48,11
59,47
197,64
103,6
26,44
17,12
71,6
23,5
20,51
31,88
14,33
31,71
17,84
142,107
27,86
95,101
44,8
123,26
146,28
20,65
131,54
21,60
70,13
18,16
36,11
29,236
75,95
56,140
105,55
28,37
61,49
95,194
122,10
20,11
113,10
39,6
39,63
53,38
80,27
20,29
17,67
37,58
65,16
78,8
16,55
38,5
24,16
113,50
19,53
24,63
52,69
24,23
114,13
18,31
57,79
126,60
45,5
34,102
73,28
29,131
20,3
98,30
23,35
24,8
31,69
93,20
36,96
93,9
30,10
124,89
51,4
211,30
31,32
71,15
36,5
74,44
44,23
122,22
52,11
280,9
43,14
29,23
126,33
74,21
47,49
98,13
113,83
61,26
41,7
29,95
23,76
74,56
91,3
22,15
60,42
15,104
45,119
57,9
87,75
22,135
26,32
50,37
24,56
58,68
75,5
75,5
118,45
44,47
27,18
137,31
26,7
82,77
70,43
42,59
21,49
30,11
50,43
51,15
74,80
47,68
56,65
31,54
56,15
32,35
49,6
28,50
135,47
73,18
58,7
133,28
96,51
177,34
146,25
136,6
34,9
17,167
17,155
97,21
52,21
15,18
137,17
20,8
96,105
18,7
24,9
162,24
30,19
17,8
42,74
187,13
19,177
45,8
55,15
86,4
46,4
31,84
17,8
138,2
45,70
19,46
143,111
65,37
21,47
24,74
18,5
131,24
30,62
45,49
138,56
30,32
100,135
89,86
14,39
105,8
134,97
208,9
16,6
60,7
26,46
47,23
193,25
261,14
110,16
35,25
92,6
121,40
39,45
36,32
16,65
69,34
171,39
161,13
18,40
74,43
82,103
132,20
90,13
122,39
70,119
55,39
31,8
36,51
71,47
25,46
43,9
21,7
159,55
19,200
23,37
16,43
54,4
33,36
52,115
24,5
89,34
97,21
81,7
47,38
47,92
60,39
99,11
125,98
51,52
39,9
100,29
49,36
40,60
65,124
63,14
34,17
61,8
115,66
200,50
16,46
86,125
35,48
99,34
78,32
74,12
22,5
65,67
36,36
51,28
115,6
209,15
97,26
48,23
47,9
128,24
112,18
22,22
32,28
77,99
28,71
22,24
37,26
20,14
191,13
55,8
15,11
84,7
99,5
36,44
52,4
71,54
25,52
28,26
52,134
168,28
113,20
67,69
21,72
26,10
15,29
21,39
28,36
122,67
93,8
131,15
152,14
32,97
24,88
80,58
79,30
135,32
30,4
114,7
19,33
64,19
42,20
76,18
60,4
26,39
73,39
25,11
128,125
62,57
48,21
29,5
40,32
102,10
250,21
62,9
63,3
25,42
59,34
78,6
38,34
31,2
57,16
79,106
23,24
23,29
43,9
44,32
57,7
14,55
36,64
56,26
53,11
17,44
42,29
33,84
44,16
26,7
69,17
32,109
19,9
28,69
70,77
53,88
37,40
148,3
28,21
57,10
129,7
15,42
39,86
63,48
17,35
202,62
55,26
102,4
41,105
39,27
32,27
185,22
24,18
41,28
120,9
120,48
59,41
94,61
24,44
41,35
14,53
46,7
54,34
123,8
27,52
34,28
114,40
102,42
16,49
129,87
83,65
23,42
29,49
24,165
26,30
56,22
171,89
43,10
118,115
45,3
33,27
46,19
42,45
67,43
16,42
51,13
57,8
69,18
123,12
250,8
70,63
88,24
37,15
17,21
147,33
28,23
93,82
97,3
79,25
97,43
42,3
28,92
116,34
84,60
57,2
65,10
191,86
19,135
69,93
26,71
99,129
46,86
26,8
44,16
43,11
26,59
54,129
54,39
25,70
17,26
15,34
38,9
31,31
78,25
53,16
65,12
21,36
299,4
60,67
29,41
53,9
34,32
34,28
57,25
278,2
38,130
36,44
114,29
115,27
47,29
25,30
72,6
104,10
17,23
28,37
154,84
38,110
18,8
61,49
97,35
37,22
80,22
52,15
17,40
53,12
22,64
48,67
53,39
50,2
68,15
25,83
43,6
61,8
132,15
83,53
31,51
100,56
141,8
145,13
49,88
157,9
68,32
95,31
64,26
24,23
90,33
64,43
37,16
32,52
109,8
45,18
66,86
16,58
67,46
91,43
22,34
88,23
44,7
128,75
20,85
44,48
111,16
148,22
36,48
21,27
33,14
89,48
34,46
28,58
36,8
42,11
75,208
144,51
34,34
59,33
82,60
50,32
26,45
93,18
102,21
17,7
86,24
68,135
57,47
60,49
74,47
19,16
44,11
56,8
188,58
38,47
41,16
33,14
20,37
95,43
187,22
65,78
174,5
19,15
16,18
45,111
18,15
41,43
222,5
187,61
105,58
22,4
28,18
84,21
24,38
91,44
148,63
55,5
27,139
103,33
166,28
50,11
26,39
80,62
181,21
48,14
63,6
53,40
35,20
67,15
67,15
85,53
19,68
41,45
107,5
94,35
52,17
137,3
27,7
79,40
24,25
99,90
134,14
39,29
64,44
72,18
34,22
173,20
56,19
98,13
78,59
92,8
35,65
176,7
105,99
42,36
45,7
30,21
92,4
23,10
27,25
39,25
107,36
139,5
29,157
44,11
80,11
142,58
16,27
41,38
48,46
33,3
20,13
102,65
232,22
31,62
33,4
64,41
33,10
31,73
108,17
81,8
67,29
112,79
55,13
73,29
47,43
101,11
44,75
117,66
50,13
136,41
26,21
68,33
60,61
16,75
100,11
54,10
20,20
30,41
67,34
88,15
59,235
70,16
99,22
29,13
30,16
18,8
34,56
46,17
78,26
15,18
78,13
96,27
202,61
87,20
19,10
59,57
15,31
27,103
34,14
62,40
48,46
127,117
227,12
47,20
31,17
36,14
47,52
29,75
96,48
168,23
125,46
40,4
28,33
70,9
188,18
112,29
54,6
82,51
46,31
41,45
26,32
17,45
122,32
20,102
128,71
19,27
30,12
36,96
57,23
30,26
105,17
35,7
18,69
87,63
54,23
58,6
107,4
32,13
168,150
24,10
41,8
21,34
21,47
63,51
104,3
158,152
109,5
73,11
92,41
99,30
174,111
26,9
37,124
32,65
35,25
71,36
122,82
61,9
103,90
14,5
33,17
125,3
132,12
68,35
65,82
22,39
75,60
123,9
19,21
49,58
46,50
53,36
152,34
70,19
33,9
65,7
41,33
38,16
73,12
22,47
50,22
32,7
80,41
56,27
71,9
174,39
131,51
78,18
22,27
55,61
40,38
14,64
70,10
18,46
60,71
25,8
20,85
134,56
131,43
63,10
16,6
15,78
19,74
222,49
66,35
112,81
28,38
20,30
26,7
32,3
29,14
65,25
81,10
96,42
60,24
22,9
24,46
99,37
33,118
14,15
23,128
17,2
48,5
19,45
39,74
82,25
54,20
108,11
59,15
194,8
28,9
77,105
68,81
65,50
96,43
29,10
94,5
26,36
57,97
29,31
186,24
209,26
76,80
98,17
38,23
63,42
19,49
101,13
48,116
69,15
89,7
40,33
38,102
39,31
141,38
52,67
16,12
86,23
22,35
50,2
17,38
17,14
202,56
70,9
18,47
18,7
94,12
32,75
17,27
131,49
80,7
216,18
51,72
44,15
98,14
33,21
78,22
14,14
154,64
37,8
21,28
75,15
14,25
47,36
30,93
54,31
74,80
36,16
108,41
59,156
96,15
25,49
48,22
129,73
77,68
28,35
47,9
46,22
25,4
30,23
223,45
15,36
35,8
23,20
136,84
49,19
52,11
51,53
18,21
57,21
32,48
17,24
69,62
104,80
43,80
48,127
51,32
58,52
114,14
105,20
45,95
96,20
106,4
106,33
35,23
79,3
43,4
38,53
81,18
44,31
95,17
86,3
87,3
35,67
58,5
24,14
22,42
111,29
93,16
121,10
82,46
32,9
100,11
36,44
49,50
35,138
85,32
19,11
21,43
131,15
43,9
38,5
28,3
19,140
44,196
20,53
54,6
79,11
20,51
58,2
59,82
31,13
70,33
46,29
19,21
33,120
15,12
250,46
278,3
22,40
117,30
39,3
200,12
62,22
118,3
112,113
94,61
101,117
31,31
20,32
35,22
16,41
32,14
141,11
54,38
26,27
66,18
17,19
151,51
28,16
15,65
64,5
29,14
47,55
42,26
48,11
141,67
186,27
37,92
47,3
72,8
20,148
26,113
89,47
50,41
114,134
97,8
15,25
42,54
106,36
49,27
49,25
102,146
209,36
56,3
15,26
41,26
38,7
78,22
48,29
117,6
23,32
70,49
20,132
122,52
30,115
153,53
72,13
25,37
52,43
16,10
48,29
73,9
25,11
14,102
24,29
61,30
115,49
59,102
43,33
37,82
19,50
50,38
27,20
41,26
31,5
14,65
21,14
128,18
122,22
32,19
33,42
23,85
52,43
28,114
58,8
112,55
81,13
20,24
42,29
41,10
53,20
65,17
25,36
75,18
50,15
33,27
80,112
108,50
200,4
105,112
47,4
19,18
77,2
169,57
25,74
29,9
62,35
87,5
28,36
26,21
37,11
32,49
104,3
114,13
37,10
36,191
45,12
45,15
114,3
29,30
65,15
106,75
45,5
130,41
49,8
58,48
74,30
59,76
33,22
46,15
48,9
22,22
175,20
51,25
61,9
15,55
86,4
46,34
120,4
60,73
35,11
47,62
110,47
20,70
107,10
85,28
91,12
32,46
47,13
79,6
41,28
130,44
49,43
105,36
179,13
35,26
30,7
81,27
21,133
43,61
106,48
131,32
24,42
176,47
39,10
21,21
102,17
23,80
192,36
62,15
105,4
79,17
214,5
57,22
32,82
25,103
62,23
60,68
104,10
19,82
30,86
77,14
64,6
30,69
67,4
44,3
115,86
85,54
67,65
36,52
36,67
95,64
35,64
135,54
57,36
97,24
61,19
102,46
37,21
20,20
36,5
135,96
29,94
33,2
37,38
36,75
38,4
62,9
80,13
177,11
19,36
64,12
59,28
45,23
114,5
111,45
34,47
48,4
83,15
30,43
26,37
91,20
76,40
214,46
24,52
19,15
136,12
20,12
20,97
37,27
24,48
31,122
49,65
94,67
52,4
15,21
208,5
39,3
91,81
75,75
264,25
17,22
52,112
66,22
28,37
103,8
74,57
35,54
77,37
37,33
145,100
79,75
45,37
93,18
50,35
20,5
78,25
102,12
58,96
78,64
56,11
46,10
124,15
52,9
144,11
109,21
44,66
15,23
26,4
21,7
36,116
52,36
160,64
33,2
64,29
41,2
28,44
52,22
53,26
42,87
98,63
17,7
50,8
23,65
25,11
29,2
170,30
79,76
66,34
16,9
94,13
53,107
37,17
14,52
157,5
19,35
62,25
133,10
79,20
104,4
24,25
15,23
21,126
112,22
16,29
27,11
34,17
90,40
117,19
30,108
31,12
32,5
43,23
44,63
19,39
49,78
40,14
34,32
20,10
71,75
43,4
171,88
60,48
56,18
110,39
19,9
85,18
14,13
24,5
29,59
21,77
70,22
271,39
137,72
75,9
63,9
31,107
14,48
65,52
49,26
24,32
25,65
20,6
265,116
44,52
49,116
200,4
183,91
74,30
42,50
15,10
88,19
28,10
32,9
49,31
71,34
20,9
133,67
192,60
113,81
36,36
30,35
45,81
77,29
21,40
31,3
245,6
20,34
54,37
24,109
31,3
15,51
82,81
14,26
252,3
22,7
92,6
52,51
244,22
194,107
23,4
36,68
18,70
50,54
162,64
60,7
30,60
27,20
41,3
107,12
122,121
49,8
21,38
52,174
35,50
160,10
195,133
48,24
38,95
57,20
39,36
16,73
134,23
81,147
57,27
38,26
128,7
44,21
32,72
49,8
76,8
14,15
38,35
37,56
96,8
209,27
107,47
44,44
15,59
79,14
95,71
127,53
83,12
14,4
19,20
74,17
17,47
111,41
113,62
102,17
22,15
139,16
29,27
188,17
67,81
46,47
65,57
32,19
97,107
257,15
88,57
59,9
109,44
18,32
79,65
36,41
141,7
153,44
50,86
22,45
53,13
59,9
34,23
47,28
35,11
22,6
94,2
191,21
62,7
50,20
39,27
54,25
58,36
79,19
18,64
36,46
62,41
39,22
46,40
33,49
61,4
36,29
48,20
19,16
119,65
82,2
38,39
32,38
159,26
31,92
86,96
52,21
50,31
220,11
43,3
60,52
96,6
28,50
86,11
23,15
60,51
20,142
85,59
24,19
69,44
90,171
52,18
37,53
140,43
21,84
63,41
23,4
78,54
37,35
70,12
23,23
19,27
174,15
24,61
26,12
89,8
14,3
14,53
39,12
104,12
29,72
94,69
26,12
147,53
89,30
93,3
96,16
29,16
49,41
47,20
18,7
92,65
54,109
16,16
39,45
19,27
35,63
75,7
109,46
35,50
43,4
59,17
58,52
109,24
117,69
87,4
81,31
18,21
21,48
83,59
34,3
158,7
37,9
22,52
23,95
64,60
65,19
22,3
22,30
35,18
28,212
20,5
21,6
51,17
98,7
72,12
93,47
35,48
72,22
22,6
43,16
21,28
74,25
242,66
25,25
34,17
50,185
173,136
19,19
16,26
57,37
45,13
28,9
54,62
55,56
72,104
25,25
26,7
80,9
29,26
19,16
223,24
115,24
24,53
17,18
18,38
70,9
176,24
60,74
72,80
46,46
60,11
126,9
110,5
62,26
95,65
58,38
39,8
57,67
72,27
65,5
88,204
32,59
20,55
22,29
80,31
44,22
168,127
164,3
17,13
91,40
28,115
85,33
103,15
114,26
96,5
30,26
27,6
49,59
39,47
31,42
40,10
18,10
26,5
39,62
15,35
114,24
41,49
36,20
49,13
42,25
67,3
73,53
50,5
22,56
189,8
47,112
18,18
58,3
95,59
43,16
30,25
26,69
41,12
36,4
112,44
16,51
16,4
95,35
19,13
82,18
34,19
150,80
19,28
24,45
17,18
64,128
192,24
121,11
46,8
206,30
67,84
82,56
28,11
38,153
63,4
48,24
65,4
57,25
60,14
90,41
156,17
134,57
28,3
41,29
19,27
19,36
144,101
47,17
27,29
130,2
68,4
31,32
70,18
60,46
85,45
27,26
33,68
15,20
103,31
150,9
96,6
50,37
25,38
25,26
42,14
40,19
79,8
93,31
154,118
163,11
109,71
30,36
19,32
30,15
34,21
72,20
67,9
227,46
56,25
97,26
64,88
41,2
25,15
46,13
21,18
33,20
144,12
135,11
112,45
48,40
81,99
133,47
95,64
15,31
66,85
60,27
57,5
46,47
33,11
59,17
139,67
164,25
22,42
62,9
51,54
21,68
17,38
49,12
116,8
17,82
55,22
209,50
36,40
125,19
34,52
34,11
74,67
83,106
136,125
177,13
14,69
29,45
84,27
33,2
164,228
56,17
96,43
38,24
47,8
62,19
65,29
84,6
108,45
83,19
38,8
15,11
51,4
142,65
80,14
179,15
20,8
124,16
15,13
73,116
39,5
17,30
21,47
240,67
106,20
104,38
236,31
68,40
39,42
20,15
16,110
111,75
208,36
123,44
25,29
39,102
94,6
89,74
15,30
43,38
46,79
26,37
16,24
27,31
26,22
63,88
56,20
64,21
60,63
77,167
102,122
92,31
25,47
20,31
53,10
90,59
106,37
103,91
15,14
45,22
39,36
16,41
103,9
15,37
55,20
14,19
39,31
27,37
61,5
27,5
90,28
98,14
46,37
99,175
106,32
124,16
113,3
142,5
36,38
105,23
39,88
38,4
72,69
18,130
50,26
42,106
73,14
127,6
25,87
45,51
63,95
23,6
114,37
30,156
32,29
23,25
107,95
42,64
74,41
96,10
132,174
26,8
174,41
30,106
37,71
80,12
18,59
25,23
123,27
26,39
182,40
118,87
82,32
30,60
81,148
58,87
106,24
142,70
65,7
22,32
17,2
91,96
43,47
50,11
174,7
89,48
85,102
116,40
22,6
49,40
58,76
19,5
42,85
63,33
18,50
95,93
38,30
20,16
82,9
92,15
83,25
86,56
81,21
65,42
17,37
41,43
118,13
39,140
32,4
41,68
70,89
45,28
85,71
163,66
72,9
58,32
21,11
40,11
58,36
130,73
198,90
20,15
44,30
61,15
127,43
32,20
204,95
67,60
111,8
29,38
73,52
30,40
15,6
15,10
124,7
68,13
125,8
91,25
35,37
32,43
49,5
19,75
71,64
32,18
72,35
19,6
46,70
106,2
16,63
83,30
145,11
30,23
47,58
17,12
173,15
95,3
31,31
55,26
249,79
139,7
68,138
20,3
103,29
38,42
24,26
22,27
15,58
61,80
76,19
22,68
93,22
86,68
30,31
40,18
23,26
37,67
29,14
84,55
20,10
129,30
94,11
25,3
61,3
102,54
15,47
70,2
26,51
232,73
28,17
110,26
53,109
25,3
45,39
65,7
45,7
41,18
89,11
18,32
67,66
143,51
32,7
69,61
184,2
17,89
134,56
19,88
116,24
59,21
45,25
62,24
173,41
90,57
14,2
21,23
65,55
27,32
126,109
107,120
37,56
82,48
85,89
88,42
52,18
40,14
32,5
103,9
111,5
19,180
142,77
39,7
62,10
131,128
78,11
74,6
36,67
81,115
71,5
124,9
22,14
124,32
20,49
76,28
17,47
45,9
32,44
261,8
22,47
63,74
61,26
57,5
58,49
31,23
41,27
44,27
58,8
213,11
24,39
29,32
37,62
58,10
30,19
35,32
111,26
42,15
100,42
132,11
147,22
36,40
39,11
151,72
59,16
45,27
192,6
233,62
160,26
57,24
62,11
18,51
28,33
63,68
26,101
17,96
74,52
29,27
14,23
24,40
72,17
70,28
65,6
76,16
48,52
118,8
15,3
42,9
74,18
69,32
34,3
24,10
22,13
34,14
36,88
40,8
96,56
117,5
14,3
33,110
37,21
52,29
77,176
69,19
69,12
50,36
57,43
127,99
25,143
27,8
41,71
22,32
32,64
26,5
70,51
55,13
110,7
33,22
28,76
45,66
59,3
20,2
76,18
289,32
115,68
91,13
75,25
203,57
35,9
137,95
89,21
79,10
23,41
25,6
44,21
44,37
31,73
54,67
96,31
15,13
236,7
48,13
208,2
79,117
14,8
32,20
137,3
30,9
115,18
73,4
19,44
129,33
42,100
23,32
31,8
56,62
90,14
32,47
97,89
23,22
15,7
46,45
28,67
48,5
38,16
92,13
37,26
49,2
76,12
73,4
96,33
22,46
236,38
50,33
32,8
25,11
35,2
30,4
39,23
41,72
23,17
29,8
76,15
21,19
68,43
32,7
47,152
57,67
29,14
19,24
27,75
82,3
24,5
27,46
25,39
31,70
53,116
90,61
70,9
38,39
29,182
59,2
62,21
51,53
16,51
48,13
16,73
91,146
114,13
81,22
19,4
149,52
178,20
62,9
44,4
21,14
46,85
79,40
14,48
43,33
166,34
70,34
41,43
189,6
21,7
27,22
70,9
27,26
17,5
23,50
75,61
72,67
35,45
71,13
73,79
70,8
19,77
22,15
143,10
72,21
15,7
56,57
43,2
101,30
75,57
50,28
78,25
29,15
32,68
51,42
176,2
19,123
49,25
20,82
30,49
26,46
137,20
35,38
29,18
22,48
19,29
40,13
15,11
47,50
68,9
38,51
137,12
277,19
66,43
21,7
42,119
151,8
34,60
105,58
163,4
88,47
103,20
33,48
29,21
211,14
29,30
99,10
65,126
85,45
16,135
195,10
47,70
114,48
26,50
49,74
18,4
15,9
66,74
86,120
30,32
18,15
110,31
61,30
50,25
20,29
22,30
45,4
22,54
23,56
58,36
51,20
161,59
59,21
48,12
25,41
85,54
111,36
37,39
16,50
38,13
57,10
183,16
61,17
52,36
50,2
55,104
41,6
39,69
23,91
21,12
66,29
76,74
109,14
47,51
32,22
69,33
49,12
78,88
35,18
59,68
17,28
56,19
28,20
52,7
88,10
51,43
44,2
152,7
27,186
127,118
273,14
64,12
113,11
100,107
156,7
29,56
33,12
77,22
36,18
45,9
45,21
69,24
111,98
90,8
100,78
48,33
36,67
21,44
99,9
180,20
35,46
48,31
233,3
16,204
136,6
54,108
107,115
63,34
123,10
17,38
76,21
200,9
19,37
37,6
26,16
99,34
91,60
29,66
95,106
28,24
23,65
47,35
102,63
39,3
18,10
50,2
85,47
61,90
53,22
243,19
23,9
16,14
79,26
100,22
29,4
29,16
39,96
27,40
32,13
142,39
181,20
21,36
37,12
49,42
38,9
74,19
47,52
107,10
33,56
83,31
38,43
136,74
37,4
215,30
57,40
109,4
17,3
42,30
32,13
82,123
20,20
89,47
48,9
101,119
68,16
50,3
35,14
41,62
150,5
44,3
118,55
307,43
15,35
90,52
64,43
53,24
72,63
24,136
34,6
41,44
69,52
58,68
39,10
50,32
42,14
22,45
173,85
30,62
27,15
14,48
134,3
46,211
25,7
89,28
46,8
54,79
192,67
102,65
17,47
53,102
30,27
175,47
47,12
179,86
190,47
19,80
93,25
42,111
85,8
20,28
34,2
35,40
40,109
23,17
23,45
26,9
163,39
75,140
21,73
36,56
22,8
45,235
142,36
101,148
58,8
25,78
20,32
22,60
14,16
75,32
44,79
107,47
18,35
42,5
140,91
85,18
27,35
24,13
27,12
19,98
172,86
17,46
39,15
74,35
144,104
61,81
16,42
23,66
15,68
46,43
25,37
166,17
22,46
82,60
19,29
21,66
135,66
98,11
19,31
60,9
30,26
21,52
81,21
39,137
126,54
29,95
101,26
143,28
125,21
42,33
69,34
107,62
15,59
73,9
144,8
144,81
30,17
38,15
26,54
90,59
57,7
25,41
40,18
95,32
34,39
62,80
172,10
248,86
60,3
46,19
22,8
265,5
108,4
33,11
58,43
33,48
54,17
33,3
99,46
26,13
18,50
34,4
127,8
36,15
85,22
119,23
38,23
191,41
55,74
28,20
80,22
48,48
19,22
65,50
50,39
23,56
47,61
54,23
35,11
18,147
272,95
16,30
15,10
71,9
116,72
75,14
119,61
43,58
73,63
38,57
55,59
14,81
32,21
20,149
47,55
46,109
65,115
60,32
89,20
80,6
68,34
89,61
51,28
100,44
94,54
138,5
15,62
16,8
126,116
36,29
18,36
60,39
61,64
63,13
35,9
29,33
35,13
21,60
71,47
159,15
70,7
87,43
58,5
61,13
160,18
105,29
33,38
23,30
59,9
27,40
28,29
104,85
135,26
37,7
58,44
259,19
61,5
126,75
100,49
26,34
72,95
49,32
18,8
47,3
54,9
77,4
16,5
32,7
38,105
60,3
20,40
35,18
155,60
142,10
152,120
46,59
260,81
68,67
30,11
96,39
77,32
142,15
21,15
67,41
65,97
56,50
81,10
77,91
171,67
46,19
125,14
67,9
82,89
35,18
80,23
122,79
55,23
30,14
40,17
23,58
88,57
243,95
27,34
54,41
36,50
25,71
24,44
206,17
49,38
34,21
66,40
27,40
41,40
19,17
119,11
44,24
73,80
15,13
228,16
71,59
75,31
99,35
72,51
73,160
56,49
22,8
51,57
163,50
67,21
15,61
47,87
44,53
103,129
184,26
145,102
99,89
101,37
38,6
93,2
35,42
236,12
43,10
148,65
82,11
117,6
62,144
27,46
69,47
47,48
98,4
121,35
16,18
65,38
42,10
56,41
24,39
19,21
26,69
48,46
45,49
16,15
19,52
192,6
106,60
105,9
65,37
40,127
23,18
176,46
55,56
20,13
33,27
26,19
32,92
26,44
70,13
116,12
27,26
39,6
16,31
16,7
50,14
170,13
51,19
39,136
49,15
98,66
35,19
86,12
14,7
162,36
15,55
68,84
31,43
23,19
59,74
52,14
46,49
126,56
104,23
27,64
14,12
55,92
25,53
197,119
27,16
97,113
44,8
17,16
155,47
57,32
95,20
57,11
68,25
53,111
164,37
63,30
16,10
41,35
87,6
153,13
154,120
25,43
27,7
51,176
85,28
34,84
33,37
47,32
86,19
26,13
130,32
39,113
72,17
73,10
125,48
150,25
110,6
29,11
92,75
165,27
22,20
47,48
202,4
54,7
41,23
169,19
138,46
44,86
103,6
51,5
81,71
26,11
18,43
27,18
17,12
74,40
80,12
21,76
90,53
61,23
60,19
71,14
37,52
26,81
280,20
44,5
154,37
119,102
43,6
53,58
205,41
38,43
21,23
170,8
50,35
58,21
58,30
56,29
16,35
23,43
89,16
49,72
19,38
65,105
21,65
70,12
15,36
56,70
48,22
16,23
128,55
149,32
112,10
40,47
76,71
50,9
132,42
20,58
34,34
20,5
74,27
56,6
179,33
25,43
51,29
97,6
122,104
100,5
28,68
67,58
39,75
25,60
27,68
54,89
46,16
18,30
106,81
100,28
38,9
47,48
150,24
30,25
30,199
141,18
47,18
42,2
22,43
97,13
85,26
43,13
47,5
29,103
89,6
51,52
39,27
53,53
124,9
57,9
42,48
150,83
29,131
45,10
40,37
87,59
62,83
59,18
61,65
59,22
68,28
41,17
22,48
58,25
54,37
53,65
20,22
24,85
50,29
41,55
107,16
37,27
41,9
102,57
65,55
265,45
134,51
109,16
27,5
80,23
42,2
43,3
29,6
15,17
110,76
70,35
25,30
27,24
136,37
24,26
40,13
81,58
27,81
124,20
36,43
76,18
106,116
267,18
82,10
94,10
22,16
19,151
14,97
46,93
16,64
23,84
155,22
89,26
23,34
29,8
108,19
130,18
37,85
38,99
27,45
126,12
28,131
42,2
38,97
16,24
223,61
19,51
68,36
33,49
35,4
46,45
75,12
17,3
136,8
136,14
113,3
66,19
79,33
29,4
139,9
26,11
21,32
96,3
53,11
20,3
81,103
42,48
59,70
23,9
32,18
30,66
34,4
19,14
130,72
168,6
17,12
57,100
48,52
47,31
36,66
44,6
131,66
26,31
19,43
26,39
67,10
49,48
48,115
42,32
84,8
25,14
71,9
29,20
56,70
22,13
24,77
209,15
97,9
50,7
61,18
148,4
69,50
63,11
202,11
48,2
19,14
22,40
27,4
226,18
110,35
60,6
98,20
52,64
26,37
36,20
117,25
51,91
106,29
34,21
68,60
51,31
26,35
72,20
22,101
41,23
78,10
22,16
19,4
44,11
42,64
230,54
23,28
43,75
17,14
42,192
21,24
32,3
24,17
24,85
29,35
18,10
58,41
55,59
147,19
173,19
59,7
174,17
29,125
34,14
16,81
92,14
37,32
19,35
226,48
259,13
31,23
84,7
44,52
55,24
97,47
55,12
54,28
20,27
27,93
84,45
46,41
92,31
57,96
162,41
24,16
75,74
17,7
34,15
33,22
25,59
24,51
23,91
66,21
60,16
126,128
140,58
36,57
39,72
43,8
14,20
25,15
66,49
52,7
31,4
67,29
29,10
48,28
105,9
30,87
28,59
111,20
74,136
65,29
47,14
45,69
34,12
99,42
34,72
34,8
124,14
35,27
43,17
71,79
194,42
54,106
168,19
125,56
139,48
27,48
38,14
91,63
24,78
35,74
80,26
21,12
109,2
62,56
169,23
18,45
35,13
36,14
35,50
38,15
209,15
35,21
77,52
19,131
130,13
69,17
78,16
33,67
96,31
76,56
56,94
49,6
24,44
112,21
26,25
34,82
30,46
96,13
192,6
26,28
17,10
25,12
25,7
34,5
86,21
113,116
55,25
46,54
49,72
34,139
73,43
57,42
16,12
122,13
92,44
89,10
26,3
54,77
49,33
17,20
49,45
79,10
179,12
32,20
15,20
36,14
35,67
34,18
33,78
179,30
66,3
93,100
32,32
42,2
76,19
27,20
55,103
36,107
44,6
120,45
43,3
143,9
40,228
118,15
26,5
104,45
69,20
46,5
118,57
21,40
28,18
40,6
19,6
43,25
52,29
207,27
39,52
92,63
27,18
40,6
177,21
61,8
39,62
74,79
120,7
25,52
24,32
163,51
30,33
47,13
43,26
42,19
150,13
24,7
68,95
92,9
27,5
230,25
44,16
27,24
58,90
41,12
49,8
160,67
18,4
41,43
130,67
76,35
19,109
87,22
30,17
24,35
143,3
81,81
34,22
27,5
23,35
24,25
91,6
60,2
16,31
48,43
40,14
19,8
58,26
63,27
83,3
55,42
23,45
60,40
18,59
51,42
134,74
22,4
68,42
54,18
15,32
78,88
16,53
161,39
36,118
39,25
29,63
50,15
105,117
30,150
75,21
30,5
127,95
48,27
18,28
36,139
15,38
98,28
20,47
68,8
20,16
34,12
47,45
159,46
71,12
84,62
129,25
36,56
20,45
34,69
22,2
78,48
68,19
43,30
33,68
131,47
18,23
73,25
74,43
28,10
60,10
105,12
30,53
90,13
25,13
227,18
82,82
18,29
53,49
66,24
60,68
71,17
31,65
53,34
83,33
59,80
62,93
21,85
24,34
91,17
16,49
178,66
167,17
49,8
241,36
46,22
201,67
29,75
97,16
15,40
34,91
20,52
82,37
25,15
137,16
90,125
16,56
71,38
20,24
115,31
138,48
106,15
23,38
70,80
90,36
61,31
41,76
52,12
38,106
29,11
18,60
17,48
38,37
67,3
58,4
210,121
225,7
126,15
80,20
36,35
48,11
62,44
21,206
20,8
24,35
81,62
26,21
83,19
115,17
103,19
20,81
44,5
17,27
22,12
165,13
18,8
18,25
46,3
128,16
49,34
93,79
20,8
19,9
78,61
42,26
26,7
39,56
29,68
79,12
89,17
29,45
81,12
31,83
59,62
63,28
39,4
39,36
48,28
24,74
202,59
52,177
31,59
179,38
20,36
17,108
195,23
56,6
54,97
32,124
213,146
20,48
81,2
23,8
19,28
49,22
55,43
26,131
158,100
106,17
156,28
88,98
18,67
19,36
81,38
53,28
119,20
35,37
67,4
37,19
55,21
99,41
60,94
32,49
38,28
98,105
57,12
57,4
17,8
86,11
36,143
119,6
17,3
17,3
17,3
117,4
27,49
98,17
18,79
43,38
29,4
50,39
17,40
37,3
106,21
70,108
17,27
31,9
15,43
74,14
56,10
16,53
50,20
46,84
23,34
121,12
16,4
47,27
95,4
21,26
22,14
104,61
66,13
85,46
78,57
69,120
155,34
249,12
28,8
148,7
46,80
18,43
40,81
127,12
89,83
50,3
49,20
71,32
80,66
67,66
35,54
103,19
15,54
16,23
34,16
164,14
90,5
27,19
17,91
54,111
151,15
23,4
27,8
17,56
97,71
82,9
70,9
43,10
165,23
19,10
138,12
27,27
188,101
75,68
49,17
150,38
114,4
28,100
91,28
14,16
111,22
176,64
102,36
154,4
37,3
32,58
50,36
145,4
23,36
21,45
36,39
29,75
44,18
57,57
66,33
123,3
14,16
127,59
50,41
76,14
74,12
30,39
67,14
185,68
18,41
20,26
26,68
71,32
34,15
33,27
35,38
23,38
65,5
34,113
16,37
71,5
153,96
71,13
42,26
122,12
50,3
129,21
136,70
19,52
68,11
47,118
108,10
120,38
41,2
72,49
22,23
20,70
52,43
15,17
17,79
40,39
24,16
40,8
77,32
43,12
178,15
155,29
82,6
22,143
104,3
82,32
25,53
42,30
199,25
20,30
47,29
36,9
29,10
36,30
128,32
17,47
73,20
37,148
30,53
88,36
173,112
85,102
119,143
21,19
65,50
38,20
74,49
31,25
52,19
125,74
100,11
127,28
25,112
42,17
89,75
57,25
55,5
93,22
142,5
34,19
93,21
35,70
71,5
24,82
95,11
28,39
145,14
25,26
180,27
33,91
131,15
241,56
32,36
25,12
49,113
87,86
40,3
18,50
51,97
14,37
136,142
248,30
17,3
14,39
46,11
52,69
45,56
63,3
61,24
118,70
116,38
98,6
18,3
74,48
45,9
46,38
108,27
19,4
104,18
110,52
18,17
132,4
29,43
17,2
58,32
35,31
79,27
115,52
92,21
52,16
72,3
66,34
42,32
77,21
36,123
48,33
92,81
96,4
15,18
52,3
58,19
269,9
61,155
23,101
32,60
119,48
110,11
26,5
95,42
69,29
20,5
43,26
30,15
44,11
62,52
25,10
27,5
293,45
143,3
76,66
45,11
43,3
67,10
21,126
30,38
52,2
87,29
25,7
25,58
19,61
29,7
62,35
42,13
23,40
52,25
45,12
277,43
107,25
41,114
20,77
94,6
153,13
126,25
16,10
98,3
36,8
77,26
109,16
34,85
212,23
19,37
25,8
56,3
14,140
17,12
57,31
28,18
17,54
86,41
22,17
22,52
39,3
31,29
90,18
216,10
123,34
71,21
30,39
31,41
50,24
23,162
77,34
38,51
34,24
33,4
96,15
85,54
81,5
18,20
44,112
72,18
35,42
70,33
32,23
35,23
42,5
39,30
257,2
51,5
64,25
19,59
42,74
14,42
59,44
130,23
139,116
26,14
23,190
41,25
19,7
69,63
40,71
44,13
58,29
28,4
129,4
38,18
31,125
98,35
269,23
57,20
74,7
128,4
115,12
100,61
50,10
48,27
81,7
14,43
60,33
66,36
79,6
20,6
20,7
99,13
101,204
69,20
35,69
106,74
99,62
98,91
34,24
253,21
54,67
25,2
15,49
14,20
94,97
36,68
42,17
24,10
84,86
88,5
123,220
14,128
15,23
19,53
114,10
110,29
20,15
86,33
38,5
35,23
51,7
38,26
45,2
42,26
16,34
221,25
32,26
32,88
33,8
32,11
87,36
33,17
54,3
45,142
123,22
193,9
97,174
25,32
30,8
21,17
25,12
179,63
87,82
228,83
61,33
81,62
76,48
30,71
14,18
22,46
32,36
29,16
19,17
123,10
84,109
107,118
58,15
19,70
16,19
21,36
87,193
22,49
38,4
70,9
64,48
88,19
25,50
45,94
15,25
63,37
106,120
69,45
69,13
18,37
15,179
17,104
31,47
113,33
16,88
85,9
30,19
70,24
104,2
16,46
34,20
122,46
95,50
15,41
34,15
105,9
25,7
43,57
26,81
61,13
19,12
44,14
54,19
22,12
74,18
154,3
39,26
90,17
68,12
153,17
37,22
38,14
39,8
24,148
98,21
129,31
263,37
39,46
63,106
250,30
50,89
97,90
126,42
170,107
43,86
103,28
14,17
42,52
32,13
72,20
53,84
301,148
89,19
44,8
240,68
230,9
15,9
17,21
186,19
60,72
28,84
28,91
138,50
94,89
47,6
92,53
25,109
69,21
82,5
37,10
66,16
81,4
18,57
15,13
98,18
88,2
54,98
52,12
90,49
38,19
17,46
79,22
39,25
106,106
52,82
26,9
48,27
149,101
63,24
89,27
134,58
64,60
100,7
37,35
54,14
31,2
42,58
38,49
69,22
183,10
37,28
87,27
67,87
29,115
49,20
97,4
46,19
288,92
130,11
27,81
37,53
107,7
107,8
155,33
75,32
57,16
34,47
89,8
36,61
16,3
71,17
71,141
223,19
32,25
63,35
116,51
123,107
30,51
63,36
167,29
237,10
41,49
21,11
36,35
46,20
29,47
94,26
23,20
27,5
200,77
139,189
20,70
86,37
82,29
44,27
19,19
106,73
136,18
34,16
61,14
42,43
28,200
18,121
91,13
22,59
45,27
19,23
22,20
99,32
37,10
118,56
31,138
25,98
26,28
16,60
50,73
48,17
54,12
31,29
70,4
29,16
86,32
66,6
109,61
33,17
230,63
73,53
75,2
32,41
57,77
62,15
42,32
27,37
108,4
90,38
57,7
76,7
28,26
184,62
20,4
24,6
125,3
33,7
15,133
50,35
67,100
113,68
90,73
29,5
47,10
40,58
31,8
26,20
52,14
26,121
104,91
83,14
15,63
153,35
50,10
83,19
16,18
150,45
98,4
24,58
79,29
37,6
16,23
56,56
26,67
51,50
251,4
86,45
108,55
18,30
104,4
16,3
40,8
39,162
35,55
19,29
37,63
21,16
46,115
32,9
20,34
57,21
126,17
36,78
18,46
44,7
101,74
32,8
68,26
78,4
148,10
108,18
82,14
21,10
49,44
20,61
38,35
90,24
22,65
15,22
149,15
36,13
16,75
183,13
76,51
17,7
58,5
41,8
81,3
96,19
37,54
68,32
51,204
124,35
86,5
280,67
57,24
69,12
40,82
22,5
125,12
55,20
80,27
52,30
82,37
17,79
161,41
48,40
20,15
31,207
16,72
158,72
97,41
50,5
30,75
50,84
77,16
72,201
100,91
23,22
66,2
34,82
41,22
40,3
96,81
105,8
42,44
22,57
26,96
105,16
24,36
29,36
32,48
59,26
28,67
46,3
40,3
56,68
45,125
55,9
37,33
81,20
15,46
42,92
14,9
68,106
50,17
45,14
18,38
18,136
143,28
29,34
104,2
36,18
42,17
90,15
135,4
21,11
141,24
71,30
80,3
142,46
41,17
68,124
116,28
34,19
51,5
129,19
36,2
290,69
168,23
40,18
21,7
189,47
185,17
120,16
52,3
14,22
59,21
41,5
224,29
58,2
18,44
57,15
22,35
87,25
49,26
70,220
70,68
30,36
20,5
82,36
25,45
32,7
76,57
77,13
131,35
58,18
19,8
34,49
28,4
70,45
17,39
26,8
16,35
118,3
31,55
50,50
80,45
89,73
83,129
64,6
55,13
144,26
58,23
45,6
20,50
61,14
73,96
102,112
49,8
77,3
34,79
36,6
84,16
43,34
20,10
20,2
45,77
70,84
42,39
33,12
18,149
150,4
16,30
73,12
35,27
82,55
35,11
42,10
96,5
54,10
135,11
51,11
24,7
21,34
55,23
18,47
46,129
14,94
53,149
46,14
60,43
60,15
45,13
104,34
64,30
20,79
43,50
68,81
231,55
26,8
22,16
253,65
147,110
18,19
74,146
19,8
36,5
68,151
62,22
31,28
116,13
23,19
163,38
67,23
122,35
63,48
94,22
37,45
52,53
66,85
191,24
41,13
108,26
51,81
65,27
16,18
115,22
64,35
35,5
131,9
53,3
90,55
136,49
22,132
15,64
26,53
57,117
75,27
19,4
24,11
48,2
91,10
14,20
31,65
84,71
32,2
96,43
33,20
64,27
82,20
31,3
104,14
79,14
19,38
20,15
38,8
220,55
19,70
16,10
24,18
54,61
20,109
86,45
38,5
26,98
66,10
39,120
51,139
16,7
31,5
33,34
19,62
41,8
18,27
32,47
91,41
35,26
36,15
30,29
72,4
89,9
19,45
19,97
20,33
67,19
35,15
80,67
64,45
123,32
49,55
76,37
34,23
61,89
44,68
77,67
53,3
39,42
14,2
26,75
25,31
97,17
15,22
51,29
37,47
49,34
16,109
53,49
117,15
34,5
103,9
85,20
25,66
80,28
30,7
19,17
56,88
55,28
46,67
37,37
157,20
72,42
91,19
46,55
95,26
146,111
54,20
34,5
98,41
111,126
21,55
198,12
20,20
114,16
60,22
30,39
34,26
39,20
58,10
18,73
171,13
37,70
20,62
15,22
31,26
72,36
77,66
268,8
107,4
29,133
153,57
22,11
170,16
15,50
26,15
50,10
44,89
34,113
49,5
25,45
38,16
23,86
42,15
40,76
120,7
155,48
31,29
243,33
29,6
231,22
18,57
25,11
29,26
55,53
79,36
36,92
90,59
80,20
252,41
74,28
78,85
113,26
39,3
204,98
122,58
100,13
50,15
59,39
28,15
73,31
32,27
16,23
16,3
16,20
74,89
34,38
70,4
18,27
43,7
91,30
61,15
116,16
68,5
21,31
35,193
102,70
44,8
38,17
75,66
53,29
71,37
35,20
18,11
57,51
56,83
89,45
60,28
68,103
29,12
33,24
31,43
16,30
45,26
41,10
122,14
24,194
40,80
77,35
111,56
105,2
42,21
16,23
34,14
76,44
118,12
61,40
80,185
46,22
41,14
197,11
84,15
91,26
42,5
128,18
108,5
86,42
17,8
88,8
68,31
84,5
16,12
38,74
220,39
77,43
23,55
48,239
38,83
53,38
79,18
19,44
33,3
110,5
190,9
27,36
98,29
73,14
63,10
63,28
97,15
56,78
101,43
34,18
15,71
62,10
16,146
48,19
15,25
91,11
26,176
15,11
45,80
21,26
25,13
50,62
108,16
87,91
23,9
76,75
36,4
19,14
19,85
79,196
36,43
77,147
22,24
62,28
26,113
33,74
33,4
79,7
69,19
73,30
27,145
28,94
72,7
91,6
33,27
30,200
38,45
177,200
46,14
38,90
42,18
28,63
23,4
45,28
37,60
75,68
61,77
86,3
24,40
108,25
183,138
116,204
24,23
23,21
43,111
43,48
181,47
208,42
27,20
70,60
32,4
106,22
22,7
89,21
38,7
85,3
92,26
76,26
51,14
110,7
62,86
44,45
83,36
127,22
101,52
38,16
57,5
28,14
45,13
61,6
32,53
145,41
32,106
23,92
30,36
28,5
111,23
37,28
94,6
85,19
52,14
22,5
40,18
18,44
60,63
55,39
173,28
121,120
44,78
76,54
100,19
94,8
101,19
112,91
47,21
104,11
45,14
87,46
30,24
172,25
20,43
65,19
83,14
79,18
99,13
18,56
56,8
78,9
129,17
56,57
104,16
36,18
118,23
47,17
48,35
34,16
36,34
118,23
35,98
15,51
55,17
15,47
65,43
95,21
45,80
116,13
41,26
59,31
20,7
72,35
61,2
17,14
45,103
24,16
63,32
45,5
71,19
179,23
17,29
18,81
14,7
20,96
17,2
116,96
41,101
22,15
128,17
18,23
18,57
36,26
150,22
56,15
16,31
50,38
24,54
34,40
36,25
47,12
109,6
49,10
32,31
29,108
64,42
55,100
67,64
81,132
34,5
135,13
98,28
15,68
69,74
21,43
46,11
21,22
30,95
42,82
54,90
76,22
119,32
19,21
26,104
60,24
194,44
30,26
37,29
187,31
39,9
58,43
57,17
21,5
31,42
21,10
28,51
21,14
30,5
76,29
193,31
51,36
25,13
134,131
45,47
14,14
24,43
55,22
80,53
27,37
71,53
32,72
62,38
17,27
99,50
84,12
36,22
15,5
55,13
55,10
148,36
53,113
29,19
241,4
70,61
64,11
53,47
24,91
20,11
22,71
16,23
19,58
21,27
84,30
39,15
32,15
72,21
84,122
36,34
173,6
166,21
19,18
91,31
106,47
204,100
78,10
62,43
83,50
100,103
37,95
43,7
22,41
68,146
21,39
71,41
84,17
54,13
26,98
38,36
63,33
159,15
36,46
47,28
23,8
76,40
61,20
47,4
81,20
19,46
252,54
86,38
99,13
20,49
54,25
58,48
64,6
63,64
14,15
99,80
121,4
68,47
68,8
184,59
20,3
146,17
38,35
30,24
22,3
18,49
30,22
47,11
25,12
23,8
22,54
36,86
24,6
20,117
58,149
59,23
56,29
42,120
22,56
187,37
15,9
68,109
14,34
201,9
38,10
94,3
127,47
24,13
74,26
41,15
48,7
46,24
19,75
42,82
19,22
29,3
67,97
24,64
23,13
40,84
92,10
19,25
39,4
34,114
41,24
17,8
186,19
142,21
24,42
20,11
47,25
55,26
62,9
27,17
15,7
21,31
29,6
31,141
38,28
104,43
19,32
23,17
228,6
72,48
15,7
69,21
193,32
63,39
21,19
132,3
22,45
132,119
297,4
103,46
29,16
37,28
129,18
15,36
130,45
41,57
49,2
104,10
45,17
24,12
100,62
118,29
104,15
80,4
33,3
15,16
236,90
50,42
142,11
89,50
37,38
22,7
36,16
72,4
215,9
68,2
190,6
56,3
26,2
29,71
74,144
52,11
75,63
157,157
47,10
56,74
85,58
30,9
120,132
75,17
91,30
37,36
15,206
109,32
72,15
14,32
96,34
18,17
35,6
15,24
78,24
40,31
212,62
24,10
37,22
104,9
23,57
228,21
44,30
35,15
77,36
91,87
19,36
77,7
19,20
21,13
73,17
70,23
30,22
184,51
25,13
34,6
22,14
15,77
124,6
34,34
17,46
64,41
36,9
112,11
142,37
176,46
30,14
59,2
163,20
27,61
73,51
99,42
42,33
131,21
63,44
154,8
63,44
77,55
124,58
60,7
39,92
49,3
94,5
39,27
16,121
24,25
24,23
58,32
64,4
15,5
59,7
77,163
88,61
15,47
52,49
18,90
18,37
24,10
15,25
27,27
15,60
35,23
235,15
106,12
75,78
71,29
48,64
95,28
26,38
45,14
86,54
37,66
241,83
50,18
84,39
17,51
43,6
170,24
63,12
115,9
116,60
46,58
21,14
84,29
113,34
24,55
21,4
35,117
204,34
91,14
27,10
65,3
93,8
64,45
30,32
33,29
122,19
18,50
25,62
52,30
196,10
40,127
29,42
45,13
16,11
155,14
39,25
37,10
55,24
56,78
51,4
61,82
214,42
17,48
166,44
41,25
64,15
16,29
107,74
115,64
32,138
80,28
83,52
14,37
81,12
27,16
114,11
27,82
99,27
84,18
37,99
48,32
20,35
21,43
41,14
38,51
129,101
21,86
233,40
105,8
27,14
31,32
48,58
35,45
71,16
53,3
56,4
27,9
45,56
138,56
16,39
42,4
25,42
109,81
63,91
57,47
179,167
121,4
77,113
26,83
54,22
155,6
145,145
40,45
69,23
238,36
52,43
29,9
16,4
68,19
51,22
19,139
36,15
151,28
124,18
178,86
45,85
67,32
101,18
71,48
32,23
42,53
62,106
176,32
77,10
35,44
41,4
43,50
213,6
34,14
14,5
44,44
148,14
24,9
89,24
54,14
128,16
27,20
41,47
34,74
56,58
33,79
33,105
147,81
41,7
36,48
17,96
35,35
62,19
49,38
50,92
170,14
73,6
43,55
103,121
96,47
41,44
76,4
17,4
36,8
92,6
57,69
103,100
45,18
49,11
90,5
124,26
133,6
71,28
34,18
24,92
48,56
87,93
42,37
40,30
33,4
27,25
92,52
83,58
37,25
106,25
83,28
70,33
182,62
15,28
77,22
119,21
42,59
92,9
29,33
22,16
180,34
31,21
53,2
122,22
68,43
19,104
28,13
83,37
14,42
112,15
62,54
24,5
41,16
28,5
17,22
91,20
71,69
43,106
85,43
16,38
28,25
77,39
46,13
139,75
18,62
27,17
48,33
128,16
30,27
22,78
15,5
79,66
115,62
26,16
160,57
97,12
32,65
65,20
22,4
43,41
60,26
21,36
25,20
74,45
38,7
82,92
60,44
252,6
56,6
65,162
241,24
73,63
60,148
178,85
34,51
154,46
31,55
96,31
57,54
105,3
108,5
24,31
20,50
93,50
61,31
30,54
84,9
257,30
24,4
20,131
38,27
188,111
94,27
92,4
55,33
129,71
16,50
72,14
192,5
80,10
72,54
95,70
75,44
33,9
22,16
16,13
98,30
19,19
41,12
43,50
71,37
24,42
64,33
17,64
66,4
25,16
24,27
88,69
142,50
35,49
37,2
46,25
16,12
29,47
14,5
20,7
28,14
89,18
113,15
48,92
20,55
28,99
54,111
101,6
15,60
43,58
28,104
49,28
95,4
35,198
223,10
76,8
101,54
72,28
24,12
104,49
126,43
37,48
36,42
14,35
151,15
37,6
54,61
22,31
78,18
123,135
46,43
19,6
62,79
20,167
131,2
179,4
70,45
30,58
41,32
168,3
25,178
30,7
93,20
24,17
58,11
66,46
51,22
253,6
51,9
63,20
145,13
131,40
46,40
99,11
48,10
16,3
83,18
19,25
16,7
53,8
101,62
140,3
76,7
33,82
33,46
18,20
34,66
157,76
58,32
220,5
122,43
40,19
18,25
126,11
148,39
97,16
40,23
29,89
51,16
27,66
112,165
91,92
26,13
28,18
32,16
24,71
88,10
284,22
94,29
23,8
64,2
84,21
23,26
28,16
16,61
39,45
17,10
31,48
18,39
139,3
153,18
88,76
48,10
52,22
37,22
123,76
33,114
77,37
24,16
46,25
121,8
140,3
53,40
96,101
37,50
22,6
32,54
33,87
154,34
68,23
89,25
17,36
98,31
61,34
65,20
246,18
89,59
22,16
180,3
28,4
83,3
147,24
48,19
77,11
40,43
34,42
79,6
40,11
31,106
95,36
128,12
39,38
19,13
23,13
48,3
48,30
59,54
108,115
234,21
16,71
16,35
67,33
148,84
85,5
19,41
24,17
32,61
17,28
164,48
171,8
65,10
25,29
90,57
80,187
21,102
30,46
62,31
115,33
39,20
53,38
56,6
31,4
102,4
102,13
22,26
27,14
66,48
22,84
47,2
16,56
36,22
41,18
51,80
16,10
17,15
22,52
79,39
18,38
47,132
172,24
88,5
58,131
56,111
29,26
80,136
87,15
23,7
113,10
16,7
113,37
97,7
141,22
30,157
225,180
75,35
83,7
86,60
75,16
147,22
18,66
47,34
43,45
109,75
23,41
119,33
63,10
29,18
36,38
22,75
44,6
53,8
35,33
72,16
123,22
81,20
78,39
21,39
15,130
79,173
25,76
144,6
47,31
47,39
62,38
143,3
49,20
138,9
16,20
29,87
61,21
103,29
134,17
62,17
57,34
15,101
39,27
143,21
135,6
38,70
54,19
35,4
24,25
36,25
18,4
46,26
24,5
45,15
20,71
40,55
23,11
57,127
22,24
52,12
23,28
104,7
94,21
46,60
24,91
15,43
16,41
17,84
167,6
35,19
106,54
38,41
21,3
36,49
26,6
61,25
128,42
48,24
34,20
101,24
35,18
24,12
20,56
18,20
69,71
20,51
102,27
20,51
102,11
34,126
73,4
18,8
31,107
77,4
103,14
122,22
22,128
38,45
105,91
28,14
20,9
75,4
29,2
21,63
49,32
29,21
158,26
75,8
66,61
34,23
73,74
67,27
77,62
26,29
95,5
19,3
116,37
24,27
56,53
44,2
60,28
25,58
26,36
41,31
27,52
117,80
44,10
56,16
59,33
138,4
98,6
36,41
37,6
122,50
20,39
193,26
231,6
38,92
19,20
31,6
63,189
120,123
66,96
60,7
44,78
50,84
103,4
104,124
25,4
170,20
189,39
74,20
16,97
45,36
24,30
84,28
83,61
33,60
14,164
100,86
176,37
92,62
38,70
86,59
16,50
107,37
59,52
122,7
36,49
58,32
248,13
89,15
59,38
39,21
126,19
101,55
22,60
70,49
43,45
38,17
65,2
23,25
31,5
128,43
160,5
46,50
48,92
16,45
15,38
23,76
27,8
19,50
23,17
65,59
25,3
81,6
35,33
96,58
30,15
72,70
217,47
76,30
38,45
36,10
33,4
25,10
117,128
58,71
17,26
111,7
75,10
36,91
97,9
68,18
38,62
130,23
29,8
60,9
34,70
23,13
67,15
298,14
74,4
24,2
64,11
15,17
65,35
52,7
19,87
21,19
23,80
71,57
60,51
208,64
17,5
24,60
67,3
32,21
23,21
19,8
120,79
43,231
58,6
26,53
32,15
37,21
83,92
138,17
47,20
71,35
199,29
15,41
26,65
43,11
98,23
17,18
22,19
49,17
34,30
202,125
19,4
225,55
170,156
45,49
47,56
58,23
185,2
115,13
24,32
37,24
297,61
20,25
121,4
16,13
76,22
52,9
100,4
31,16
74,65
40,28
25,75
171,129
31,45
73,29
76,124
28,23
83,40
29,125
65,20
40,22
63,49
262,3
47,39
91,23
86,56
121,78
109,31
69,48
22,16
15,60
92,11
15,20
38,8
20,122
150,77
112,34
14,110
73,21
42,15
56,120
53,91
22,5
59,28
69,63
73,43
104,26
23,11
120,22
149,67
33,71
20,62
300,36
17,12
61,40
136,14
33,43
40,6
74,27
20,75
81,19
46,16
165,37
82,45
95,78
21,13
109,3
19,23
17,64
169,56
90,31
42,78
41,39
65,37
46,85
262,2
49,118
53,10
137,36
38,14
29,54
18,4
21,25
155,27
37,47
80,36
77,8
76,79
30,83
39,6
40,19
156,53
19,18
147,23
162,5
62,23
108,88
46,42
28,26
48,37
17,15
25,92
171,5
16,29
58,20
43,50
120,100
29,21
91,83
34,63
22,205
36,20
49,6
129,4
89,20
17,19
26,5
23,37
30,6
44,124
225,7
41,170
51,4
106,38
16,31
74,50
29,18
153,127
56,73
20,28
112,16
37,109
17,39
58,119
38,38
30,17
39,12
30,11
25,15
81,37
51,24
198,92
69,14
34,24
29,48
20,100
49,25
15,34
40,69
28,35
25,71
46,78
16,25
19,51
42,21
42,38
148,3
48,10
67,33
97,48
80,22
28,8
40,55
17,60
44,44
36,47
48,55
39,5
37,17
133,32
49,34
86,45
30,46
46,4
75,8
18,26
103,50
42,34
88,18
43,35
24,64
70,37
76,8
188,39
41,26
21,65
69,75
82,63
57,5
36,9
20,31
43,24
25,31
27,45
16,73
81,11
63,170
111,54
174,8
31,2
95,40
66,10
34,47
32,11
58,161
47,11
23,24
58,19
24,44
21,75
15,58
15,5
26,22
45,75
82,24
92,85
49,34
24,91
56,25
76,27
46,36
124,30
15,17
39,9
60,38
101,11
37,22
177,20
69,12
23,21
36,19
52,88
25,35
51,108
50,12
156,5
61,82
100,11
17,18
40,55
34,18
84,61
47,9
38,6
28,44
23,36
64,18
30,156
28,2
64,16
40,25
16,53
142,11
45,12
107,10
78,30
19,24
131,12
22,3
43,5
37,19
102,14
67,115
252,16
26,14
67,23
17,106
79,44
101,7
43,19
24,64
14,5
20,136
25,3
23,68
40,7
69,100
52,76
60,3
34,16
22,13
18,5
33,32
24,36
114,50
71,58
48,22
41,53
53,16
58,56
16,11
88,43
54,4
210,22
88,42
157,17
15,24
24,27
15,9
23,48
25,50
45,104
90,17
25,21
130,18
66,17
31,5
17,24
22,93
30,38
28,147
28,11
53,31
36,40
207,123
43,58
15,117
31,69
42,109
145,14
16,3
39,35
24,22
50,9
32,44
71,12
122,17
35,35
20,69
153,147
16,41
89,3
25,52
208,38
115,63
17,74
92,20
102,40
122,5
38,7
33,76
174,9
27,26
26,109
27,14
100,51
128,4
29,55
33,18
44,3
182,12
22,14
17,11
119,30
57,38
40,207
83,30
59,85
71,9
111,93
18,2
56,45
144,136
86,19
98,35
26,29
35,3
19,29
91,4
105,48
46,25
19,28
110,142
89,75
44,9
22,47
26,7
16,26
64,39
66,49
244,14
71,14
22,90
21,96
154,13
114,224
65,3
27,20
228,46
61,4
18,109
23,7
83,51
125,9
106,11
143,45
33,27
298,26
57,111
32,11
155,82
41,24
251,4
113,14
75,3
113,27
61,64
16,15
29,11
26,18
62,41
76,39
26,12
61,15
108,52
205,53
22,13
29,4
45,60
22,9
22,163
34,64
33,23
37,59
130,72
36,77
59,22
57,9
199,45
29,55
50,32
65,18
68,16
21,24
96,19
20,12
37,7
222,4
16,6
104,114
49,26
31,24
32,30
97,40
56,6
36,12
63,214
14,23
21,51
18,10
29,47
226,105
72,30
51,59
116,13
63,55
125,16
29,107
24,174
34,20
28,9
14,33
26,46
36,14
85,98
46,36
22,23
86,19
65,21
191,96
45,16
15,30
113,99
68,30
62,26
29,37
68,20
26,43
31,18
25,14
145,73
14,11
18,24
30,38
24,81
171,4
150,25
83,41
16,45
58,9
174,6
34,66
21,7
168,11
16,108
16,23
135,5
25,3
47,42
64,129
80,23
28,49
24,103
83,25
85,40
62,34
30,23
116,117
29,2
44,17
107,13
189,13
42,16
61,72
32,32
46,62
15,37
17,73
52,26
175,9
90,7
25,4
18,28
23,8
49,50
82,45
25,69
17,75
102,77
61,29
26,39
22,74
103,7
19,18
58,26
102,3
110,37
24,47
32,3
26,24
64,19
23,5
18,8
33,11
161,152
23,51
209,88
39,44
68,13
21,49
54,70
186,112
27,3
233,38
51,13
33,7
74,18
16,6
141,22
28,47
23,63
34,32
68,35
134,32
40,54
48,35
30,5
66,34
22,8
82,5
20,34
147,56
55,56
50,5
102,19
77,3
43,98
29,30
31,73
123,49
53,29
38,21
61,8
74,8
52,9
128,142
21,115
74,52
34,47
15,44
58,2
22,9
82,9
65,87
23,42
147,17
37,62
22,91
119,23
38,44
226,19
46,90
146,25
83,2
117,37
50,22
28,26
62,31
152,144
25,69
113,30
100,15
60,102
145,62
47,29
54,32
33,7
56,124
69,25
26,20
21,53
88,33
32,24
51,32
39,52
19,27
43,70
23,28
51,60
48,3
30,28
72,10
36,30
49,38
21,25
21,19
40,7
19,14
120,29
26,53
29,29
50,57
72,6
52,23
64,63
133,63
25,151
39,47
21,63
73,27
91,22
67,6
90,55
62,7
57,39
29,63
78,30
29,20
51,47
50,94
25,18
166,57
38,14
71,20
50,36
65,31
92,45
24,9
45,47
48,2
99,31
34,2
77,82
20,51
28,150
127,2
101,64
39,3
59,40
61,77
28,18
31,3
45,157
28,48
35,45
57,41
119,99
24,26
29,47
34,17
150,19
92,41
87,26
19,31
40,53
122,5
34,45
32,40
68,51
68,2
53,20
74,53
171,144
49,29
27,59
145,109
119,77
28,113
78,129
18,20
14,10
88,22
106,18
35,7
16,10
31,25
15,69
35,55
137,13
112,37
29,43
26,35
67,23
57,50
184,80
137,30
19,99
23,58
34,11
61,10
125,67
19,74
164,7
52,150
45,18
104,42
113,138
83,61
83,5
40,138
38,94
50,27
52,17
40,37
60,29
20,87
63,3
14,44
33,8
27,52
111,4
24,23
138,71
18,28
17,17
24,63
18,69
20,40
290,24
225,3
18,61
68,58
29,5
74,146
165,100
17,110
262,36
18,5
41,107
44,5
31,46
51,14
47,59
75,14
87,6
43,7
133,4
18,122
203,26
42,8
39,18
28,16
101,5
28,5
44,53
51,42
27,2
46,22
259,35
53,10
54,75
72,4
21,42
67,9
43,21
143,34
23,63
25,29
32,14
21,3
62,26
86,33
59,32
35,21
59,12
47,25
130,28
38,9
61,24
112,14
25,7
38,76
40,14
22,11
130,43
256,9
17,28
51,14
42,12
18,18
36,14
30,29
18,9
32,76
63,71
51,2
26,16
189,8
44,18
43,63
32,7
121,78
36,69
36,60
15,18
83,50
81,120
51,27
167,20
94,75
34,9
30,6
22,19
22,19
16,73
34,38
17,70
43,20
16,31
19,75
48,5
48,25
17,5
33,43
58,3
23,54
70,7
42,6
15,8
196,9
143,68
70,7
54,9
29,19
46,48
15,21
68,56
134,21
39,41
58,2
47,35
46,70
47,3
74,11
21,3
89,50
24,23
54,7
17,51
114,60
14,15
15,25
38,52
86,4
78,60
77,12
17,52
24,133
109,18
90,12
68,113
95,22
73,40
43,40
21,24
81,17
83,17
141,85
17,11
30,27
21,28
76,40
22,18
75,45
69,51
184,75
98,82
60,38
127,40
83,28
206,27
16,14
143,80
192,2
17,32
114,53
189,34
22,28
63,76
43,37
34,158
17,41
16,80
79,130
81,3
68,103
75,29
125,12
251,28
20,11
26,32
29,26
66,236
103,11
92,13
256,27
52,44
77,16
47,10
16,17
58,45
52,80
19,165
53,18
142,164
42,15
56,27
16,99
92,54
70,59
36,22
120,36
57,9
107,55
187,18
110,19
55,63
25,14
155,153
180,20
27,21
67,19
25,22
56,12
111,63
85,34
30,83
69,62
105,91
17,8
208,98
21,47
107,34
98,72
56,64
18,4
21,2
61,20
88,49
66,15
58,4
155,114
49,15
40,40
246,12
126,11
36,14
49,29
31,44
33,3
14,12
16,39
37,9
111,12
58,29
37,14
34,12
17,5
95,20
63,6
107,36
39,80
25,12
18,160
43,87
118,32
24,5
16,22
205,37
55,28
20,50
162,14
174,148
26,92
50,38
107,43
36,20
38,21
48,15
56,3
31,41
72,22
26,37
18,24
73,28
50,21
127,4
39,22
107,60
46,40
38,6
142,40
58,15
60,65
42,106
62,12
70,23
48,21
38,20
66,47
57,24
44,23
29,124
20,9
56,31
34,34
101,99
202,53
25,74
46,123
36,18
171,13
25,54
16,19
61,3
65,58
107,51
172,13
70,109
57,10
58,133
16,55
52,37
104,9
18,9
24,113
158,31
38,56
25,30
97,6
74,6
16,27
241,21
15,23
52,5
69,13
187,15
168,16
18,21
78,3
19,57
45,10
253,3
87,12
94,32
51,17
68,25
47,57
67,21
139,23
39,60
92,138
166,23
132,79
24,3
25,15
20,143
33,32
54,65
75,4
31,18
90,87
103,3
38,54
17,32
101,34
27,3
21,116
26,26
98,69
41,23
91,5
16,63
94,9
22,43
128,7
27,15
16,58
41,41
70,68
106,6
42,77
203,29
38,40
18,19
35,9
59,58
46,97
89,12
117,8
119,8
26,20
18,70
98,49
24,13
31,20
111,70
115,10
16,83
93,4
40,17
113,51
207,9
24,19
33,19
38,2
25,55
43,30
51,43
129,44
141,65
129,46
16,31
55,11
45,41
97,15
46,35
58,34
63,60
23,27
34,4
153,29
16,20
60,49
34,16
75,48
28,82
27,26
32,32
15,103
104,35
74,15
89,42
24,23
29,27
77,9
72,46
98,6
106,20
196,34
37,19
21,151
61,43
31,84
33,12
17,22
24,7
54,9
85,23
18,16
14,35
127,57
16,61
210,67
16,216
71,49
68,3
36,9
206,3
122,28
45,9
125,41
46,18
22,63
33,17
29,24
47,72
17,27
25,8
58,82
57,94
27,170
15,8
42,10
46,77
29,35
129,177
35,60
54,63
16,34
134,99
100,41
137,57
54,17
113,3
14,32
67,5
46,22
73,46
130,5
129,55
104,113
35,14
87,19
72,67
68,35
67,44
52,17
78,150
45,8
18,62
25,66
106,86
35,9
150,205
35,28
41,24
53,9
32,20
23,34
45,79
29,4
90,77
26,15
39,7
43,106
63,75
27,17
26,11
45,15
39,7
146,51
63,98
47,2
72,36
73,9
15,20
44,31
24,85
154,79
21,12
34,17
41,170
105,93
55,4
48,4
50,70
20,24
17,81
63,63
49,50
36,37
62,17
44,20
15,85
32,67
121,24
63,19
59,127
58,122
20,24
27,96
33,3
60,23
256,83
52,22
234,75
55,92
40,82
82,7
23,26
16,46
102,129
88,13
27,78
43,4
53,51
152,22
51,37
75,60
40,121
26,16
151,66
51,7
37,58
96,20
88,2
166,111
70,73
22,6
70,5
29,44
104,9
136,25
14,33
19,7
23,64
31,15
16,59
43,8
21,14
92,63
32,13
78,8
69,20
75,61
67,67
148,29
106,53
93,4
88,16
63,26
142,6
32,56
108,17
178,49
73,10
31,3
44,12
63,30
163,36
95,17
148,23
183,31
42,10
82,90
99,10
57,12
145,86
37,7
20,25
88,33
119,12
29,19
163,55
100,47
49,69
61,5
164,36
47,36
21,47
93,46
85,42
145,56
55,9
36,114
80,31
167,34
35,20
104,12
23,17
157,2
81,37
34,25
34,21
24,154
22,15
27,36
49,25
40,5
37,41
60,33
118,7
68,21
79,93
51,48
117,27
54,30
20,5
19,59
31,83
30,11
218,17
92,23
41,21
37,21
23,95
59,38
35,18
40,56
107,38
40,55
30,67
163,10
26,10
18,27
43,28
20,18
138,42
44,6
64,180
120,59
29,94
20,66
156,14
38,15
59,117
77,11
143,43
46,23
275,49
43,33
115,51
69,73
91,61
64,8
201,7
46,70
78,33
53,25
37,53
28,68
131,47
52,15
14,54
15,8
118,8
98,14
26,3
27,3
47,37
68,63
34,25
71,33
208,74
278,5
40,5
56,53
35,6
46,43
45,75
48,78
39,5
51,3
39,10
24,71
67,92
22,38
116,34
44,73
72,20
21,15
54,11
128,11
25,67
43,19
17,127
93,149
47,10
30,64
114,22
161,106
89,137
56,79
53,20
15,20
17,58
254,11
91,12
220,26
85,7
49,24
115,65
197,8
47,52
34,72
53,7
187,8
18,93
57,27
30,50
160,8
44,70
42,53
35,25
28,108
132,11
22,8
102,133
25,8
49,90
134,227
138,34
94,7
16,136
82,109
33,16
146,37
91,24
178,74
163,68
85,12
237,19
34,46
27,2
16,4
20,2
31,20
32,45
157,3
34,104
99,12
40,10
28,18
72,32
114,43
44,11
26,24
74,19
206,205
36,13
61,26
42,46
64,12
17,46
51,39
29,22
21,52
83,60
51,31
192,25
62,189
56,12
50,64
44,9
33,33
31,32
55,58
75,2
282,121
47,18
92,27
33,30
89,5
42,7
32,106
255,73
26,4
22,3
81,82
250,20
30,55
62,88
42,17
15,19
35,30
38,21
25,20
113,112
32,24
130,15
37,37
210,131
16,162
101,4
23,17
16,43
200,17
127,3
140,43
94,22
20,11
33,127
21,8
132,153
26,50
23,13
60,30
54,20
23,8
40,96
47,17
44,26
52,15
74,17
62,7
54,19
43,14
18,54
78,29
23,20
22,3
86,36
49,4
15,22
57,26
95,44
240,50
15,79
91,7
32,11
83,11
161,64
111,13
34,13
238,91
73,8
131,38
30,52
51,23
58,116
51,15
73,10
22,24
60,36
15,27
27,9
83,59
146,146
56,83
113,67
156,5
21,3
17,44
36,34
18,4
195,72
98,41
62,35
94,14
23,10
99,128
55,18
105,20
62,24
15,39
63,8
20,72
91,20
18,97
182,4
93,58
20,40
15,29
148,21
28,51
44,10
59,45
77,23
36,65
22,62
54,25
25,15
85,119
54,27
117,14
82,90
25,87
33,103
64,12
39,27
81,57
38,80
15,2
101,60
80,65
57,21
19,79
20,4
22,23
96,105
46,150
50,12
58,23
63,4
40,41
84,58
21,23
22,35
17,40
159,27
93,50
51,17
21,41
160,76
39,41
91,24
43,18
244,4
45,24
63,52
36,24
59,12
25,13
105,180
35,85
73,11
16,27
58,21
105,36
23,3
74,7
26,19
42,112
81,10
27,79
76,18
43,15
66,17
86,29
28,80
33,16
164,70
54,25
109,27
24,183
101,155
32,68
20,7
69,34
23,90
42,15
37,45
134,14
60,11
23,13
168,36
46,11
72,11
18,94
163,7
18,14
81,16
79,6
25,19
104,39
209,67
38,20
28,27
63,17
225,3
34,5
19,56
64,8
26,7
144,43
71,5
34,51
141,39
46,63
121,129
94,33
49,16
167,26
100,73
51,10
69,54
36,5
45,32
17,61
105,40
39,21
108,27
52,6
50,31
19,23
23,20
146,8
47,13
162,17
59,27
35,57
22,13
53,60
68,36
58,22
43,28
19,81
154,31
133,35
71,15
64,10
100,48
122,15
76,43
40,53
18,49
20,33
79,25
63,104
45,11
45,158
88,35
105,18
68,23
34,49
31,158
48,107
80,78
17,29
94,5
38,32
68,41
40,41
25,18
39,46
75,56
75,67
56,9
29,25
139,15
59,52
132,74
124,12
62,4
20,51
76,53
34,37
49,18
33,25
25,108
15,46
34,57
83,18
37,4
17,6
41,46
35,7
69,7
119,4
122,16
196,53
189,30
59,10
18,5
26,21
63,5
32,26
23,52
87,3
31,94
42,4
26,27
49,31
69,11
227,8
65,6
85,49
124,2
99,38
110,20
24,35
44,4
17,82
58,33
82,8
68,69
40,93
69,30
68,51
38,113
63,8
83,23
90,87
29,24
60,11
43,12
46,13
134,98
31,130
21,59
96,61
154,6
40,51
97,32
88,48
141,54
79,14
27,5
25,52
26,55
20,27
25,37
61,18
99,42
18,6
79,74
14,78
47,29
76,16
68,83
46,34
32,50
41,51
79,89
96,30
116,14
45,44
41,19
30,43
30,80
74,16
113,11
28,9
34,26
103,58
60,51
129,2
34,14
21,18
105,13
22,11
201,101
25,41
21,18
65,2
105,11
130,154
52,56
27,14
173,53
92,41
100,43
76,22
25,31
157,5
104,67
77,24
71,13
71,50
26,40
61,41
31,24
48,58
54,21
29,8
16,101
15,62
33,71
92,14
26,43
61,25
37,8
56,26
159,22
104,19
55,51
54,6
16,40
168,40
120,70
171,43
175,22
16,96
39,10
169,72
105,19
59,6
88,57
60,39
197,59
35,134
70,22
107,57
56,29
14,47
84,51
75,29
32,44
42,78
21,53
30,4
20,59
21,105
30,30
96,14
55,82
23,22
72,86
14,10
75,120
66,28
108,39
177,18
51,29
38,8
187,30
180,49
80,44
49,25
78,92
56,8
63,7
18,30
76,2
131,23
42,51
16,22
18,21
28,16
25,25
43,3
44,37
198,16
31,39
54,9
45,11
21,55
71,5
59,9
112,78
35,14
22,11
44,19
54,28
80,18
23,49
92,15
203,83
28,43
70,12
14,63
23,78
32,30
19,22
17,11
27,21
130,31
42,3
19,21
217,10
54,4
81,45
123,17
59,13
49,24
20,45
80,67
77,10
24,7
18,52
24,27
86,6
63,17
21,17
27,86
25,82
32,117
42,19
45,89
149,24
26,7
95,47
22,52
43,13
58,107
35,37
70,17
74,30
28,12
195,14
57,61
218,16
33,15
74,29
20,16
41,9
38,55
150,36
76,46
29,36
61,18
60,23
215,18
16,120
42,9
40,47
21,44
24,6
155,35
110,73
52,8
16,18
50,20
225,40
111,6
217,23
19,20
42,21
41,30
59,56
72,9
25,50
40,2
125,31
53,16
144,35
15,11
53,136
27,52
110,23
143,43
32,50
47,15
228,47
83,17
73,70
55,12
123,24
67,18
150,19
34,7
20,90
199,34
116,10
42,7
42,5
47,24
133,64
27,96
31,67
123,74
117,21
43,15
20,108
42,11
19,6
166,4
110,31
86,16
79,7
78,38
48,5
36,20
142,13
58,69
46,22
49,6
111,22
87,22
39,88
83,75
17,80
178,3
61,48
42,11
82,18
32,143
33,34
20,160
21,93
67,71
50,3
60,20
36,13
134,71
80,11
19,86
42,135
28,13
25,80
127,33
61,26
37,57
28,17
86,92
45,35
129,6
66,10
14,44
36,75
23,10
47,12
38,41
64,14
49,9
59,31
54,6
16,6
155,116
63,41
71,23
53,71
68,17
34,23
56,22
19,62
39,92
58,38
75,80
19,6
32,37
38,28
22,77
73,4
41,55
116,17
118,15
26,2
51,57
43,71
20,34
50,30
34,15
15,15
140,4
26,38
17,14
23,3
76,21
68,21
21,57
47,58
209,45
29,81
30,3
47,73
20,13
25,19
213,30
42,26
44,11
101,64
16,13
25,93
14,111
96,48
40,2
78,13
16,194
33,71
23,40
126,4
74,15
137,24
19,68
57,19
182,23
21,6
60,15
54,67
35,3
87,55
17,47
17,7
47,20
134,7
15,28
19,23
79,12
18,53
26,65
34,6
19,28
129,13
36,22
63,15
179,15
59,22
40,30
75,41
262,18
21,3
65,164
36,23
63,21
98,29
15,43
65,14
25,86
33,82
152,7
164,18
67,124
34,21
38,87
15,37
128,30
17,6
17,4
68,7
27,11
61,5
20,9
176,33
74,50
106,47
90,14
60,13
31,7
165,122
25,35
25,28
28,45
25,37
33,19
36,66
25,16
44,32
81,5
15,66
33,29
17,93
17,128
34,30
43,40
18,29
67,4
19,9
20,8
43,67
23,4
82,7
31,27
66,3
33,38
44,25
72,20
29,49
71,88
28,55
26,63
49,3
45,35
33,34
96,36
16,28
61,4
206,58
243,2
166,32
38,68
20,21
20,6
131,65
22,17
26,11
116,58
33,2
51,31
165,9
41,12
194,37
21,76
47,65
125,15
62,47
171,13
52,25
78,48
71,21
92,20
86,30
246,28
23,74
78,45
28,45
15,8
49,34
39,17
59,41
51,8
46,5
69,34
36,197
30,23
101,4
25,148
81,12
34,95
73,16
98,30
17,8
15,153
50,37
242,8
59,7
73,49
45,50
107,10
26,9
17,18
37,19
198,31
15,43
48,37
29,42
18,28
40,9
63,30
28,11
182,22
39,76
28,33
91,7
22,17
110,22
89,88
19,58
265,20
118,47
32,17
117,5
120,136
33,15
69,102
88,50
26,60
124,58
16,38
86,22
15,223
18,15
32,28
27,111
140,36
41,58
93,12
53,2
163,46
54,3
43,12
60,7
75,2
19,12
72,95
24,16
83,43
71,13
61,19
41,20
86,17
25,21
101,17
21,55
173,31
25,5
81,21
60,13
41,67
35,8
39,89
28,6
47,3
44,21
70,9
215,14
45,49
30,12
235,20
155,25
152,17
29,26
59,22
35,92
92,57
120,61
114,18
38,8
131,39
90,29
117,12
41,17
206,18
71,25
32,28
33,6
48,37
57,44
81,78
88,26
30,40
236,57
174,18
99,19
20,57
62,14
62,34
14,12
84,19
22,4
86,48
39,21
71,42
67,42
42,8
23,32
17,3
53,26
31,21
19,36
79,75
97,38
22,49
137,29
78,33
27,31
71,4
150,9
28,44
61,55
53,9
16,48
18,16
31,25
43,46
61,15
85,20
220,7
141,99
16,8
98,38
20,5
28,9
63,28
60,53
170,119
79,6
68,187
183,19
177,6
40,20
45,69
72,13
95,39
45,61
86,17
162,16
21,19
91,47
20,18
36,48
22,9
141,16
55,23
37,2
56,10
17,34
20,26
54,3
38,27
37,9
37,143
52,10
36,61
94,47
38,8
72,17
90,7
44,32
45,15
27,38
103,17
19,16
16,40
36,49
23,72
137,96
115,23
27,110
78,97
28,89
46,73
72,49
99,29
22,57
17,86
16,44
15,8
57,68
69,11
123,68
23,7
93,12
149,39
46,18
64,44
33,25
14,4
19,70
128,12
146,52
24,135
65,35
67,9
53,12
64,180
111,35
25,63
127,10
47,33
20,115
57,64
70,15
18,8
32,12
65,69
36,20
54,16
82,35
15,10
96,47
132,97
136,55
19,41
34,31
155,102
52,7
23,5
19,67
58,14
125,12
24,47
15,62
61,7
89,143
20,8
86,32
20,28
52,6
125,46
26,25
77,28
55,7
34,24
116,3
54,18
167,70
309,39
32,68
142,4
70,77
92,31
23,104
162,18
54,21
63,6
23,26
22,10
25,10
91,36
24,95
70,41
76,33
21,52
163,38
25,2
44,62
41,2
59,41
22,22
34,20
58,40
40,3
55,26
39,50
32,37
106,36
43,51
75,72
82,17
26,42
23,6
21,90
42,2
87,8
26,4
55,25
21,19
98,98
45,96
61,15
148,74
23,5
143,39
27,33
123,11
18,16
96,29
31,20
22,36
35,102
102,72
86,9
87,21
48,43
106,52
70,96
32,24
16,8
44,20
32,7
82,12
33,16
62,12
27,11
30,45
18,26
40,11
30,12
23,18
102,43
26,24
96,6
119,54
68,20
263,149
15,2
19,33
126,10
27,152
16,113
51,52
129,65
82,6
14,13
27,11
83,63
25,38
137,99
27,65
82,50
132,16
76,15
21,32
41,52
19,67
19,74
31,13
23,45
50,35
22,52
31,6
67,69
84,6
53,19
16,62
25,9
59,130
43,69
38,18
138,5
304,13
58,22
90,31
159,10
21,19
37,4
121,29
25,5
65,40
18,22
56,9
33,58
196,13
15,8
81,20
43,109
54,9
20,24
23,22
40,22
19,30
32,70
34,60
34,2
20,29
31,17
31,36
24,14
104,24
178,47
29,9
61,24
282,47
28,9
18,55
75,66
109,23
19,7
43,38
55,10
182,14
77,12
238,22
118,69
62,36
69,15
54,21
31,15
31,33
73,17
52,6
20,18
66,17
201,11
78,20
40,138
74,83
162,8
58,26
168,9
53,101
38,23
64,42
54,9
174,58
67,7
67,31
29,32
27,31
38,77
119,51
99,56
119,39
108,33
37,19
20,74
112,17
56,23
66,28
119,83
131,12
113,36
30,31
25,131
40,82
15,26
45,115
15,7
16,42
63,11
63,13
40,14
23,18
93,7
20,66
57,14
33,38
16,12
33,15
91,30
144,214
36,2
96,76
19,34
41,7
17,18
112,51
48,11
80,24
32,8
27,6
75,31
31,13
21,39
42,28
26,16
20,56
99,12
106,19
273,68
222,63
121,63
154,17
58,43
62,165
63,73
103,43
26,102
56,46
46,10
25,20
79,39
52,14
116,35
105,45
33,131
184,4
117,34
15,49
27,9
106,2
15,14
62,105
16,115
35,45
82,106
19,33
84,45
15,9
14,84
70,12
88,25
67,17
54,34
37,67
29,95
16,188
81,10
24,90
257,45
44,28
23,9
163,11
60,8
15,7
138,12
17,208
108,5
78,172
61,93
47,13
17,8
32,16
38,3
76,115
28,8
54,42
26,54
22,8
79,12
55,2
30,96
74,7
72,13
28,15
55,24
110,66
59,115
15,18
221,4
172,22
23,4
84,63
123,6
111,10
52,10
43,16
37,12
62,42
36,9
97,4
45,12
117,97
18,21
80,60
21,47
98,45
32,19
27,36
16,45
44,13
42,60
35,37
18,35
37,12
60,35
28,25
69,31
50,78
25,4
27,27
29,37
48,9
111,13
21,62
62,43
16,8
31,32
37,25
94,40
27,7
122,19
108,27
34,47
189,31
133,92
21,68
55,21
111,9
112,47
28,9
25,80
41,26
22,3
107,32
45,19
15,22
78,98
71,2
36,59
103,62
31,60
87,52
173,39
40,11
23,68
42,25
67,23
38,27
46,42
17,43
48,70
43,60
37,28
75,105
122,44
19,19
54,24
47,3
15,10
73,6
26,37
45,25
84,30
108,77
40,5
26,31
43,120
20,15
86,27
31,8
42,38
111,50
23,72
42,10
155,23
19,16
32,35
108,14
36,31
40,15
17,88
111,23
24,91
61,72
61,33
113,50
38,6
25,9
144,36
47,15
57,44
33,25
36,35
22,31
113,13
124,68
148,6
64,35
50,62
143,45
32,41
158,89
16,4
114,213
16,12
184,21
29,16
15,130
74,30
199,51
21,78
42,22
29,21
25,34
107,35
101,50
76,3
33,207
90,6
131,23
28,81
14,32
87,2
185,64
275,35
51,134
17,23
113,127
37,23
33,41
37,4
40,6
24,61
22,24
18,11
58,10
27,12
135,6
24,42
27,5
55,23
75,21
36,8
25,84
44,17
30,21
73,18
50,140
15,37
76,30
41,32
111,27
134,11
248,71
60,7
143,19
21,41
35,2
31,28
82,128
58,26
74,12
190,5
28,20
91,136
39,4
121,19
27,32
104,117
163,82
32,90
69,45
17,77
21,52
41,22
40,8
25,20
112,3
250,12
18,78
29,5
61,12
80,58
21,51
93,48
23,14
107,40
100,63
26,35
18,174
55,6
25,13
24,22
22,112
41,3
74,22
57,33
43,125
75,2
41,59
46,44
26,11
179,64
50,69
151,6
41,143
107,33
154,71
15,139
27,55
79,6
22,83
48,42
19,17
88,8
26,43
39,20
75,45
207,23
34,60
40,13
92,32
44,41
20,63
150,4
39,63
25,7
208,34
28,55
63,32
40,15
35,53
129,22
125,127
128,6
37,4
73,81
143,105
138,7
121,20
24,43
14,29
63,20
69,30
25,179
62,45
50,36
164,30
15,13
90,6
244,25
15,5
62,20
241,29
76,78
57,26
47,103
58,8
108,35
35,11
73,9
37,12
19,19
43,70
24,74
18,129
15,49
15,7
43,19
29,13
53,26
77,12
29,52
25,50
59,111
14,10
16,52
139,159
22,57
60,2
30,19
42,47
17,126
86,8
40,36
59,8
53,36
34,15
35,20
31,16
190,5
89,18
23,27
66,205
89,158
206,21
47,111
58,10
109,17
36,23
96,32
30,23
121,20
69,80
65,11
69,20
27,48
146,22
104,14
97,16
73,25
229,69
40,5
95,7
49,8
25,57
52,71
38,10
44,67
51,21
28,81
43,42
74,109
21,36
57,55
143,12
55,12
19,21
20,12
117,80
49,16
77,8
22,77
114,12
49,22
33,8
130,31
23,10
54,15
120,15
46,6
22,37
120,3
34,9
22,34
41,19
248,53
29,10
59,36
111,29
59,3
30,7
112,65
15,10
17,87
22,50
72,9
57,24
43,24
35,8
25,37
23,4
54,4
40,23
17,13
42,72
27,22
112,13
17,33
100,16
54,16
60,13
126,17
51,25
47,8
104,63
25,4
50,65
24,217
14,15
54,9
25,11
39,79
94,30
65,8
104,43
82,27
19,43
62,57
48,5
78,66
49,68
179,48
118,9
215,4
55,6
58,30
39,49
22,18
65,4
36,5
47,13
52,56
16,25
83,40
37,59
42,8
107,53
169,15
19,2
14,3
41,195
84,3
127,58
75,111
57,44
23,60
19,28
16,62
119,12
41,69
222,30
21,10
100,93
16,30
119,20
64,16
22,17
18,4
104,10
70,5
26,105
51,7
49,83
119,6
15,20
31,42
114,45
37,55
42,110
77,13
37,40
207,47
103,100
34,72
106,35
143,22
18,13
94,53
23,10
38,80
23,117
56,24
60,12
47,92
36,101
44,4
34,38
137,4
50,9
38,74
27,30
27,21
115,88
36,10
29,11
22,10
175,37
30,76
44,111
76,8
155,8
39,142
82,18
118,20
34,37
38,26
21,46
23,54
209,118
20,34
33,14
29,22
193,29
134,46
86,61
26,12
51,31
112,55
36,45
76,69
29,17
70,39
28,11
114,4
21,67
158,9
124,47
14,45
100,42
64,18
45,50
22,15
29,26
14,44
38,28
36,26
21,13
48,16
46,51
97,8
21,29
18,24
170,27
27,6
22,20
18,111
62,114
27,58
43,12
72,66
35,38
211,9
115,8
15,6
46,44
58,13
30,13
33,39
80,57
33,5
26,11
110,17
110,54
69,9
76,6
42,22
19,33
112,59
22,16
62,22
56,18
101,29
37,12
28,213
16,60
52,15
74,29
36,146
215,4
69,18
107,59
129,16
45,15
90,51
53,18
74,3
51,47
155,86
14,160
224,17
44,107
81,63
19,94
151,82
107,25
26,14
14,43
15,7
223,35
83,11
30,42
202,16
17,94
41,3
43,14
102,53
70,12
39,72
57,236
224,19
53,20
18,38
19,23
61,3
108,36
21,57
18,15
21,18
85,12
235,11
39,6
21,8
45,102
81,28
23,53
85,47
17,147
23,41
37,31
17,6
79,62
60,33
20,54
30,2
56,2
169,86
21,9
116,32
53,45
34,48
124,24
27,40
69,12
50,83
56,99
67,8
86,64
87,8
164,28
172,46
33,71
20,10
70,212
60,18
224,118
161,18
29,143
162,36
62,29
27,16
179,45
14,13
139,50
163,31
55,34
108,22
45,7
86,16
72,34
20,44
86,15
37,53
104,3
33,26
19,12
55,7
49,10
39,19
117,53
21,6
60,17
15,29
95,36
64,25
42,3
46,13
46,65
28,86
67,31
66,11
79,43
19,60
20,12
38,4
100,71
176,66
29,52
173,81
67,32
114,87
41,56
189,115
25,25
153,13
50,8
39,49
271,4
88,6
33,85
20,4
62,17
111,28
16,3
52,54
18,30
111,38
195,9
20,55
19,49
39,31
34,14
109,31
21,30
243,8
76,6
50,3
37,14
35,68
126,30
79,13
43,28
37,78
14,7
27,7
37,46
87,7
65,27
79,15
23,95
32,41
21,4
43,4
50,16
45,9
72,69
32,30
87,3
47,22
114,10
43,17
86,23
98,19
80,22
46,2
207,74
207,39
224,13
86,77
122,3
88,18
256,9
69,58
74,40
16,69
111,10
16,49
36,20
19,63
83,79
118,19
75,95
177,77
16,51
167,22
24,13
107,65
20,17
90,7
80,6
24,60
57,9
14,6
14,14
35,26
47,26
42,64
30,44
18,4
17,10
47,61
22,44
78,82
18,8
47,4
21,13
99,12
71,8
14,19
105,52
27,24
38,5
15,54
24,19
14,136
109,43
21,60
52,44
217,14
17,15
41,10
21,15
73,26
106,43
19,12
56,225
21,42
34,182
25,41
108,21
14,20
53,18
32,39
16,17
18,55
192,19
65,23
26,16
30,67
17,13
109,24
83,2
148,6
23,51
42,35
59,48
15,85
80,51
55,57
50,48
19,62
73,8
50,14
145,52
101,7
207,55
244,169
37,41
158,19
16,108
50,38
22,22
57,5
93,95
61,32
52,12
17,31
15,58
66,24
82,50
78,165
29,25
41,61
133,87
83,9
38,10
15,2
17,17
14,144
28,46
81,7
36,79
56,117
31,23
96,25
113,51
91,4
53,24
27,4
216,10
138,44
185,24
82,41
55,5
61,15
14,47
53,63
17,30
57,46
54,31
41,55
156,76
180,28
78,3
37,25
33,145
30,89
63,28
56,76
89,14
28,2
19,22
129,52
86,28
170,90
21,11
49,16
19,6
38,40
44,15
76,25
64,5
66,10
55,39
46,31
119,11
57,15
19,72
19,12
35,8
56,3
50,2
21,40
104,22
71,13
48,90
113,142
19,34
28,64
53,57
30,91
51,8
154,7
105,206
39,104
122,27
144,5
20,40
67,27
35,14
113,16
41,40
44,13
100,65
146,140
30,62
16,3
140,45
31,14
31,17
115,43
76,11
117,5
18,77
117,94
144,29
109,36
58,24
26,146
26,16
43,14
31,31
18,14
23,36
32,12
181,53
38,19
43,46
44,41
18,51
67,6
78,86
33,98
47,27
103,104
26,3
66,27
143,40
17,35
56,6
136,14
30,39
56,35
35,20
23,4
88,24
44,33
24,20
59,31
37,4
61,67
112,100
46,76
19,55
233,16
30,21
23,3
45,28
68,15
189,8
124,54
50,53
105,28
48,90
25,45
19,10
25,83
84,24
14,71
22,26
16,6
20,50
24,19
56,31
25,80
16,24
19,40
75,3
52,129
53,41
21,12
67,8
267,64
145,52
23,19
44,166
27,59
98,11
65,14
16,18
43,55
30,45
38,12
25,99
28,44
130,64
46,41
46,27
63,18
37,2
25,14
22,76
22,46
195,12
46,169
19,122
28,27
31,40
114,21
15,19
14,127
118,6
27,46
76,10
70,47
143,128
53,21
30,25
47,56
258,77
21,31
103,112
92,24
15,75
142,10
15,7
85,11
27,4
15,92
58,9
85,13
163,8
39,25
46,34
41,16
92,23
73,21
100,62
24,7
17,48
43,19
40,18
48,32
45,7
68,22
64,32
58,71
97,7
31,3
30,88
53,46
65,69
15,11
54,77
121,10
38,3
24,106
165,4
43,65
93,101
96,7
19,34
32,53
62,189
17,69
33,102
28,110
116,19
162,14
31,4
61,27
19,27
77,34
47,142
17,8
28,4
21,61
40,77
165,18
136,14
67,19
88,12
29,34
95,80
27,4
141,4
97,6
89,24
27,57
37,7
17,73
23,10
68,158
46,25
27,8
48,47
64,4
15,66
109,33
24,34
15,59
36,3
119,50
44,26
19,44
28,9
21,53
20,96
88,41
19,37
25,5
24,2
15,7
155,53
20,5
43,57
16,23
124,55
108,5
35,64
96,17
81,81
28,10
140,110
55,15
42,17
23,27
34,14
39,11
25,8
262,48
77,19
31,11
30,16
24,8
18,16
36,8
156,15
20,8
45,33
16,3
56,32
55,24
161,44
42,195
40,51
21,29
33,12
28,85
83,29
74,48
26,70
34,28
31,42
36,3
38,12
40,114
17,3
23,87
24,30
47,41
40,33
55,33
33,17
18,13
14,17
22,13
208,3
20,46
205,8
40,6
95,46
37,73
20,3
62,186
46,21
83,72
93,40
42,12
30,7
71,16
46,101
16,21
36,43
38,31
37,2
28,12
47,29
101,26
187,23
142,62
121,20
23,6
90,15
36,74
45,3
95,114
36,21
39,76
42,39
64,9
43,42
72,42
61,19
58,29
26,45
55,63
73,23
33,65
257,7
53,69
92,50
113,53
51,73
59,14
42,94
16,74
34,155
74,43
28,46
81,17
26,24
85,77
65,34
108,61
86,15
43,16
31,41
68,21
20,115
53,10
59,35
41,33
91,6
137,70
63,9
68,3
95,3
66,11
68,8
28,16
89,29
39,52
101,124
45,36
36,5
40,26
14,48
16,68
14,37
57,34
23,47
19,8
60,56
28,8
18,113
159,22
162,55
76,47
15,22
83,12
82,22
20,74
56,24
20,45
16,4
89,16
37,25
21,20
98,35
15,37
113,79
107,8
29,51
106,84
19,38
26,72
101,54
84,25
54,63
124,24
49,77
119,29
22,69
16,75
129,8
114,20
66,44
51,18
47,10
65,20
85,70
17,72
97,60
17,102
41,12
72,45
39,64
81,126
64,59
15,47
54,10
41,20
16,13
55,8
52,112
88,7
213,27
70,45
75,44
72,41
116,77
91,21
42,5
53,29
21,143
65,9
24,15
34,17
19,5
15,36
30,40
47,99
28,6
39,29
94,7
61,83
39,25
17,97
16,11
41,112
97,226
153,107
17,124
44,52
34,17
55,21
125,66
80,63
15,8
27,2
62,93
45,100
57,11
18,30
17,32
182,26
24,148
24,53
64,18
28,29
59,33
53,9
100,34
19,23
21,99
51,14
49,35
47,81
77,82
61,90
37,14
147,46
43,128
78,31
57,31
55,56
50,55
32,19
20,13
228,33
33,5
29,23
227,18
21,61
193,35
28,15
98,25
42,39
95,5
45,5
86,2
63,30
24,201
20,22
21,74
88,6
109,95
51,17
37,77
38,7
82,57
24,16
118,56
53,52
152,4
26,31
14,23
96,28
65,96
63,76
47,49
41,28
62,7
67,132
16,54
83,26
39,71
30,31
147,36
15,63
250,21
47,16
91,57
281,97
16,10
173,17
17,186
22,13
60,34
25,3
65,31
159,28
51,16
168,44
130,7
82,44
25,62
75,30
80,96
107,6
36,20
18,64
31,16
18,18
43,67
33,100
43,81
14,37
47,28
218,18
22,22
25,13
69,3
22,22
100,43
40,54
35,67
58,9
58,35
210,72
40,17
18,25
39,53
28,6
57,58
15,3
35,6
29,19
76,31
18,25
35,28
150,82
104,56
68,30
22,9
21,7
71,42
18,133
45,46
28,21
98,56
28,29
18,52
87,2
86,44
30,2
110,36
16,82
48,26
74,39
129,73
33,35
18,53
149,9
122,56
123,6
38,49
33,52
37,25
165,6
61,41
63,20
25,6
70,40
21,57
82,99
48,27
56,34
69,35
68,38
115,34
69,35
16,116
14,24
83,6
32,24
97,113
64,12
37,13
24,17
134,3
178,8
78,34
83,43
53,39
46,10
31,44
35,27
91,30
127,19
76,24
17,4
73,229
62,35
40,75
139,83
24,2
38,67
25,69
90,14
89,20
35,11
37,54
66,22
84,13
26,88
99,4
22,14
49,3
18,74
28,66
38,31
44,180
48,22
47,3
29,12
82,89
58,69
27,30
20,8
122,89
44,13
153,5
28,12
60,23
104,3
43,12
23,2
71,20
29,63
73,22
14,23
119,70
16,7
113,10
31,11
163,20
32,84
62,91
35,6
109,91
16,22
76,56
22,12
46,83
136,79
46,33
166,72
36,110
15,92
23,132
61,29
23,13
106,9
29,42
32,76
204,18
41,28
112,33
50,14
21,24
33,35
16,216
32,14
24,2
233,61
34,8
21,26
46,14
17,127
16,17
129,44
271,9
66,12
138,7
40,13
25,31
14,70
17,129
86,7
70,9
21,38
57,2
19,17
115,25
29,40
66,41
36,38
188,15
18,5
147,13
49,103
155,31
140,4
111,6
152,111
55,28
66,98
40,22
57,24
35,130
125,56
46,50
136,13
28,76
70,3
59,106
16,54
22,123
83,17
180,25
90,94
34,37
96,38
90,18
23,32
119,54
32,6
61,67
35,74
23,162
20,12
71,43
100,9
143,5
172,22
29,5
151,3
74,40
118,27
25,21
16,7
29,6
37,101
26,19
110,56
68,18
17,31
44,18
44,40
34,5
62,12
68,28
25,74
41,16
37,37
28,59
163,49
67,63
105,19
62,114
237,30
35,61
42,8
22,8
24,16
76,146
241,46
91,11
20,44
141,25
26,20
139,20
60,55
97,9
19,17
78,20
151,28
94,56
16,27
70,36
26,24
89,68
22,26
36,5
68,31
24,40
30,14
101,39
97,6
60,11
96,53
118,81
16,33
71,12
74,87
113,2
34,48
32,72
39,58
51,37
22,13
135,33
52,66
23,76
114,6
67,6
87,102
61,4
23,35
18,20
38,27
83,7
90,24
78,2
15,10
86,14
132,27
155,44
19,47
87,42
34,17
38,38
106,43
130,61
86,16
48,32
109,33
70,96
29,13
22,18
68,29
79,81
23,21
60,19
78,15
73,35
54,52
159,34
74,34
75,55
111,42
48,83
16,10
276,19
96,172
22,40
28,2
109,25
43,95
36,44
88,40
16,9
40,42
49,42
60,27
17,5
25,5
55,39
144,98
89,18
108,6
67,3
56,46
63,30
25,28
33,59
33,25
27,78
109,14
149,2
42,38
101,18
15,57
23,5
25,31
20,21
135,15
30,43
37,7
19,50
88,179
93,14
30,44
42,4
28,41
48,41
16,5
17,28
47,71
70,67
56,19
69,29
50,50
129,24
21,2
42,41
154,55
19,24
70,74
59,38
97,98
48,4
184,38
69,12
20,48
82,21
18,15
65,52
157,71
111,42
39,99
48,64
35,44
80,8
27,15
157,50
32,162
37,27
21,42
67,20
125,77
34,11
21,42
57,16
21,45
131,66
63,5
55,44
83,14
99,7
21,3
22,29
129,155
143,17
130,41
218,24
28,36
75,33
92,7
65,32
43,76
116,15
55,5
149,21
18,44
156,3
41,9
17,41
29,20
77,63
16,62
79,32
46,16
37,5
52,6
89,22
27,13
106,63
67,6
30,20
63,75
150,75
59,78
38,14
16,50
27,6
55,26
55,72
80,32
43,6
166,31
43,31
24,28
114,67
76,16
77,3
32,10
60,80
55,9
159,46
38,30
18,48
83,8
76,26
17,9
63,21
15,25
266,16
26,40
27,44
47,14
14,43
23,18
27,27
32,51
30,18
24,14
47,45
78,33
68,29
28,38
32,6
54,16
111,5
56,24
20,4
37,15
34,67
42,80
17,19
69,76
117,30
102,43
30,55
39,14
44,40
37,91
21,35
32,55
40,23
78,3
46,3
93,26
22,147
77,38
15,8
31,9
78,14
70,65
88,34
26,39
67,49
139,50
106,9
56,16
140,19
26,54
82,23
54,12
34,159
46,29
99,9
119,7
54,64
18,12
53,61
20,52
25,15
37,39
70,20
70,12
44,26
111,139
23,13
35,3
51,7
65,80
151,54
61,16
120,8
83,7
70,30
69,96
52,33
32,5
160,7
16,22
21,9
16,28
49,55
34,14
23,91
58,21
36,56
72,15
62,25
90,26
48,31
17,83
24,28
51,96
54,101
74,20
54,11
34,25
50,36
44,12
35,84
26,15
20,31
43,13
56,53
61,3
156,5
114,4
16,28
72,41
40,21
53,63
44,67
79,20
56,27
28,79
61,180
25,13
111,40
17,33
38,5
145,31
215,56
43,27
87,65
207,24
55,93
33,49
42,3
152,51
21,19
31,8
57,27
126,85
16,3
32,10
28,34
59,22
56,38
17,11
125,13
39,10
77,4
24,28
51,29
27,42
78,32
74,135
49,59
70,9
49,6
45,22
18,23
165,10
71,62
47,31
37,13
40,7
85,29
40,85
52,71
34,7
53,49
61,102
32,2
51,23
128,7
16,47
27,10
31,19
212,16
17,13
22,67
66,52
47,70
65,111
142,12
76,20
130,78
26,47
60,26
74,10
38,42
49,5
21,135
54,7
107,12
71,21
124,105
80,95
77,19
85,8
55,59
79,21
17,33
110,46
32,75
52,57
53,201
46,17
34,76
97,30
48,18
35,26
27,8
235,77
41,16
145,5
57,7
102,10
19,27
29,5
16,10
69,2
27,22
192,2
34,5
109,6
93,69
78,27
51,4
38,25
215,62
41,58
41,108
28,106
36,95
68,36
16,29
17,15
59,16
89,9
17,2
151,6
62,8
216,30
17,16
152,5
28,32
22,13
24,21
74,4
28,75
104,99
57,15
19,43
24,23
186,185
48,60
124,99
15,173
73,45
82,75
20,63
36,46
57,46
100,27
88,146
80,64
114,58
113,70
17,132
25,18
38,52
36,132
58,11
187,37
34,27
109,4
96,42
33,10
75,83
15,104
95,22
28,52
44,62
30,71
87,104
16,21
76,12
124,18
39,56
76,51
70,40
130,6
205,57
28,8
29,51
15,5
122,168
78,21
18,10
285,4
19,3
55,17
36,12
19,24
23,37
15,58
55,50
212,37
124,23
48,72
47,11
16,6
84,23
67,24
53,153
99,132
28,82
150,40
25,3
49,15
31,6
113,10
148,18
72,7
16,14
38,70
35,32
71,10
61,74
48,40
67,73
39,207
37,52
62,69
66,48
42,22
57,12
37,23
71,6
21,44
47,61
53,3
114,53
53,5
89,71
19,8
40,94
24,4
21,31
97,54
23,12
43,27
60,54
88,30
51,11
27,8
43,26
36,25
115,18
72,32
76,35
25,9
79,71
14,49
58,29
127,130
52,4
151,24
38,39
82,13
36,20
24,92
41,7
65,9
40,28
80,28
41,51
24,96
157,16
20,143
37,10
34,3
44,105
47,26
175,12
16,55
63,50
84,45
160,130
45,7
115,42
84,19
103,16
25,37
16,8
41,109
49,2
118,5
36,44
125,12
51,35
63,94
80,37
113,9
31,76
78,9
208,34
35,20
43,6
19,76
15,23
68,30
71,10
66,44
15,22
94,31
82,38
35,41
72,3
26,72
105,9
226,29
127,34
52,95
34,24
25,85
196,118
41,59
141,98
27,12
191,67
86,88
70,9
39,11
115,4
51,26
34,26
17,24
38,40
64,16
31,23
47,111
52,111
24,5
17,8
48,30
19,23
39,70
33,66
122,32
34,24
21,5
86,132
48,3
88,29
18,68
60,23
66,31
88,30
42,20
124,88
44,41
83,8
98,17
96,9
48,12
24,78
49,49
30,14
65,79
60,36
24,34
43,20
100,57
89,23
48,7
26,3
91,10
47,58
16,32
36,31
76,21
123,73
116,72
53,24
39,29
17,90
34,52
207,27
30,130
20,53
77,224
34,94
138,72
38,72
124,8
22,23
53,72
225,63
143,3
22,105
146,25
67,65
48,21
27,90
51,74
52,73
28,52
16,3
79,6
18,12
43,2
72,12
52,11
19,19
65,21
282,38
56,44
63,12
35,30
58,33
31,29
36,43
19,10
214,5
41,16
82,46
78,9
215,19
23,36
25,24
46,77
91,46
20,33
61,27
75,3
60,13
49,17
36,4
61,3
15,72
36,93
31,2
206,107
265,5
85,70
20,228
130,7
74,186
41,7
95,15
272,37
186,37
21,24
176,20
88,25
29,4
15,16
57,7
56,33
172,20
53,53
36,19
28,31
107,12
36,46
121,44
71,52
19,9
99,15
125,32
17,5
22,14
62,98
79,220
129,13
55,17
18,19
36,13
76,14
77,101
109,42
41,14
137,125
58,13
126,102
18,6
42,78
15,43
20,9
97,61
42,33
309,18
31,6
155,61
23,24
72,47
62,45
35,43
43,110
186,116
44,146
21,7
24,13
21,24
75,103
55,29
16,26
82,76
141,18
90,28
63,10
178,40
18,114
78,20
153,7
19,65
19,38
55,95
29,86
96,42
177,94
30,13
31,22
37,89
79,93
45,49
85,8
35,7
41,61
96,21
151,7
75,11
17,26
268,36
43,24
137,41
243,12
47,30
98,101
114,17
188,5
35,22
56,63
46,16
32,91
45,38
21,46
30,8
36,53
20,28
45,83
123,62
40,21
17,62
28,52
19,9
20,23
15,20
20,3
29,18
99,3
50,27
101,22
18,61
47,99
65,8
79,2
98,62
68,48
63,101
112,16
18,43
25,12
23,45
24,52
16,22
160,8
48,13
145,30
115,13
80,4
90,5
112,5
32,112
32,43
32,26
17,26
20,30
104,2
75,62
39,17
47,21
36,4
107,67
47,5
35,34
20,82
48,156
98,27
84,39
28,46
23,41
83,24
93,4
89,56
63,35
33,35
110,40
30,92
19,4
56,6
45,153
37,21
52,8
51,20
60,5
130,64
29,124
135,27
127,183
132,8
20,73
35,136
31,62
16,40
49,60
68,11
50,5
183,33
21,126
52,21
31,23
106,34
24,30
256,24
227,9
69,9
77,9
76,13
34,3
52,71
85,6
169,34
67,121
193,48
113,14
93,13
62,8
114,13
25,22
48,38
165,44
261,54
25,186
137,13
18,108
43,65
27,61
17,117
87,63
61,14
20,13
50,15
45,54
201,21
40,7
33,129
144,3
72,35
43,12
128,49
98,120
15,103
124,21
23,44
50,18
42,24
24,13
32,2
74,15
54,47
152,13
18,11
46,21
73,84
45,132
272,3
56,63
25,22
32,64
25,35
90,34
33,75
18,35
31,121
84,14
53,14
14,32
64,14
24,45
27,5
44,15
48,31
25,37
39,13
35,4
37,61
125,3
24,7
50,55
62,44
49,10
78,111
61,18
15,84
15,103
58,24
34,13
15,11
15,4
22,11
19,78
82,30
78,36
25,44
108,22
72,9
38,102
19,130
28,59
102,91
98,27
56,9
55,55
102,34
48,27
30,20
28,24
26,30
36,3
142,89
31,15
186,42
30,22
101,37
25,13
145,48
29,20
52,88
193,34
68,64
97,20
112,62
42,47
26,57
36,8
33,100
64,4
35,85
18,65
15,26
46,16
29,42
65,29
21,11
144,34
189,31
14,7
20,92
46,21
34,41
22,67
22,24
38,25
110,32
115,64
23,14
51,16
55,63
59,37
83,12
30,14
260,14
17,47
110,24
27,22
55,5
31,55
41,38
33,64
73,16
87,11
24,26
36,5
44,78
37,84
131,135
88,51
61,15
184,52
15,7
14,10
41,71
49,28
56,28
65,41
197,12
29,20
182,43
97,20
53,32
226,47
112,88
135,13
108,10
90,22
48,49
64,24
56,17
34,73
91,19
109,130
28,38
42,35
113,12
25,13
41,33
35,22
42,13
49,45
43,4
23,35
47,15
17,24
93,41
114,95
67,27
81,21
39,26
49,42
23,122
38,63
153,12
99,12
33,5
29,27
46,9
31,19
61,18
58,5
29,111
54,29
43,14
51,56
85,61
87,15
71,141
60,41
24,21
78,5
99,6
63,60
37,6
75,86
51,16
16,18
146,4
78,103
97,16
33,50
65,17
83,17
78,33
34,19
54,26
35,7
22,142
197,42
24,19
42,16
93,9
20,18
177,73
75,6
74,146
42,64
67,4
28,159
38,119
75,10
34,52
33,7
55,13
107,16
60,55
275,4
86,17
181,8
112,44
27,23
61,64
163,27
84,49
122,98
66,58
19,43
66,91
23,8
98,3
27,46
65,12
152,50
128,47
23,170
16,41
75,36
18,16
50,145
15,9
33,16
15,89
21,21
25,37
47,4
26,11
24,52
45,63
29,35
79,56
28,10
56,5
56,14
181,188
32,56
97,133
35,13
28,30
53,19
59,5
21,107
20,78
41,40
65,85
74,73
37,120
15,69
50,3
31,14
37,63
52,7
44,48
102,12
84,21
62,4
115,38
41,17
29,40
78,62
144,29
73,50
15,80
69,41
19,12
203,8
16,73
32,9
72,29
54,74
45,28
32,30
16,33
21,28
23,21
95,66
124,62
25,24
15,18
56,3
115,104
15,43
19,62
78,24
30,31
20,29
33,56
17,3
72,2
77,5
126,41
26,29
68,6
30,23
71,5
17,31
40,11
265,19
206,18
104,33
43,21
36,46
69,14
33,67
16,30
19,33
69,11
27,78
28,116
82,3
57,35
24,35
50,64
33,20
34,3
77,16
16,8
82,3
25,5
55,59
56,56
67,33
100,158
90,113
31,24
116,121
27,20
124,66
42,60
16,4
175,13
70,92
41,8
196,74
23,108
31,65
19,8
65,11
193,38
62,18
66,15
128,39
53,12
20,73
21,29
23,11
53,88
70,51
45,35
39,49
81,105
28,24
107,33
99,55
25,6
23,37
33,34
22,70
62,26
25,16
56,82
35,9
48,16
41,7
22,75
77,6
15,48
148,38
24,50
21,53
17,5
59,17
229,91
127,4
90,16
97,64
104,48
15,27
31,11
16,6
54,52
35,78
92,25
56,53
84,2
27,130
28,6
58,15
67,9
39,8
57,20
68,3
19,8
20,11
19,48
69,49
68,57
66,17
140,92
166,27
113,51
46,35
79,42
47,23
34,49
19,45
79,59
67,29
95,41
32,29
19,46
26,24
19,35
75,21
47,27
54,15
74,34
17,11
41,47
68,25
56,27
23,87
16,57
19,15
179,30
38,76
53,48
34,25
73,21
21,19
186,5
88,55
36,39
15,11
15,103
146,5
72,53
24,16
35,42
28,26
49,3
18,23
115,10
163,48
115,82
32,6
26,11
23,5
32,18
45,21
38,31
43,36
33,46
54,22
16,16
23,20
65,23
61,15
64,42
30,90
55,91
133,5
21,8
54,25
37,2
31,2
143,24
31,14
69,78
126,25
113,10
41,17
43,95
182,13
27,59
85,17
74,16
109,35
46,20
72,24
185,59
168,17
156,39
185,13
39,106
91,32
84,19
48,21
38,29
51,45
68,10
44,11
21,26
31,24
54,81
25,17
29,3
45,15
50,13
32,20
117,37
71,25
45,54
16,32
63,25
82,71
73,17
17,60
77,162
67,12
20,33
94,69
103,71
28,92
17,2
50,18
58,45
87,14
33,84
18,7
71,7
93,15
84,8
30,165
43,73
18,108
39,11
35,51
33,23
34,194
170,18
146,106
158,79
51,26
172,4
140,17
71,5
126,6
92,29
123,11
30,11
25,15
74,2
21,93
23,10
62,44
44,19
97,69
25,3
24,7
34,7
22,6
109,5
36,100
42,78
50,29
108,54
19,24
121,38
71,25
34,65
187,8
45,15
74,17
82,17
16,5
57,2
24,6
44,3
36,22
41,7
21,30
53,52
46,36
132,16
48,2
16,19
54,71
37,29
109,64
85,46
152,9
65,48
27,46
35,6
79,43
17,114
21,11
36,115
21,15
20,65
65,31
24,33
50,104
77,20
55,199
42,44
108,19
122,52
19,56
137,20
116,136
52,21
19,7
30,28
58,60
137,14
62,61
17,14
34,6
64,148
46,30
19,14
15,3
23,15
25,13
25,61
20,179
54,13
25,49
87,76
36,6
102,60
24,16
123,18
37,19
39,27
71,22
23,18
19,95
31,21
21,8
132,28
85,47
65,29
108,22
32,4
50,21
19,173
30,12
31,38
27,7
22,35
107,12
119,29
86,67
47,27
30,32
90,4
161,14
19,35
37,67
67,14
167,66
44,10
34,25
94,46
17,26
20,88
49,20
34,29
22,18
44,53
42,3
33,5
39,14
34,42
91,86
24,134
22,40
78,59
22,20
37,58
32,114
64,2
182,31
15,91
37,17
236,14
52,8
23,2
54,6
61,82
55,20
17,18
35,11
69,24
17,94
108,49
31,56
84,43
116,8
37,24
23,9
37,84
25,15
54,147
26,185
15,15
28,5
57,55
57,61
87,16
47,60
113,76
21,3
112,120
112,80
29,9
16,9
112,69
26,94
29,11
17,25
100,9
17,18
19,51
143,56
75,69
81,7
17,90
52,74
28,38
55,66
137,3
72,76
90,40
87,31
25,13
79,35
46,11
84,34
73,46
38,6
18,29
22,95
97,32
64,65
21,15
22,3
45,211
93,3
84,21
27,13
189,18
93,6
20,69
83,49
119,15
25,28
17,31
16,10
164,20
65,8
87,79
118,44
45,13
29,79
73,33
87,17
65,146
28,14
55,28
33,41
37,18
163,67
15,106
53,24
49,8
21,87
50,30
28,18
15,33
89,66
38,36
26,11
24,34
71,83
22,61
61,23
22,13
56,12
61,153
28,24
78,25
61,99
62,20
45,14
48,28
17,36
27,15
29,8
50,24
22,2
141,50
183,31
49,42
146,37
45,28
87,57
166,83
127,11
21,20
78,6
17,19
46,5
41,37
46,86
216,4
67,79
25,5
145,20
123,7
62,41
27,142
35,55
74,144
148,10
74,30
45,9
21,4
38,85
93,21
81,18
100,134
26,14
206,112
39,31
44,2
114,71
28,30
17,70
75,4
21,76
38,64
112,3
73,11
115,66
59,58
84,63
81,51
37,24
76,7
34,27
72,39
46,82
46,27
19,17
50,13
17,43
211,38
56,19
108,33
27,6
101,55
58,52
31,11
60,30
141,98
31,44
68,44
23,173
37,78
44,32
61,22
46,97
70,35
171,37
48,30
33,42
31,232
134,116
23,67
73,4
90,23
123,10
85,68
24,4
31,35
65,4
27,3
31,10
81,13
31,15
70,17
22,139
51,34
29,34
57,9
30,21
54,39
24,141
33,135
28,32
33,31
258,56
68,12
59,12
127,29
19,6
159,105
24,44
95,16
211,44
25,24
72,5
30,47
78,28
62,27
28,130
20,163
59,19
21,31
38,12
52,84
58,9
70,30
152,19
27,14
147,63
40,37
88,9
28,17
43,40
15,8
58,70
37,19
16,22
22,62
98,3
34,7
71,9
32,21
115,27
95,16
55,57
29,8
48,2
35,22
43,6
84,55
56,16
47,16
91,16
15,13
27,7
19,6
37,58
94,43
24,11
22,53
54,11
56,82
57,11
40,13
16,2
22,16
18,62
126,84
307,105
68,14
48,21
121,67
55,10
52,3
79,18
22,11
40,79
34,3
41,60
52,8
41,27
244,2
17,7
27,3
102,9
61,20
125,134
20,27
71,33
198,30
22,58
29,7
61,40
31,28
63,16
15,9
95,41
69,3
38,20
14,20
72,7
141,141
40,3
69,28
74,47
83,3
54,67
56,24
66,24
106,11
15,4
58,23
21,167
50,13
18,16
31,8
17,173
39,4
34,19
30,32
136,12
52,171
19,16
18,5
44,36
54,65
54,8
49,11
176,3
65,13
29,24
68,124
43,31
50,38
145,51
56,14
50,33
58,15
73,50
15,56
76,8
231,16
42,74
68,136
52,6
164,12
15,64
65,44
52,61
14,85
56,45
15,113
79,5
75,78
39,39
44,28
60,9
59,17
18,12
29,35
131,17
67,2
17,55
51,29
16,5
76,36
33,47
37,80
103,119
41,71
97,6
80,17
47,14
67,28
26,18
56,9
14,9
107,21
122,85
54,21
27,61
107,15
66,30
29,15
72,96
27,12
54,10
80,107
47,8
22,113
126,61
31,22
57,29
42,90
42,14
57,77
101,47
78,23
72,32
271,27
82,18
26,67
17,193
51,62
68,53
47,36
80,28
71,49
15,39
25,17
75,47
55,115
49,67
27,46
170,15
44,24
231,44
239,15
17,36
20,42
66,6
48,95
16,102
70,122
176,5
88,6
172,36
69,30
62,22
46,11
36,72
56,3
22,5
140,46
56,4
24,37
31,36
16,50
41,36
121,27
23,5
38,25
19,7
16,3
22,90
128,68
23,99
76,4
25,41
48,87
88,16
58,6
50,64
105,14
31,53
60,42
23,82
181,8
65,43
104,20
150,31
61,22
37,52
145,33
119,10
23,39
35,64
77,110
151,4
220,89
28,75
91,8
37,65
21,48
37,22
27,64
108,91
32,40
16,58
60,9
21,21
72,20
26,66
59,26
64,51
61,98
57,29
28,45
25,57
21,48
44,47
226,4
55,14
95,34
88,20
161,7
44,69
50,2
72,7
17,4
71,37
81,3
17,14
16,20
112,3
41,25
28,40
36,28
30,61
76,18
138,20
24,3
54,9
74,44
18,38
47,19
64,21
173,14
20,72
83,50
20,22
190,28
88,26
32,2
49,71
203,13
79,75
223,3
148,96
53,24
32,12
118,57
15,51
161,21
14,80
27,44
23,26
165,5
145,33
56,38
109,75
35,18
71,28
76,3
55,10
123,20
26,29
51,27
21,45
15,27
45,17
43,92
86,17
17,39
169,33
120,6
19,12
16,28
29,19
90,9
50,22
52,4
37,77
35,115
82,3
24,12
72,86
35,41
24,52
34,40
42,35
42,9
110,18
19,38
113,7
53,9
37,8
108,13
25,21
46,29
17,29
103,4
18,29
29,28
27,25
59,38
60,38
17,118
37,7
24,20
176,28
184,7
156,36
43,16
35,25
125,31
30,8
169,78
69,94
177,83
51,89
29,47
54,30
37,5
83,22
33,9
108,33
37,9
19,9
21,20
26,78
147,43
85,87
24,34
78,42
39,12
76,6
67,6
79,30
17,93
17,39
32,75
72,18
22,16
75,11
98,42
54,112
104,6
23,19
38,96
103,134
27,10
42,32
130,47
30,3
114,33
169,136
24,38
57,23
66,67
134,21
145,54
57,52
26,12
79,26
67,15
103,9
74,32
75,18
54,38
30,15
57,3
26,47
143,54
107,64
229,101
57,4
17,8
143,56
160,17
132,106
63,98
17,46
34,33
106,16
22,44
72,45
101,12
16,22
34,87
48,22
29,6
16,38
92,14
137,14
35,12
32,7
48,26
45,28
25,16
15,60
15,9
22,75
110,20
47,7
76,17
83,26
34,81
82,196
33,30
15,12
23,13
98,24
54,16
31,58
212,16
23,21
18,3
111,12
31,77
48,78
65,12
75,57
106,14
109,6
30,19
73,69
61,6
206,36
133,7
73,48
83,22
53,3
49,5
70,36
16,10
67,25
69,15
36,47
83,73
33,29
42,56
14,2
78,75
95,86
25,78
23,11
48,7
37,7
27,45
150,81
42,43
20,12
45,9
19,22
153,119
25,14
45,25
37,80
87,30
21,15
64,38
46,25
66,164
46,76
19,7
111,9
86,91
126,8
34,13
81,48
138,109
20,53
53,54
100,28
42,7
137,15
48,94
49,19
25,53
35,38
49,89
79,59
42,71
22,153
84,35
96,39
39,7
55,95
71,58
76,4
107,10
57,134
36,15
159,12
15,61
39,25
33,9
21,8
21,7
90,9
30,40
109,86
36,85
72,50
63,68
63,12
30,47
47,122
53,104
136,112
30,73
18,25
103,17
76,10
72,3
62,24
40,38
55,13
48,15
80,10
78,22
91,28
53,2
32,17
16,16
81,60
21,33
20,4
25,193
86,158
29,32
18,59
55,77
54,20
16,8
35,21
73,115
29,8
103,8
173,31
56,2
80,14
243,116
37,8
29,12
78,13
242,5
70,44
105,7
68,25
256,103
81,19
26,12
74,73
60,15
27,6
17,31
233,69
149,45
35,5
17,79
94,31
97,39
35,24
53,21
60,10
27,20
68,8
39,44
53,12
112,6
213,97
45,40
31,4
37,41
21,66
47,34
19,22
35,72
166,22
47,8
17,26
68,26
39,34
19,3
199,4
36,6
19,24
22,53
18,28
98,38
29,120
39,19
66,26
171,99
77,36
55,28
50,2
94,16
19,50
81,149
82,79
17,23
143,5
137,14
37,13
135,13
16,35
92,55
19,7
41,6
93,11
39,17
16,29
16,4
26,13
93,5
46,4
71,3
28,38
56,82
15,8
33,26
63,30
42,87
54,59
75,9
65,35
216,21
43,6
134,33
85,11
62,35
71,51
39,46
42,22
77,45
121,23
48,85
68,2
85,65
87,19
28,5
48,27
24,48
103,60
47,15
93,3
45,8
123,46
130,10
138,6
69,114
53,8
105,2
56,2
45,26
174,45
234,22
28,28
115,17
45,8
43,11
31,8
89,29
36,7
96,7
23,8
76,133
145,47
36,29
47,27
27,66
54,97
26,13
58,2
65,109
53,26
35,10
36,9
56,67
51,18
43,55
111,68
41,20
51,57
64,74
104,32
119,59
47,61
31,25
76,52
95,10
69,4
133,6
48,12
30,51
111,25
27,179
75,26
35,61
52,53
89,3
113,18
20,19
18,9
56,4
94,28
29,47
75,34
22,77
48,13
65,6
28,73
41,22
50,10
45,8
206,3
14,6
61,58
32,35
45,76
23,139
31,7
55,23
95,68
142,5
47,45
57,20
47,74
176,29
16,7
63,20
21,31
59,15
20,8
67,28
83,22
26,3
86,119
19,21
30,21
40,4
38,6
73,76
101,72
65,77
37,3
31,4
62,70
39,5
32,32
31,16
81,29
53,37
38,79
21,6
61,37
34,35
43,3
45,20
67,36
38,27
21,28
29,23
33,147
40,49
38,2
49,37
55,103
107,8
113,105
84,90
72,70
82,9
176,13
19,10
23,63
52,50
44,29
127,36
55,85
174,15
42,14
27,26
31,80
35,21
19,20
57,10
91,17
27,9
51,114
19,182
44,61
62,4
164,39
49,3
35,43
32,48
31,35
100,15
64,10
50,26
32,13
55,91
107,139
36,29
51,40
14,8
15,10
24,30
161,91
29,29
155,45
125,60
89,27
95,28
26,83
31,126
50,18
32,13
68,10
24,55
170,28
71,8
48,105
45,106
48,222
22,42
97,18
26,12
28,3
184,42
44,34
51,29
32,8
159,7
67,39
21,30
47,85
121,36
53,80
45,8
157,22
165,11
200,3
23,32
92,27
26,64
25,40
51,17
31,18
30,17
94,96
107,39
223,16
15,45
66,9
145,19
31,12
45,78
100,51
70,88
48,117
78,127
46,21
57,60
107,31
22,78
72,128
53,15
22,9
124,57
23,145
87,12
32,37
27,5
22,35
50,15
68,76
121,35
31,18
95,76
135,3
16,58
24,57
34,64
107,22
107,16
76,6
17,37
77,118
68,6
63,46
54,5
209,135
16,12
65,46
49,9
43,45
26,14
91,46
47,41
50,6
56,19
23,111
30,121
101,13
103,42
258,3
74,19
69,30
43,148
28,8
24,11
41,33
30,105
73,147
121,29
21,85
91,46
34,114
95,36
67,9
28,3
24,137
21,55
123,20
37,29
124,38
27,5
75,28
69,38
23,37
15,5
16,123
25,18
28,14
31,3
81,28
32,33
81,10
108,49
58,14
132,43
29,20
73,82
16,10
108,73
44,24
14,15
51,9
15,41
41,156
31,26
21,90
29,16
49,29
39,48
114,27
21,109
31,6
16,11
22,14
26,5
55,9
34,6
80,21
36,7
27,12
37,4
42,12
165,75
103,7
127,15
17,30
46,64
131,9
149,126
115,27
50,16
23,9
29,10
21,85
47,35
94,3
35,52
22,26
148,5
31,56
30,90
212,64
101,4
25,26
122,64
153,10
145,6
27,55
21,54
89,17
108,133
55,4
32,61
70,18
65,27
108,42
82,27
57,50
23,17
68,17
49,33
22,106
44,129
55,27
80,3
122,17
20,122
127,36
81,69
17,46
134,50
81,22
50,27
16,30
22,50
48,59
86,5
130,133
50,18
61,72
18,8
28,3
72,15
34,18
72,58
22,19
105,35
187,104
20,32
72,80
120,9
20,69
22,10
28,14
16,58
14,47
72,8
127,26
63,35
90,45
56,93
70,92
135,74
56,33
17,28
23,6
135,7
99,47
71,84
109,39
172,10
29,28
56,23
193,55
251,47
59,65
16,13
58,53
19,36
65,106
54,34
65,31
115,4
53,7
85,4
27,71
18,37
144,32
17,24
95,49
16,62
23,3
18,20
62,69
28,19
26,14
15,16
25,67
216,16
17,5
21,13
109,55
25,4
37,48
40,32
50,3
19,17
21,50
35,47
18,20
24,20
56,13
29,141
89,12
15,14
46,7
29,35
76,35
19,4
17,141
83,10
98,40
31,33
53,7
154,79
34,81
115,25
75,31
20,67
58,50
98,94
28,5
51,97
46,12
16,2
130,7
44,23
128,10
35,31
184,19
49,18
97,6
111,35
50,17
142,169
30,103
18,4
84,20
51,3
50,21
17,17
94,146
122,33
19,71
95,17
35,57
174,31
45,16
66,15
27,69
15,43
54,195
85,143
35,52
26,4
51,25
63,105
36,18
33,18
95,63
100,37
59,102
20,7
22,27
18,7
105,47
20,27
16,69
279,5
129,26
115,39
67,18
275,14
87,33
21,29
38,104
179,19
85,13
14,93
29,43
38,93
64,8
39,9
142,16
71,28
24,72
47,12
27,3
45,14
75,21
203,16
31,49
66,36
24,12
166,45
42,55
132,44
74,18
102,42
33,16
100,2
19,59
252,31
94,68
15,37
50,66
65,90
17,6
36,3
138,46
25,35
225,27
108,10
36,85
36,34
62,18
84,22
100,103
106,3
103,37
25,45
57,44
25,19
36,14
65,63
57,50
57,33
75,9
76,5
90,24
64,7
48,3
144,6
15,80
25,3
98,26
36,35
20,70
28,11
51,13
22,10
37,68
65,2
49,56
71,119
51,83
53,5
38,11
166,15
32,15
63,53
74,21
53,88
21,4
22,11
36,29
87,5
24,64
18,16
28,11
68,18
60,42
38,98
61,40
77,4
17,62
95,141
55,51
58,4
42,126
88,43
61,6
264,5
141,7
79,6
37,12
183,5
23,23
38,12
44,130
46,102
80,2
20,12
39,3
42,26
28,18
98,12
51,49
175,20
22,42
75,116
25,62
132,41
23,55
14,58
114,39
58,25
145,12
65,42
19,64
166,42
215,7
22,61
65,76
126,44
50,10
23,14
217,71
31,22
68,49
28,63
58,15
108,7
150,62
133,41
103,61
94,68
60,69
15,61
30,61
61,50
121,63
127,5
107,14
44,16
35,7
26,18
65,9
23,34
45,5
18,73
63,170
189,55
36,29
131,53
15,11
27,54
39,23
70,48
31,25
55,34
78,5
87,13
19,2
71,69
20,18
87,31
15,20
43,18
74,23
61,18
34,14
54,40
36,44
19,8
53,32
47,153
39,78
142,166
201,14
33,61
118,67
25,14
21,18
18,61
82,31
151,68
50,71
21,51
56,21
56,62
36,50
31,19
71,18
111,34
18,91
29,3
20,43
24,4
81,75
86,3
127,16
49,6
154,72
127,37
64,85
15,81
18,32
65,20
18,4
14,55
86,99
38,20
51,86
26,7
131,19
35,48
193,4
67,6
96,53
286,24
99,27
204,18
49,38
69,134
25,3
19,55
42,27
28,40
20,96
46,5
24,8
36,21
52,26
33,33
84,47
120,23
87,63
37,13
112,9
31,29
141,108
49,6
32,44
28,87
40,7
94,86
89,20
171,70
15,6
56,56
75,48
15,76
22,7
28,58
41,77
34,74
34,11
40,17
25,60
120,4
52,81
72,41
35,24
151,23
27,26
159,28
40,82
145,117
32,33
55,23
155,10
58,75
37,14
61,23
44,11
49,25
115,156
47,34
59,30
21,12
55,38
39,36
93,6
42,65
61,80
17,94
47,3
87,31
63,104
19,17
161,65
70,30
27,19
112,52
110,29
18,24
84,96
46,66
151,21
84,8
17,75
68,37
32,85
39,7
64,11
28,33
77,42
131,8
41,6
74,27
56,7
137,7
36,84
15,85
107,115
38,37
70,5
112,20
58,21
134,43
32,58
103,26
61,74
78,67
41,31
17,57
15,174
82,32
22,5
29,11
32,15
26,16
44,15
60,27
36,81
157,57
84,13
87,36
51,29
18,60
39,31
108,77
15,39
64,15
65,27
56,18
48,115
159,4
43,7
34,3
49,9
24,8
37,104
43,11
87,108
104,2
25,9
39,35
26,4
15,38
26,41
115,43
29,8
41,85
79,9
36,118
49,18
166,13
84,21
30,30
47,15
20,37
64,18
47,43
59,2
40,30
192,25
59,77
36,27
133,7
23,62
143,7
27,11
51,60
68,23
151,76
34,146
21,32
77,40
36,34
17,12
239,21
51,88
18,30
48,54
25,57
97,24
28,72
75,14
69,25
22,30
14,47
61,169
17,43
63,30
17,30
17,69
87,91
223,30
45,22
38,19
68,18
61,77
60,17
32,36
21,20
35,52
20,22
89,16
16,9
73,19
29,47
77,18
54,34
54,102
33,30
27,20
20,62
39,8
33,17
29,4
63,26
14,199
49,9
168,23
55,5
41,9
17,48
77,32
34,47
244,18
109,9
56,13
60,70
86,17
26,14
187,20
41,35
47,46
41,28
60,98
51,13
168,34
112,33
71,27
130,7
145,36
16,29
46,89
29,17
29,53
112,69
259,28
45,14
87,59
51,71
17,16
122,25
56,19
59,13
40,196
21,19
69,181
24,18
22,94
135,11
21,21
227,15
98,29
87,43
55,17
92,19
17,14
77,29
37,11
35,4
83,99
110,7
21,31
94,26
122,35
33,29
27,88
125,4
22,23
39,9
80,24
56,9
17,38
48,15
44,8
57,98
50,15
27,20
21,97
15,25
35,5
100,33
24,9
232,7
106,26
184,11
67,17
24,5
105,11
88,45
21,41
88,50
83,31
62,67
32,16
47,9
47,9
29,65
32,5
25,57
27,6
138,5
183,33
62,83
103,71
77,22
27,27
193,27
124,25
16,29
98,131
50,9
47,11
78,66
99,46
66,67
244,54
76,6
29,2
21,17
92,156
28,11
79,57
34,20
107,34
30,39
224,57
20,3
280,9
42,10
92,35
47,92
74,17
33,3
17,15
51,8
95,29
19,12
61,49
136,3
140,44
19,5
39,31
14,57
22,22
57,23
64,25
68,22
190,3
33,31
55,7
16,9
37,16
27,123
30,31
46,15
29,34
62,98
33,59
109,15
16,113
133,8
110,129
91,12
39,45
100,118
95,51
15,58
55,134
65,3
51,26
53,76
43,124
24,75
70,3
14,37
198,84
38,7
16,36
26,134
39,19
17,76
64,30
24,169
162,4
82,119
74,57
77,23
121,16
29,28
29,14
35,30
31,41
63,65
16,39
63,20
92,68
49,33
87,11
29,51
59,58
31,18
143,46
45,54
58,7
24,59
92,58
15,20
32,189
108,20
152,42
284,9
43,8
34,91
32,35
34,11
155,65
117,52
110,36
23,4
161,24
34,100
80,8
16,81
38,62
21,117
142,112
33,127
103,16
82,40
62,11
49,48
54,15
58,108
89,32
50,217
72,116
202,10
71,62
22,31
69,11
145,31
183,90
23,6
24,12
105,73
123,51
24,8
36,10
30,92
63,51
22,6
37,80
25,39
56,10
71,7
29,8
82,35
31,17
37,5
30,93
175,24
54,95
113,47
167,38
20,48
47,20
75,118
75,68
33,49
66,53
17,17
21,18
80,28
24,74
81,11
44,20
14,37
78,66
79,13
16,21
53,17
28,4
17,54
54,60
88,3
49,14
118,4
41,31
33,10
66,32
23,139
38,39
35,46
93,53
69,35
27,32
127,104
74,44
33,51
68,27
24,10
27,102
136,38
18,31
14,73
27,52
41,29
141,37
79,51
23,22
54,17
24,93
77,29
29,9
38,13
73,40
24,9
69,4
20,112
39,91
33,63
57,50
43,3
75,144
28,39
21,33
295,55
61,8
54,46
182,7
21,97
28,52
67,31
137,60
62,65
46,55
235,22
28,33
71,31
55,11
53,19
185,27
53,94
77,95
18,5
14,102
79,80
25,102
51,7
63,44
27,67
32,88
86,8
76,59
76,22
23,21
39,9
35,54
22,39
138,82
39,5
26,22
35,25
43,46
151,5
53,51
76,43
134,21
73,97
22,22
52,34
126,19
30,20
39,21
22,63
18,25
24,27
43,34
50,28
85,85
37,28
37,8
58,46
74,168
56,15
37,58
17,8
54,13
54,5
75,31
42,58
23,87
57,52
30,29
32,52
88,46
55,11
192,24
18,14
17,77
77,13
33,47
246,13
69,8
24,11
55,16
16,16
209,22
174,137
20,14
42,42
128,7
100,12
24,80
106,65
15,16
27,41
31,12
207,15
15,10
74,18
57,6
15,34
35,50
18,97
75,22
117,26
18,80
40,30
40,54
66,9
44,23
22,127
20,32
45,50
18,62
75,79
60,23
36,79
91,68
19,8
40,119
62,77
39,31
129,44
20,20
51,21
49,16
32,62
67,19
238,57
32,19
141,36
23,21
120,11
179,10
48,15
17,15
15,89
41,41
81,31
79,18
30,56
23,101
15,76
114,104
44,6
19,2
41,13
112,19
194,6
142,4
28,43
141,23
16,17
49,72
25,33
104,55
60,63
76,72
45,21
17,179
24,44
120,25
62,5
78,6
25,22
28,11
26,88
73,21
49,12
120,9
27,13
93,6
17,25
19,6
36,71
206,39
47,18
88,71
30,111
19,117
25,70
76,112
17,75
56,14
36,62
17,52
46,47
185,22
45,64
69,6
54,80
17,22
46,36
45,22
154,9
156,3
78,31
49,35
99,47
71,5
80,34
31,14
54,48
46,28
140,22
27,4
217,49
151,3
137,73
65,52
87,18
27,14
74,60
18,7
106,64
155,16
28,12
136,82
39,4
113,7
29,19
38,8
119,97
50,52
35,49
97,72
88,4
36,5
21,10
51,13
60,6
65,10
59,66
62,56
101,80
16,18
64,16
83,22
40,7
16,55
16,5
218,36
41,4
76,8
15,39
110,34
63,24
61,40
70,49
120,101
74,58
144,21
76,17
15,38
114,7
82,31
79,44
29,29
113,30
16,53
112,7
64,63
196,41
22,108
77,25
47,7
27,48
113,18
29,75
48,36
31,77
48,19
60,4
33,13
133,63
173,39
78,88
40,12
14,6
22,31
55,32
129,9
106,79
72,23
43,92
74,27
18,62
14,22
164,9
29,3
82,50
102,33
23,104
171,12
25,43
22,39
75,8
38,2
37,96
54,105
71,23
28,2
52,4
132,35
54,4
39,24
42,33
19,40
51,24
43,134
30,17
24,33
96,3
52,19
55,50
81,82
63,25
49,45
60,9
237,24
259,8
108,22
150,42
17,6
21,15
157,7
21,106
68,5
121,9
19,5
55,23
36,80
79,6
98,11
67,51
42,18
43,35
28,8
30,18
30,9
40,25
73,45
24,51
89,7
84,54
102,49
80,36
61,23
24,67
57,58
33,18
67,14
113,35
51,23
64,15
144,12
25,27
76,4
113,73
40,36
220,8
54,17
224,8
69,5
91,14
60,78
62,34
114,26
136,64
50,44
33,47
76,6
35,7
46,41
45,56
16,70
39,21
29,10
48,70
84,55
16,65
18,31
114,32
27,14
118,9
57,22
20,79
53,44
39,22
68,3
20,25
140,31
50,11
68,16
41,48
111,4
31,36
28,55
57,30
76,11
15,85
93,37
24,2
45,29
64,9
52,35
51,27
45,19
65,31
29,18
32,97
22,89
162,67
110,22
42,27
81,11
104,43
108,8
148,11
44,127
54,6
39,14
74,2
93,14
15,87
91,2
107,99
61,5
40,19
34,16
38,54
32,10
69,77
66,93
31,45
51,14
20,18
77,17
75,82
50,24
39,41
69,46
143,28
135,37
144,7
69,3
65,110
14,30
76,27
61,88
144,24
37,65
95,28
27,74
19,45
91,8
53,126
138,167
63,60
35,31
67,10
127,19
113,31
30,51
62,56
68,41
109,40
25,131
21,21
127,23
55,8
46,5
93,25
94,29
55,8
80,78
54,58
94,130
87,22
16,9
72,7
168,30
33,25
136,89
55,84
122,28
35,48
203,113
42,4
51,140
20,4
50,28
29,6
32,61
31,6
112,48
15,182
21,151
26,94
20,38
96,25
33,43
20,60
80,82
53,6
16,11
19,65
91,9
49,13
27,8
16,14
15,24
99,50
38,94
66,31
41,29
15,23
105,39
14,11
96,13
15,19
19,37
41,86
31,6
16,11
60,29
28,38
143,80
205,10
91,11
145,5
67,10
185,23
78,40
37,18
16,5
44,59
60,12
19,21
194,2
108,53
19,77
132,25
23,60
22,7
71,170
38,17
81,7
62,20
26,28
151,43
37,120
40,29
41,3
28,180
106,55
37,86
38,146
130,33
19,152
110,113
18,12
30,5
47,30
49,9
24,8
39,32
71,70
40,115
107,81
94,3
66,11
80,74
59,3
28,18
54,16
132,27
57,25
35,7
63,3
45,25
110,12
37,87
26,88
117,51
192,8
47,90
79,5
94,43
139,9
78,39
247,41
16,166
98,15
19,7
30,6
20,86
107,129
28,25
29,115
47,114
64,27
48,8
22,6
58,61
24,5
101,41
168,69
112,35
54,75
103,15
36,33
52,32
89,65
106,41
15,32
38,27
21,68
111,25
24,22
44,47
98,5
45,19
54,109
90,7
60,46
43,24
118,24
35,29
55,28
29,26
38,21
18,43
40,24
45,10
42,66
68,88
280,23
45,10
262,37
32,29
14,39
26,39
100,7
29,28
18,22
27,24
117,116
29,80
95,8
99,16
15,25
24,54
59,73
27,29
71,31
128,41
61,47
97,25
217,5
70,59
99,91
26,160
68,18
83,37
117,49
24,126
17,32
145,72
22,9
63,21
19,15
35,52
68,26
42,26
60,84
31,102
44,5
35,55
25,26
123,79
30,6
24,89
14,94
117,22
22,57
83,96
27,24
49,2
42,4
142,99
74,12
53,6
39,51
24,34
37,14
33,8
184,89
79,51
43,10
31,101
24,56
31,17
23,46
50,49
159,76
53,20
188,48
130,97
78,18
17,33
190,28
45,13
57,9
34,13
144,21
69,57
110,15
18,28
56,71
19,12
43,22
38,13
37,37
96,24
54,4
177,27
15,53
196,25
31,187
57,22
51,42
73,14
98,57
71,10
35,12
37,22
36,105
87,26
66,12
15,7
28,29
34,22
82,97
134,49
83,106
55,30
25,3
86,68
140,2
86,8
25,9
47,33
28,18
82,9
24,66
72,33
66,4
111,6
25,3
83,68
58,34
25,14
96,24
43,86
67,6
38,41
64,4
22,18
60,20
28,20
50,18
114,52
37,39
24,17
50,41
58,28
28,4
27,114
27,39
65,6
28,11
74,52
232,13
293,160
19,12
26,7
49,25
89,30
26,183
40,71
93,49
18,36
21,74
24,16
102,69
47,88
32,30
142,11
58,108
30,88
16,70
17,174
15,24
88,69
28,13
68,5
72,23
37,29
23,4
64,54
51,8
66,14
149,42
51,17
82,15
170,12
55,40
46,30
21,12
81,5
21,3
73,11
175,19
69,3
86,7
60,123
29,31
21,125
33,56
136,63
36,21
17,8
16,67
226,65
142,116
106,36
24,32
128,105
15,8
19,45
70,3
40,37
18,65
34,30
27,10
32,80
32,89
22,4
54,73
28,20
72,45
88,8
285,23
43,30
88,38
20,47
52,8
176,77
141,51
99,89
30,16
49,65
226,11
15,52
17,96
224,11
82,22
59,190
66,84
24,98
141,21
48,10
134,45
69,49
70,16
92,50
51,107
20,76
54,31
65,95
75,14
57,38
84,74
37,39
52,57
53,14
104,96
81,102
149,39
115,11
44,16
25,33
84,16
49,171
34,18
57,116
92,3
33,29
33,11
24,4
98,40
51,18
31,52
148,19
83,3
255,63
41,116
84,7
138,19
33,74
14,2
151,22
168,5
132,12
49,9
76,4
195,66
54,15
285,44
93,2
59,16
27,7
56,25
21,22
41,12
22,16
109,50
65,38
147,26
184,19
44,11
122,70
33,3
50,84
36,41
32,45
87,20
45,39
18,48
106,162
60,88
143,37
59,58
24,47
123,9
209,28
70,54
33,77
160,71
59,12
39,42
212,46
75,9
63,22
62,52
42,45
86,52
15,54
62,38
28,91
24,43
113,12
20,22
19,21
115,34
106,44
77,5
89,27
92,81
35,24
17,8
48,13
74,19
48,140
55,8
37,4
53,117
15,107
62,3
22,49
70,6
66,81
20,47
40,3
42,72
132,37
62,83
40,150
59,28
34,32
124,13
162,39
47,79
65,3
80,3
51,6
28,11
253,20
27,61
38,31
20,102
27,31
93,8
44,17
26,43
40,30
76,151
42,37
130,29
181,20
145,19
68,84
76,34
102,50
37,8
75,48
18,26
31,18
42,45
52,30
65,128
61,17
54,10
58,82
82,17
78,11
106,69
34,119
117,58
45,35
146,3
38,48
33,69
42,3
78,11
149,90
52,53
23,50
101,75
127,3
14,13
17,22
36,31
64,76
40,68
17,83
255,67
89,5
38,63
64,113
57,79
80,119
43,113
74,13
21,34
74,8
118,57
52,66
79,54
132,15
34,31
28,52
69,38
32,29
40,2
83,35
90,4
53,71
174,13
17,4
61,37
32,12
163,60
79,10
40,9
102,24
15,34
51,6
33,131
49,25
283,11
86,6
176,61
32,5
33,76
29,60
46,108
87,27
54,42
36,41
28,50
126,75
15,13
20,8
36,18
19,4
27,56
15,17
132,15
56,11
41,6
148,21
122,38
28,99
16,13
264,13
37,2
20,46
54,56
31,153
92,42
16,63
119,127
76,43
45,86
46,12
104,17
14,28
49,20
73,45
112,19
31,63
228,18
174,43
52,34
21,180
90,87
27,33
58,33
21,67
38,2
215,40
21,39
62,35
84,31
28,74
43,43
44,20
23,19
50,2
96,45
177,6
32,57
115,10
17,133
61,28
50,130
51,6
60,29
18,21
71,7
37,82
64,21
107,7
92,64
47,10
80,21
24,17
35,74
20,5
199,37
109,69
34,17
35,13
80,8
253,8
19,13
161,38
29,2
87,11
135,36
80,93
146,9
19,40
30,17
111,21
191,24
27,30
21,6
48,38
65,23
234,20
67,17
151,25
19,16
90,103
63,202
30,2
135,18
36,11
55,22
46,28
16,20
157,33
17,12
14,36
69,8
35,53
107,53
94,7
63,67
38,9
28,10
31,63
36,32
150,50
89,21
19,2
22,91
96,97
22,62
19,34
20,29
46,165
34,12
136,76
57,4
53,50
65,16
34,102
34,22
40,16
134,19
138,82
20,64
50,16
78,37
122,8
30,41
20,96
18,90
105,12
37,46
75,15
84,24
82,67
90,53
35,39
25,16
75,20
84,8
27,95
118,17
51,62
70,23
92,127
34,4
24,45
35,7
38,15
46,183
21,19
30,172
41,40
45,70
40,44
70,8
19,13
132,82
40,3
70,53
17,6
60,89
118,33
15,59
132,128
118,85
179,72
15,30
66,76
33,148
29,22
103,4
46,7
39,26
16,28
18,8
68,75
157,3
76,75
82,113
168,14
22,22
46,2
31,13
29,89
15,7
16,111
37,23
29,64
21,63
86,36
181,213
65,23
45,19
52,79
84,10
54,49
35,21
73,10
24,21
47,24
68,46
128,2
48,34
27,70
94,61
39,23
51,63
40,41
28,96
49,9
25,8
49,18
21,22
146,53
84,54
99,114
251,3
15,22
302,35
36,110
116,45
117,11
69,8
22,23
95,9
146,8
65,8
75,84
18,9
32,6
40,6
143,4
17,53
48,52
21,4
63,48
16,27
72,98
23,18
97,63
38,6
109,132
34,118
68,23
34,45
101,74
57,84
122,26
58,16
22,8
25,99
55,68
40,21
67,38
16,27
50,115
116,205
64,30
48,6
217,49
204,24
65,33
17,88
71,16
213,27
34,2
62,7
28,2
93,35
73,69
14,22
169,45
36,7
115,43
56,14
79,55
119,34
59,5
22,16
37,53
21,28
36,125
115,88
86,41
51,16
30,56
29,16
56,105
109,46
18,38
134,16
35,13
167,92
141,17
36,10
31,83
107,23
57,14
24,17
61,37
28,9
24,60
148,18
37,12
46,57
171,9
21,14
23,49
24,7
44,31
103,13
60,45
16,24
85,74
165,120
18,15
125,105
15,24
262,5
21,31
83,64
27,164
50,20
111,70
36,96
29,95
136,45
39,19
49,49
79,86
68,61
60,36
16,3
29,26
35,40
21,13
78,35
75,19
33,45
30,109
47,9
43,231
22,4
241,129
20,32
25,12
105,21
134,19
14,8
15,19
28,74
39,19
61,39
108,90
33,41
34,178
55,8
18,20
23,13
15,54
23,40
43,23
83,8
38,29
15,162
44,52
87,136
24,7
43,16
64,73
58,68
20,36
188,97
73,15
39,6
17,42
14,49
33,48
24,16
68,69
114,4
21,12
21,8
36,94
29,6
21,114
106,22
60,53
21,16
92,36
71,3
87,55
93,23
37,127
109,33
22,4
30,52
26,19
57,70
28,8
37,53
16,10
42,4
61,21
54,24
15,22
24,23
18,15
28,60
24,46
151,19
61,99
108,21
86,6
200,47
44,9
70,13
15,14
201,10
44,21
183,23
65,14
79,32
37,42
65,18
72,116
37,118
26,13
115,21
17,41
50,18
36,50
21,16
23,62
282,20
149,25
83,196
27,102
76,23
39,9
22,72
52,9
17,33
27,182
65,24
50,26
32,48
141,20
55,50
38,25
49,34
217,12
101,48
68,2
144,35
57,17
22,172
20,119
39,18
140,96
72,16
133,111
77,35
86,16
47,31
60,26
67,6
17,69
22,9
28,32
24,3
31,43
80,25
28,25
23,47
32,117
73,88
25,6
143,5
56,56
111,19
72,31
75,13
60,22
23,68
22,11
133,56
86,31
31,26
45,3
68,81
88,44
23,110
39,35
21,3
156,12
21,65
117,10
32,60
103,46
29,124
36,13
28,6
88,4
46,58
57,40
90,8
184,21
96,17
93,21
51,20
83,63
133,40
49,14
37,13
63,34
47,29
56,11
26,132
42,30
62,194
174,38
138,34
31,34
28,36
32,34
21,18
38,8
16,39
66,4
22,66
51,26
20,4
53,15
20,39
71,21
68,19
131,142
135,19
60,58
194,40
43,72
68,47
64,53
17,69
16,18
65,4
18,126
31,55
18,30
54,22
22,7
38,30
96,5
109,92
33,29
112,30
17,72
55,9
76,77
24,37
111,32
20,65
84,68
31,14
73,156
48,86
159,63
180,75
35,19
33,51
85,37
106,23
159,49
116,68
29,117
214,29
87,12
27,40
29,35
75,12
74,44
42,35
38,79
14,93
16,11
15,57
94,3
22,24
104,45
42,61
145,8
300,23
46,4
289,73
31,30
88,101
158,19
105,57
24,3
35,49
96,2
98,22
15,8
144,4
17,8
107,4
175,8
84,34
30,140
71,31
95,76
95,13
74,79
44,26
134,12
25,53
20,20
120,31
119,9
114,17
115,3
14,39
128,28
44,28
42,47
40,22
31,2
18,15
18,75
92,39
61,53
99,4
51,27
65,60
94,10
35,238
65,20
102,41
203,3
15,6
42,62
127,20
24,100
74,65
38,24
88,75
36,4
37,76
85,32
16,39
92,98
72,27
81,49
19,7
142,84
127,72
129,22
30,12
130,111
35,7
254,25
76,3
29,98
16,108
46,30
57,4
76,9
55,34
166,91
64,57
57,14
54,65
64,28
30,9
128,12
83,12
21,52
120,69
28,38
21,120
65,3
23,25
106,125
34,53
75,144
71,110
27,31
54,25
50,38
42,23
17,49
72,116
37,33
110,15
119,17
32,9
15,8
67,123
48,18
61,14
90,46
19,43
47,25
36,41
67,45
46,9
19,26
120,35
41,50
126,10
125,54
122,11
129,38
89,3
198,48
289,14
15,91
121,64
73,64
15,3
25,4
72,30
19,25
34,19
21,45
41,117
21,10
65,44
160,23
84,42
29,3
127,11
28,50
36,43
79,26
60,2
82,32
31,5
38,9
29,18
40,97
45,14
56,27
42,10
17,36
221,43
85,5
71,17
29,11
21,15
65,25
16,53
118,75
37,35
36,7
26,94
97,6
229,17
34,15
25,63
35,22
83,57
75,61
62,38
124,75
24,30
87,32
119,31
22,20
97,82
89,47
200,80
97,96
33,29
43,6
111,89
58,73
23,51
108,20
28,23
51,19
77,25
90,190
50,125
15,19
93,71
48,17
17,17
95,8
23,87
53,100
45,45
53,18
29,17
21,66
75,27
163,4
38,34
94,9
49,11
76,49
23,45
42,11
16,15
201,55
102,82
43,3
178,42
26,7
58,24
14,22
22,73
24,16
61,56
45,7
66,109
33,84
72,29
82,23
26,4
15,33
107,32
34,12
144,4
53,83
81,71
45,10
261,6
33,21
14,150
23,86
78,48
34,115
52,27
41,12
33,31
102,28
53,25
20,17
22,46
76,11
29,110
35,97
53,46
67,5
75,5
39,96
33,5
23,32
46,4
78,90
21,11
28,73
256,34
111,11
30,27
53,54
70,12
50,87
75,19
46,51
15,2
17,57
86,110
44,128
30,32
142,14
124,93
41,37
55,42
194,41
24,27
188,53
119,23
136,32
24,19
21,46
29,31
92,117
42,3
126,89
55,50
32,58
66,19
44,2
43,22
24,31
155,114
17,65
99,4
31,50
62,5
52,20
18,55
21,5
58,18
59,51
99,10
111,45
120,36
34,30
115,144
193,6
54,86
62,35
16,8
46,12
21,25
52,10
92,41
58,67
114,14
43,37
44,177
26,50
94,73
99,10
56,52
76,13
111,24
31,96
18,3
78,43
78,7
55,24
60,101
211,30
41,22
65,4
76,42
81,16
80,17
72,3
15,24
148,12
41,20
140,32
36,39
45,13
56,13
19,151
47,12
74,101
47,53
19,11
16,33
39,14
63,39
141,28
262,10
22,41
18,42
35,16
53,23
37,24
25,17
54,36
19,16
96,17
31,13
69,8
63,79
33,10
40,54
17,17
136,85
35,55
46,33
24,32
48,37
142,38
18,30
27,4
77,8
60,40
236,41
59,29
24,60
59,96
24,12
180,15
66,76
97,3
60,35
55,14
41,20
60,18
38,72
42,17
82,38
50,59
61,10
69,44
15,29
34,9
119,33
39,15
48,37
14,75
30,96
26,5
61,24
26,5
43,78
27,34
22,53
64,51
202,108
35,26
21,15
117,14
40,54
38,122
47,12
201,10
75,8
43,43
64,5
100,12
39,65
32,23
28,19
132,23
60,30
33,118
23,57
116,94
84,66
15,19
26,13
64,27
34,35
46,13
26,68
69,173
24,8
95,41
71,9
180,28
16,48
35,4
22,109
29,107
87,5
47,15
29,51
123,82
115,35
51,9
52,24
76,9
20,17
16,15
22,19
104,34
183,25
47,15
37,77
56,7
31,27
117,20
145,6
117,14
37,200
69,181
21,16
20,78
23,43
17,19
63,28
55,42
129,11
24,114
15,7
39,60
240,18
102,11
71,13
58,22
139,20
30,31
71,38
65,27
177,64
135,25
154,83
45,27
117,13
139,14
102,53
22,32
163,3
21,103
68,22
63,8
78,125
24,39
105,62
16,45
25,34
55,48
18,64
18,47
18,4
69,4
16,15
22,31
76,42
92,43
98,26
28,14
31,24
68,19
29,3
32,147
94,33
47,8
56,48
101,10
34,17
30,16
56,56
26,22
20,51
31,85
92,39
36,49
18,28
130,47
162,83
94,53
60,26
25,89
32,25
18,49
93,12
66,5
37,10
42,54
16,26
46,16
60,7
48,18
61,10
29,2
104,12
91,83
20,14
44,29
53,10
41,15
97,61
74,38
39,40
26,27
99,43
81,10
118,7
33,37
97,27
42,27
18,54
30,4
40,22
49,36
23,11
65,10
90,10
152,23
126,59
64,46
21,98
19,50
54,18
75,73
105,12
62,62
29,130
71,40
40,3
101,10
34,6
65,25
50,8
49,15
19,8
86,8
15,39
128,72
42,112
35,8
134,15
64,39
31,65
75,44
132,7
21,15
14,31
113,36
91,29
44,6
22,25
73,175
19,52
54,25
56,35
45,7
182,33
19,64
15,13
146,15
38,3
20,7
30,20
39,8
48,12
282,98
23,54
16,40
20,56
122,13
25,2
253,64
238,4
56,60
88,15
72,119
234,5
14,16
33,5
20,5
17,72
180,83
42,16
34,18
14,124
29,5
183,19
17,2
53,11
44,25
55,34
161,68
133,10
43,60
142,10
77,29
89,132
51,20
65,222
38,80
262,42
44,23
38,70
24,54
19,10
108,18
17,30
110,40
15,14
39,241
86,69
62,15
153,39
166,15
20,32
21,41
15,60
37,13
51,39
51,2
33,18
100,4
18,86
86,2
22,9
120,4
65,55
103,73
95,62
162,67
123,46
45,18
25,66
21,32
40,12
200,17
38,109
80,16
40,9
80,47
20,7
70,42
118,3
18,47
51,4
39,52
54,53
17,35
141,168
86,16
23,43
63,8
32,22
25,21
76,18
49,28
89,40
67,14
100,5
41,40
63,27
46,119
214,7
24,5
50,110
48,27
30,33
52,16
54,71
36,37
114,7
30,154
44,19
17,3
62,41
68,13
34,23
127,71
58,72
28,71
44,153
85,32
32,43
24,13
81,3
25,22
59,13
94,32
25,37
19,11
55,21
92,29
77,81
131,5
15,7
56,41
27,40
44,92
33,145
15,8
209,16
88,21
57,17
38,98
226,26
102,77
86,21
34,64
80,40
83,8
19,19
75,15
33,9
21,51
20,7
117,15
40,25
168,93
88,16
33,2
76,11
36,55
22,55
21,44
93,38
51,51
19,5
43,15
54,22
169,188
38,20
112,36
66,85
37,127
154,34
31,31
150,8
16,26
56,6
19,4
20,20
35,33
86,17
142,33
26,5
22,83
16,78
115,13
95,44
94,43
21,46
58,25
30,17
145,4
21,5
18,2
60,10
72,31
19,43
184,31
38,50
102,8
56,5
146,32
41,19
38,26
66,55
18,20
140,13
19,87
36,10
107,12
230,12
122,10
89,12
69,49
250,158
73,39
18,53
43,83
35,25
76,30
28,36
72,14
94,85
116,93
21,26
248,14
265,14
14,49
24,68
24,39
21,59
210,12
30,11
98,73
23,9
35,25
66,27
110,9
56,94
27,5
52,8
157,10
29,6
37,2
32,4
15,13
27,84
38,26
53,100
28,22
25,19
17,52
53,7
88,72
95,113
57,9
119,10
32,24
206,38
138,123
63,4
52,35
163,23
64,32
37,125
57,107
31,19
14,12
36,41
61,43
59,31
47,6
27,8
46,60
33,51
34,11
16,8
39,22
58,8
82,23
39,9
39,35
30,204
23,14
33,3
20,26
156,109
95,34
81,123
29,51
21,20
121,4
54,31
27,97
60,18
110,68
44,98
36,46
35,7
16,18
64,44
34,21
46,25
49,56
71,36
19,62
43,32
52,86
54,14
55,58
17,27
167,33
43,12
46,73
35,53
70,11
21,94
31,88
17,25
18,78
21,54
19,19
192,24
37,29
68,12
125,119
58,12
84,24
50,30
126,35
28,188
21,26
36,20
20,25
30,84
131,26
102,7
40,11
185,55
127,39
49,19
21,134
104,5
45,52
57,155
68,100
67,23
111,2
46,3
44,43
75,50
41,7
15,21
35,22
105,22
111,20
68,43
33,92
75,21
62,57
89,10
34,24
24,61
96,52
115,8
169,38
20,65
54,9
25,62
68,47
21,5
61,11
105,13
87,9
61,32
79,145
32,68
39,13
122,91
130,4
48,8
24,39
44,5
19,23
56,29
26,34
55,36
26,8
47,13
29,9
23,127
41,64
18,9
93,40
58,60
32,24
26,5
92,49
70,15
15,112
42,63
33,22
84,84
152,84
74,138
19,11
49,9
122,40
56,22
26,55
33,29
16,5
28,14
94,144
133,40
69,64
45,89
107,90
47,82
22,7
188,20
34,19
62,17
68,20
39,60
24,112
64,48
116,51
21,59
111,69
16,25
23,5
41,83
129,41
18,41
130,48
50,8
92,125
114,22
80,40
25,31
16,7
38,16
96,156
101,4
57,216
20,38
140,120
80,39
58,11
65,3
17,29
58,2
125,9
47,57
68,9
20,51
138,8
39,40
39,69
25,15
60,30
41,55
79,109
28,11
18,41
73,15
30,13
93,55
305,54
84,49
41,31
18,66
19,7
65,22
264,29
35,22
126,38
52,28
54,19
187,22
70,14
57,7
16,13
24,70
278,7
50,37
60,22
92,78
184,7
93,9
50,109
25,66
56,4
90,9
17,115
100,2
85,37
97,77
79,37
25,48
123,3
133,24
54,13
20,35
70,78
40,6
52,10
16,58
101,24
19,57
155,82
30,9
91,111
117,16
23,45
63,13
20,28
23,34
31,22
88,72
32,29
33,7
34,11
108,36
19,108
153,29
29,109
52,4
36,29
61,103
38,13
81,18
30,29
22,63
222,103
233,38
44,3
34,14
129,3
265,7
121,88
65,26
60,7
50,6
46,70
42,81
49,32
88,15
163,75
50,36
39,16
17,5
104,187
158,13
163,74
88,16
125,35
83,72
147,67
43,27
110,52
33,22
105,65
20,32
26,88
15,16
32,33
103,162
27,70
106,15
52,63
40,53
23,56
46,56
70,47
104,54
20,7
69,7
24,26
34,11
35,7
206,103
70,22
17,78
128,11
42,43
16,84
19,4
58,25
44,53
57,4
33,12
170,26
67,206
24,31
38,11
53,28
57,15
61,35
36,21
90,72
26,73
21,22
23,89
60,32
35,92
15,68
60,41
154,30
132,58
99,20
17,170
93,14
124,11
16,14
196,28
278,66
110,14
89,26
102,8
71,5
202,5
26,44
20,28
61,42
43,15
29,4
16,189
56,50
46,95
57,135
132,5
24,50
162,7
27,40
60,63
42,88
48,106
15,48
258,32
23,5
35,49
54,14
42,10
15,2
34,57
61,12
30,68
27,10
181,16
234,8
152,42
43,17
62,89
25,74
57,6
48,16
26,40
133,23
200,34
61,35
14,23
67,27
39,58
32,20
16,12
79,39
39,24
86,35
98,60
178,157
69,28
45,38
61,36
185,51
31,29
23,57
164,8
104,28
27,10
74,63
150,20
17,32
35,56
20,23
19,66
77,70
29,9
58,90
164,56
61,168
146,163
15,6
54,108
49,76
27,34
23,19
50,30
20,32
35,19
44,39
303,41
118,129
41,55
76,22
116,51
97,43
196,44
75,16
21,11
45,5
69,33
53,10
235,6
16,6
67,66
25,40
70,7
104,155
17,15
76,43
28,3
50,2
32,52
17,100
29,77
95,36
38,60
44,49
17,134
46,6
103,7
64,31
44,58
117,30
79,42
69,31
78,20
95,44
127,43
61,21
50,41
18,3
28,50
48,8
22,42
126,5
128,43
26,37
89,4
17,2
86,33
61,20
78,11
36,74
104,22
99,160
92,28
14,29
15,34
38,11
92,109
28,17
98,16
156,34
52,58
107,60
33,6
20,229
86,33
66,104
57,78
176,47
182,35
71,15
26,39
38,15
23,6
17,14
121,74
85,11
191,12
43,146
149,21
108,72
179,87
44,15
16,16
28,6
125,34
15,57
26,80
89,12
202,24
128,62
84,21
27,152
56,13
110,69
111,16
98,45
88,9
16,7
247,13
60,10
36,32
31,4
25,23
68,5
40,39
82,66
124,5
53,18
77,18
19,40
33,22
75,35
68,2
17,24
41,72
38,89
40,5
125,7
42,12
147,10
30,4
20,8
19,12
42,14
54,10
109,88
32,3
38,5
58,9
25,19
38,38
270,30
221,84
56,24
36,25
18,45
89,29
42,27
22,33
40,77
23,28
15,76
142,18
53,79
73,3
60,94
23,60
68,12
17,36
96,79
32,53
134,30
37,58
33,2
19,15
189,141
168,45
54,97
79,37
73,47
109,36
37,47
32,27
116,8
15,10
27,8
19,5
34,14
77,13
95,20
38,119
127,18
36,9
41,10
16,160
72,134
45,5
25,61
27,29
53,16
174,3
52,14
148,53
224,27
52,7
165,28
128,18
115,19
60,30
65,4
19,80
46,7
29,16
46,10
36,62
161,3
46,34
67,26
35,145
24,32
48,6
101,17
24,18
80,76
161,21
63,48
105,6
49,19
38,19
45,14
42,14
44,3
56,6
36,15
191,41
166,17
82,4
179,21
29,17
62,37
76,20
24,8
43,31
41,16
43,49
110,8
111,55
103,14
15,47
33,2
17,63
55,26
18,88
23,6
23,17
177,43
24,8
36,2
68,21
46,43
56,6
63,36
61,14
20,22
25,18
208,75
40,36
42,10
37,10
38,3
63,50
83,16
49,4
30,15
90,30
127,22
25,11
70,3
27,171
142,4
101,22
47,58
69,21
37,29
181,34
124,10
17,64
65,44
53,22
33,111
145,29
114,30
62,43
83,53
262,2
39,55
123,17
43,8
97,12
18,26
81,3
71,18
34,93
28,25
76,14
15,71
67,68
50,20
69,13
85,8
15,29
38,40
77,6
21,15
68,52
25,2
59,63
27,41
107,22
84,9
29,11
20,84
16,64
69,112
61,17
48,70
36,33
38,33
205,9
28,18
86,108
24,58
102,42
77,41
69,26
45,65
68,7
22,56
87,24
18,22
26,11
27,25
111,13
35,20
88,48
151,21
195,16
91,19
58,49
179,23
53,8
70,87
14,6
242,30
60,12
49,89
83,4
20,10
47,14
41,41
40,17
20,34
23,17
241,12
57,9
115,43
60,2
226,32
28,119
86,41
80,78
18,3
24,69
80,30
176,18
100,12
171,32
81,6
15,8
51,119
45,7
72,45
36,31
75,53
181,19
49,6
60,12
43,48
41,4
51,26
36,26
59,107
73,32
15,29
31,66
26,8
78,67
49,5
16,5
36,21
18,13
41,12
139,111
71,90
32,19
19,28
70,4
39,31
152,67
55,10
35,13
223,36
21,18
24,11
78,46
59,38
21,4
80,6
31,5
106,47
22,3
62,5
39,86
19,6
35,66
75,112
25,130
23,21
27,23
31,4
34,7
40,18
210,64
53,53
28,10
17,16
29,80
31,26
109,10
50,17
51,37
16,63
67,22
73,2
38,41
65,30
83,4
19,11
16,14
26,58
38,7
16,79
114,11
31,61
218,11
15,42
92,54
17,9
42,31
41,28
90,33
21,171
32,34
45,80
19,21
23,21
86,44
71,25
33,39
25,43
64,130
16,3
75,4
127,25
83,63
77,69
32,47
48,78
71,80
92,10
35,48
86,62
92,21
42,18
47,20
24,13
87,14
45,10
71,3
42,23
48,44
45,10
44,47
76,36
46,32
23,9
68,46
45,46
34,6
31,28
120,151
54,3
96,57
40,21
44,3
90,5
68,48
64,13
30,21
44,45
104,2
33,63
195,12
18,15
114,143
23,74
230,56
16,118
33,13
25,11
41,19
39,13
44,19
29,22
104,3
25,7
67,6
125,46
230,28
24,13
119,47
99,61
60,38
158,107
30,12
110,85
46,16
22,46
32,69
41,203
20,51
82,19
32,9
37,16
53,21
32,10
91,28
46,4
127,6
72,23
33,61
25,6
229,123
33,70
101,107
138,4
37,36
113,62
49,22
95,44
89,61
54,78
60,66
46,19
16,96
171,4
249,7
57,36
23,37
102,23
29,13
41,147
43,4
30,70
23,49
65,9
54,9
43,17
27,15
16,3
87,32
72,54
21,19
24,21
34,141
44,40
14,53
26,152
64,8
39,36
49,10
114,21
40,4
15,19
124,33
61,7
32,93
86,9
18,52
25,33
74,96
139,43
40,22
54,34
251,15
61,82
15,18
237,51
52,58
146,16
64,8
42,82
33,126
29,11
33,41
52,14
121,23
29,8
76,54
138,5
96,17
84,107
17,44
27,3
17,43
160,28
61,5
18,23
55,68
46,20
29,42
21,16
100,12
36,31
206,46
18,23
114,45
38,3
37,79
76,4
52,11
132,53
102,39
15,4
299,43
65,23
45,5
94,3
49,20
275,12
81,40
103,46
156,98
22,126
56,9
66,54
27,75
27,76
89,7
25,24
30,8
27,9
60,51
47,8
43,37
80,105
44,29
21,5
23,36
87,17
47,26
14,4
33,48
100,33
26,33
199,60
15,26
53,42
48,20
14,98
20,44
43,85
30,111
63,30
106,3
58,59
52,33
57,19
28,15
41,21
62,5
34,21
23,50
49,25
122,134
77,16
62,8
34,29
263,12
45,68
26,12
127,41
53,6
176,2
102,155
55,19
58,13
23,7
62,10
19,71
92,19
74,41
40,27
140,13
46,17
66,7
16,4
70,29
32,13
34,21
47,32
44,46
79,6
47,27
70,75
93,4
169,3
76,5
95,15
23,8
56,6
23,21
25,103
54,8
61,24
191,16
58,18
54,7
32,16
15,44
85,8
48,9
71,103
70,110
38,15
83,9
105,20
72,11
31,23
27,21
70,9
19,6
64,96
108,99
149,28
22,15
23,82
41,16
102,43
15,31
34,31
39,76
30,20
44,91
28,27
111,80
116,222
60,26
30,23
52,10
24,2
85,31
165,20
223,74
127,43
61,36
36,85
26,51
16,25
24,13
28,14
58,49
25,36
88,134
73,5
40,72
32,2
93,51
21,9
20,94
30,102
34,12
47,85
66,9
20,18
72,46
76,24
16,30
84,9
49,8
117,43
21,30
24,40
86,17
32,33
45,17
25,13
56,10
103,82
14,18
24,176
140,2
134,70
39,12
36,15
40,46
94,20
38,52
168,55
127,52
33,106
18,90
27,64
49,8
260,7
37,15
92,23
89,106
50,5
83,28
119,106
16,92
24,31
15,11
152,15
51,17
15,35
18,6
94,58
85,9
110,72
16,28
121,13
27,66
118,7
24,152
31,6
81,18
17,7
71,41
17,17
49,40
23,20
95,17
14,29
69,40
216,4
56,44
28,109
86,22
90,4
71,28
122,37
162,54
65,13
33,13
20,13
50,2
64,58
47,117
28,3
36,35
51,11
219,6
32,14
18,44
34,24
125,65
16,108
22,14
78,19
49,36
40,8
48,18
44,34
35,30
31,147
44,19
74,7
68,52
23,7
27,48
71,20
62,13
14,41
75,40
226,31
41,10
175,95
32,76
96,76
37,42
82,81
127,149
59,5
94,51
238,18
15,37
54,137
29,141
22,5
111,30
52,15
42,18
74,66
30,22
15,176
126,49
61,53
104,14
96,22
70,11
46,34
24,56
15,138
28,5
58,91
63,6
152,7
20,16
14,26
80,3
25,10
58,56
37,21
31,104
82,6
15,10
92,101
38,5
23,41
60,23
52,37
16,91
64,13
49,7
75,11
63,52
31,92
29,42
52,166
129,83
19,14
99,81
39,87
99,22
127,88
47,74
55,47
106,80
34,56
64,56
17,10
29,36
19,2
23,75
21,66
135,9
34,14
52,13
22,50
66,8
76,3
31,25
17,23
16,32
33,40
15,93
92,16
17,7
73,22
34,8
19,22
21,29
54,4
33,92
70,16
231,5
30,35
15,5
22,20
48,33
60,19
67,8
52,115
33,40
35,52
33,20
21,94
34,139
69,96
83,9
158,16
165,18
50,53
157,16
105,37
49,22
202,14
35,96
23,71
34,28
133,45
186,83
61,16
41,16
127,22
17,16
41,7
21,6
30,28
105,169
35,6
130,34
55,89
74,10
36,12
30,50
45,61
81,55
54,27
30,40
72,38
38,38
60,4
86,27
73,4
29,35
26,12
26,3
41,51
42,24
53,66
79,69
14,31
33,78
36,43
18,12
103,10
125,47
167,24
14,53
117,50
121,9
20,144
76,24
61,3
24,9
117,28
32,108
23,21
60,178
56,72
71,58
47,6
104,62
26,40
143,10
61,7
42,28
75,6
61,58
117,44
78,8
213,6
41,3
155,43
40,64
94,14
59,22
45,19
163,23
21,30
46,17
15,29
17,87
133,11
14,3
116,26
209,6
90,35
36,44
29,46
29,22
51,71
25,10
23,40
58,9
66,44
14,7
27,6
267,20
70,66
80,110
23,2
105,5
93,19
59,226
25,62
21,22
73,3
32,41
31,3
76,71
85,5
187,33
48,35
70,27
37,16
45,101
87,64
62,16
24,24
24,32
57,37
52,14
28,80
39,65
40,21
37,9
14,37
36,95
40,28
54,16
30,15
46,36
60,21
21,69
43,82
38,19
27,3
107,27
69,17
165,11
94,76
114,14
113,60
92,24
186,35
83,14
14,21
53,88
33,59
95,49
160,12
150,11
16,80
91,8
39,41
17,26
105,43
103,31
19,9
20,4
35,6
188,6
19,32
63,72
55,59
59,6
48,15
17,60
19,8
125,36
17,98
77,15
43,10
49,63
25,26
56,48
26,82
74,24
37,13
50,19
188,17
38,7
16,24
18,60
26,45
23,44
35,60
34,21
54,52
50,11
19,40
28,16
102,68
139,90
162,52
86,4
15,62
32,18
43,74
73,17
192,21
274,10
18,36
139,3
43,47
94,21
82,215
24,59
38,153
78,35
115,86
268,8
80,32
48,3
34,51
71,82
107,32
36,20
14,56
120,33
91,64
15,20
56,6
82,66
149,55
22,4
54,62
37,48
64,3
28,4
32,28
35,143
30,48
152,31
26,10
25,44
47,109
57,27
15,10
32,35
65,25
39,146
84,21
67,55
29,10
57,95
26,24
62,12
181,3
21,5
140,17
28,30
114,39
69,18
19,7
33,36
55,37
51,50
44,86
26,42
47,206
31,11
45,56
29,112
21,52
111,24
26,51
105,20
123,83
39,65
46,3
20,6
220,31
32,76
68,44
268,3
64,17
50,9
37,16
46,52
29,87
84,30
22,43
21,4
54,32
179,42
36,74
27,20
46,103
35,37
169,72
16,61
82,11
52,3
136,2
118,25
50,13
20,83
63,18
304,7
31,9
49,62
21,67
18,86
289,6
15,11
22,55
25,36
174,155
32,65
18,16
24,103
93,151
181,56
15,44
22,72
22,161
22,4
82,38
41,5
24,13
57,14
200,4
121,240
51,5
44,14
70,19
292,54
80,18
20,7
46,65
31,19
39,9
44,4
90,94
66,92
19,36
64,148
28,74
69,31
14,4
180,37
70,19
15,35
154,19
44,5
35,73
30,4
53,13
137,49
55,70
19,55
22,81
40,6
152,13
128,12
30,17
76,4
147,14
34,31
114,26
17,29
86,56
90,11
29,119
66,34
40,86
185,6
68,19
30,15
34,55
58,223
129,20
69,11
144,41
75,7
89,64
45,46
24,3
189,11
24,123
178,30
64,52
106,21
41,50
104,39
43,30
49,28
53,10
72,40
80,80
83,19
36,70
35,116
181,19
141,125
22,122
18,13
32,37
31,104
32,12
188,29
54,163
28,25
54,90
201,25
59,142
98,9
31,143
143,72
147,56
34,22
80,61
66,40
127,22
72,22
20,34
45,7
108,24
124,41
16,18
14,23
120,9
32,38
67,38
54,31
57,50
18,21
69,17
46,22
42,15
62,34
65,83
59,4
54,8
83,27
15,7
65,94
18,10
27,24
81,13
39,9
93,94
184,41
28,8
70,5
96,142
15,4
19,34
42,61
34,105
29,122
33,3
111,19
30,14
178,52
69,17
27,93
31,85
23,39
15,21
22,3
15,15
94,5
27,46
56,27
40,31
16,83
86,27
123,17
85,24
86,31
25,16
20,48
180,40
19,55
62,9
43,43
198,22
14,68
92,19
208,40
34,129
25,24
21,3
18,39
31,34
41,33
236,35
26,42
27,6
217,88
27,22
160,27
64,12
34,37
113,105
64,11
71,5
55,26
235,14
48,21
18,30
63,20
28,51
40,4
38,36
33,31
17,21
202,8
20,11
100,58
103,114
43,67
23,5
52,10
89,120
24,3
92,74
17,23
136,41
149,62
96,40
47,4
66,40
44,74
253,22
19,12
19,51
66,17
66,16
130,27
35,41
54,36
93,5
50,71
61,3
15,19
14,6
36,20
37,29
20,24
173,18
196,61
41,3
53,10
51,27
140,13
58,17
110,30
19,28
37,12
32,62
29,31
82,123
17,9
69,84
46,19
27,15
79,29
37,9
16,10
38,4
30,28
89,149
71,144
73,24
40,39
48,33
20,23
33,27
95,8
31,4
41,14
55,41
69,30
64,3
109,32
14,33
69,52
119,9
193,19
69,29
21,13
91,46
95,57
18,134
140,23
53,25
17,20
15,171
117,10
56,18
88,9
128,37
40,26
22,9
92,13
129,41
28,8
41,32
26,78
44,51
76,27
61,11
102,34
139,32
28,7
16,62
45,6
28,38
63,10
36,19
275,28
120,97
71,94
98,28
19,137
96,5
65,44
135,4
27,21
23,10
44,21
67,81
34,45
42,14
50,18
82,15
211,61
46,38
26,82
69,13
23,80
78,104
28,14
30,78
52,33
32,31
46,138
82,5
36,29
173,33
39,47
97,8
170,94
149,26
85,91
30,9
80,91
165,14
25,13
41,36
29,37
109,47
201,41
72,18
60,10
54,48
61,25
56,9
38,50
23,58
95,67
136,4
115,23
101,105
53,74
72,62
73,14
29,13
161,57
70,104
44,22
24,53
85,23
21,91
31,6
65,15
26,110
95,13
36,6
34,198
55,15
42,35
78,14
88,8
19,68
24,8
75,5
23,67
51,6
87,23
53,113
30,27
60,39
32,60
41,26
46,16
122,9
260,14
24,127
95,18
16,28
21,9
36,12
17,54
18,3
60,44
48,46
16,75
21,157
33,22
110,41
32,13
81,39
47,19
57,5
74,83
28,13
91,2
102,103
94,108
49,46
214,19
35,70
67,62
38,21
17,48
25,67
60,79
100,24
63,176
109,15
18,25
85,37
117,28
112,24
285,62
82,13
236,17
40,26
19,18
61,100
16,59
32,10
83,18
52,8
177,21
97,9
101,71
36,5
151,5
75,62
44,86
34,15
28,14
16,16
35,45
25,10
72,6
59,16
149,39
115,19
35,12
85,5
39,63
15,11
79,11
61,10
77,45
51,4
23,6
181,24
57,122
141,10
33,10
22,62
38,55
94,19
62,3
51,42
81,18
75,50
15,30
121,20
99,9
82,6
23,15
21,50
77,6
18,8
56,55
23,6
39,24
37,5
52,4
78,11
31,14
14,6
17,7
48,90
15,93
58,27
40,4
42,12
15,66
157,5
63,23
199,7
159,26
44,11
51,10
23,27
48,6
60,51
53,70
34,42
41,81
59,8
54,87
88,10
18,26
104,132
27,39
48,53
32,32
25,16
83,65
29,30
106,81
88,2
233,28
105,30
41,39
66,78
20,155
42,37
33,2
23,21
199,40
54,68
64,79
35,7
83,25
16,15
168,11
41,3
17,21
17,34
45,23
14,4
27,65
28,7
14,40
35,71
44,28
45,18
64,4
19,78
107,29
61,23
23,16
184,10
19,47
40,132
75,89
40,18
29,6
54,12
37,63
148,10
36,50
48,116
46,65
31,35
63,160
31,76
47,9
88,26
189,9
167,181
62,88
163,27
88,49
48,32
67,40
78,98
34,44
53,69
112,3
15,34
110,4
71,3
20,51
108,10
68,70
257,6
22,167
19,117
87,39
139,34
35,13
102,19
56,171
46,27
185,111
28,10
15,7
65,8
23,32
28,81
24,2
45,17
80,16
18,38
86,2
108,43
34,93
108,61
87,51
116,30
36,29
19,29
71,15
21,5
19,23
43,52
58,63
81,16
103,57
77,4
64,50
39,38
15,25
27,38
101,38
18,19
56,19
110,20
40,17
27,26
28,11
135,29
96,90
27,10
19,37
73,45
62,57
88,17
24,18
27,34
17,26
38,67
44,19
151,40
48,7
16,15
42,13
63,48
44,140
16,61
36,50
85,39
53,40
59,28
18,41
26,82
84,5
60,10
14,19
22,4
39,34
16,3
50,23
48,45
28,14
23,26
39,26
16,18
139,69
105,65
34,13
43,9
37,63
24,97
26,6
87,11
191,54
31,26
25,108
51,65
104,5
24,96
38,31
126,7
77,50
75,44
64,166
145,81
38,8
85,16
77,5
85,32
143,19
146,8
45,43
17,10
48,39
85,9
53,8
25,24
106,44
28,15
37,6
19,8
18,26
53,118
28,35
50,33
104,10
119,82
38,40
24,60
98,38
17,49
72,25
184,12
54,20
91,51
28,29
186,33
26,51
162,30
140,22
130,84
17,14
61,30
139,57
44,30
30,8
48,29
17,141
144,35
22,10
32,24
21,34
21,35
35,41
44,32
50,39
118,21
33,163
17,28
20,42
111,71
16,66
25,22
18,10
22,148
18,54
91,11
15,40
102,74
15,5
153,49
24,20
149,20
94,39
19,86
23,9
29,90
82,13
94,71
24,3
30,69
75,63
18,52
14,8
49,48
46,30
43,2
42,15
19,26
71,17
81,33
46,4
36,82
53,89
56,67
16,24
212,96
84,42
63,44
102,23
40,119
116,67
37,24
120,29
96,27
39,5
37,46
17,31
28,57
31,23
138,71
24,57
82,11
20,33
121,16
17,29
41,40
24,24
67,39
46,61
19,24
19,24
18,2
56,58
48,20
34,6
96,9
29,68
90,54
51,47
40,4
51,7
28,65
84,33
25,15
60,10
25,17
113,9
15,3
41,47
95,16
17,105
95,47
62,78
127,54
22,26
27,27
32,93
59,71
50,62
25,9
14,7
21,50
162,20
31,35
26,25
15,52
28,19
79,33
143,3
25,40
21,2
17,10
33,28
15,33
43,9
51,15
129,23
247,22
52,19
16,23
54,13
21,124
66,49
33,3
84,73
118,88
50,6
50,99
52,19
75,80
16,43
75,28
27,55
47,36
226,41
53,27
30,6
145,14
57,11
108,39
80,98
247,31
46,17
24,7
49,30
61,22
74,3
18,36
54,39
212,14
162,5
133,44
37,63
20,39
50,24
40,39
28,38
113,8
51,94
24,35
38,17
61,62
41,18
289,2
22,96
98,3
104,24
38,10
138,56
26,32
39,52
64,28
19,21
73,43
17,117
43,78
50,77
87,26
22,9
41,49
94,61
131,25
23,15
24,50
40,46
79,47
49,4
38,27
261,10
45,19
138,47
246,50
83,37
20,10
38,9
35,54
15,13
31,118
104,44
36,23
21,43
51,38
75,98
52,54
61,10
35,14
129,42
97,5
28,22
53,77
109,10
65,19
68,17
47,41
17,73
33,105
21,18
41,13
18,85
79,3
114,27
72,136
36,28
15,11
79,12
76,24
131,16
173,88
16,74
111,92
39,128
127,3
75,31
114,3
106,26
87,16
92,11
98,4
44,87
22,117
40,94
35,95
105,4
17,35
191,14
24,26
33,30
52,31
30,8
79,34
56,36
37,26
82,29
20,19
134,39
85,22
54,113
121,12
47,41
57,56
137,40
110,88
19,6
39,5
30,50
175,91
53,29
74,4
85,52
111,102
61,19
48,20
178,11
98,121
81,13
42,28
103,138
63,71
127,14
188,13
26,55
37,50
190,24
19,20
95,45
65,15
19,79
47,17
74,19
94,72
18,62
31,52
20,65
96,45
46,83
15,118
37,23
41,68
73,32
57,8
21,30
67,10
62,15
19,15
68,47
136,3
48,9
66,6
48,175
39,72
62,27
18,34
49,29
56,23
16,30
59,27
40,5
36,7
26,8
126,10
100,48
30,69
44,21
158,56
122,3
54,12
45,82
77,11
49,60
78,29
28,20
27,10
66,37
57,74
38,35
14,5
100,35
35,32
72,7
106,19
36,36
30,62
128,30
75,14
88,39
64,107
134,30
103,38
98,4
16,89
32,46
54,14
53,62
95,44
47,34
208,23
17,77
237,39
141,43
82,9
32,6
40,5
82,7
34,24
135,18
45,9
16,8
67,91
54,28
54,105
16,14
35,3
33,29
65,5
95,16
119,37
63,4
21,9
15,6
49,94
63,15
21,4
48,5
70,135
257,5
24,68
78,25
141,13
51,47
32,3
17,19
50,7
89,22
61,16
36,8
59,47
29,15
47,16
58,32
126,48
90,48
80,3
17,53
17,4
31,48
201,116
16,6
21,3
28,15
163,61
53,7
34,3
144,3
78,96
26,78
16,35
34,37
22,18
189,8
79,75
44,141
46,106
142,25
36,6
54,13
30,24
18,101
73,78
105,12
82,39
29,66
73,2
47,4
107,4
117,25
15,10
197,77
24,11
89,10
53,8
132,54
44,45
47,117
58,21
24,9
41,9
15,2
15,22
22,19
94,8
24,18
129,28
17,60
37,19
89,30
79,38
157,145
40,61
173,18
102,94
36,8
27,70
36,79
40,58
127,4
74,128
114,58
24,20
33,44
42,52
165,20
16,38
155,9
15,60
27,39
28,91
93,38
39,11
63,7
16,8
38,22
75,17
28,110
17,30
111,22
54,93
48,30
43,10
35,19
69,30
37,36
16,26
43,17
66,93
64,42
14,98
23,36
51,2
112,37
43,33
48,54
74,21
91,16
27,37
22,13
30,67
21,83
27,48
54,8
97,4
37,44
77,12
19,38
34,12
63,9
113,8
40,71
55,12
16,24
18,10
143,71
46,110
44,8
22,80
20,64
37,38
37,49
23,3
82,51
20,8
20,57
52,33
82,45
149,19
28,101
71,31
42,17
126,15
23,4
26,33
105,29
67,22
77,27
64,20
82,94
31,3
98,50
16,11
80,28
49,15
28,27
18,105
46,12
44,39
34,24
83,102
90,7
54,75
37,22
35,30
40,45
98,19
51,27
64,15
95,31
60,14
50,17
14,53
66,47
19,44
50,55
37,42
257,42
40,35
63,22
38,93
40,12
92,14
30,22
146,6
37,31
26,36
24,36
26,11
48,4
34,2
55,62
27,45
17,34
22,31
128,33
23,19
53,20
57,15
21,38
76,25
85,9
64,147
101,13
146,9
56,47
175,30
49,12
173,5
28,46
62,21
16,13
45,45
24,29
101,16
87,22
28,10
54,54
115,9
19,79
17,78
26,10
23,12
105,31
67,31
59,12
21,23
28,28
20,61
110,114
70,10
213,6
123,48
63,16
16,31
260,151
71,4
24,50
62,29
35,8
20,46
146,35
194,38
43,191
112,52
81,40
61,26
103,2
18,13
54,20
40,32
40,125
35,20
160,99
65,7
78,46
92,53
64,34
123,11
20,7
108,18
287,14
67,8
47,23
45,69
29,3
54,51
22,39
164,22
90,73
59,20
198,107
50,23
33,44
15,71
30,7
30,67
85,74
15,223
16,14
76,31
31,29
40,48
18,47
49,56
19,15
20,71
21,21
24,32
20,57
58,57
50,35
99,5
82,42
50,56
19,106
120,92
17,56
24,5
18,46
141,22
81,26
50,25
58,23
91,39
46,110
19,6
28,62
44,17
15,58
33,49
27,49
54,29
95,27
33,8
92,16
152,60
30,25
84,60
119,41
33,10
29,36
79,21
90,9
105,145
23,6
93,32
47,61
114,2
23,35
81,22
60,77
64,106
39,28
24,34
49,62
46,6
38,17
67,46
60,113
35,72
76,4
119,112
65,39
14,92
16,28
48,6
62,24
39,8
39,18
143,32
23,11
128,27
17,34
18,49
43,2
185,6
56,26
61,5
57,6
38,43
23,44
167,43
32,17
26,23
72,54
133,31
65,19
46,13
26,38
17,31
87,7
59,8
26,22
33,6
36,132
137,65
61,62
69,34
80,64
74,43
21,53
24,2
33,53
45,4
16,33
83,115
102,10
39,9
77,14
17,26
51,3
114,46
70,39
46,5
23,82
56,161
124,57
14,6
20,34
34,16
24,54
33,26
31,15
38,64
54,41
117,19
23,16
132,28
112,22
95,38
123,63
16,10
172,10
43,16
297,16
89,35
119,63
61,42
23,21
59,33
137,8
67,10
51,29
21,66
127,19
83,93
42,68
36,17
39,30
14,52
33,31
28,29
106,21
44,63
23,4
83,58
17,7
18,3
118,13
293,22
43,26
160,72
30,15
63,86
22,11
152,13
50,16
110,16
80,8
21,9
158,78
291,26
34,52
120,3
15,17
28,17
40,6
178,43
34,83
58,42
112,6
57,96
30,6
65,16
74,3
51,18
33,13
106,102
190,8
114,48
60,61
34,32
26,16
27,52
54,9
75,43
27,64
60,32
17,20
55,10
25,67
156,12
120,14
33,13
89,141
52,90
65,2
119,49
58,106
62,60
40,29
33,89
130,90
89,100
38,60
65,41
48,24
38,21
50,6
26,18
19,113
27,55
19,43
135,31
98,9
83,17
29,20
30,118
21,22
112,7
78,6
100,196
27,103
144,50
61,180
57,90
19,102
39,21
25,15
164,93
86,125
16,23
90,17
140,3
39,51
68,7
94,19
39,26
37,50
42,71
231,33
30,23
23,92
31,35
33,108
29,6
52,35
57,112
220,42
54,21
92,126
145,88
61,31
66,9
37,37
20,6
104,54
80,66
109,15
148,124
39,65
49,8
100,79
57,13
147,29
57,72
27,9
184,57
19,49
35,4
88,67
91,56
102,37
45,38
89,22
33,59
55,5
55,42
102,51
36,51
52,30
141,7
21,26
215,7
19,43
106,19
83,6
114,21
112,27
65,44
21,42
46,45
58,54
19,12
66,40
25,17
18,6
51,29
14,36
56,36
31,49
96,114
127,61
51,35
38,36
53,25
15,12
118,38
56,129
108,61
38,26
26,15
33,60
56,11
64,13
64,44
56,3
114,106
34,24
15,33
22,4
50,30
44,33
31,11
74,42
150,34
97,24
31,103
46,37
68,146
21,63
96,80
93,68
33,64
87,76
138,78
25,138
38,34
31,27
129,112
76,63
22,22
46,154
34,13
22,16
29,61
21,19
54,37
34,19
19,8
78,34
17,49
80,24
109,18
66,17
148,8
29,31
78,16
131,18
55,20
50,182
20,21
38,54
32,35
24,23
55,18
18,6
136,15
17,53
77,22
165,3
68,43
73,39
49,47
42,80
111,29
106,111
35,89
59,21
41,90
92,5
70,92
199,33
100,3
65,27
43,25
41,7
47,6
51,129
22,82
78,44
38,13
37,9
26,4
71,21
58,24
29,21
45,105
112,80
24,14
47,25
66,10
107,7
111,8
14,109
101,30
66,17
67,64
26,25
120,73
33,38
16,5
130,52
34,6
29,3
26,23
33,8
63,80
46,56
92,121
41,52
29,41
20,5
26,99
15,42
53,70
261,43
15,12
50,10
54,6
71,6
168,29
54,35
49,21
22,26
24,38
38,75
48,5
124,84
14,4
89,31
66,5
20,103
58,55
27,45
37,20
33,9
40,16
76,10
32,45
19,20
24,33
46,35
14,17
93,30
103,26
51,23
61,19
16,7
29,120
30,48
17,12
73,138
49,169
68,40
57,9
261,31
87,53
87,31
73,78
59,7
17,18
200,8
142,100
137,41
72,25
34,21
84,18
48,34
19,14
198,38
28,65
72,7
77,15
33,55
20,81
54,13
58,61
86,9
152,20
143,16
30,77
30,116
39,155
70,20
55,37
90,2
171,15
28,133
103,18
33,2
243,44
25,4
43,115
31,45
36,29
59,18
88,5
14,102
87,17
65,69
28,44
22,98
93,6
19,16
15,29
30,35
159,6
70,10
37,22
25,4
39,27
28,37
172,30
20,92
108,53
17,41
120,9
79,46
44,10
33,20
34,8
60,132
76,17
50,13
52,18
58,14
24,5
81,28
32,21
36,71
179,10
48,34
116,3
64,19
62,45
54,24
41,27
183,23
30,14
25,17
162,31
26,147
23,34
66,35
56,137
28,13
27,47
209,40
180,89
19,48
118,6
22,50
80,13
47,41
19,27
71,6
35,3
158,75
52,26
51,24
15,17
48,45
25,3
98,37
46,39
16,75
15,35
65,177
56,20
15,37
165,16
15,18
19,7
47,41
15,22
186,19
25,42
30,62
71,42
46,11
42,27
86,86
30,62
17,109
25,76
56,13
17,9
30,6
27,5
40,7
34,74
61,16
17,32
269,23
76,15
226,51
35,56
48,2
39,4
23,115
37,9
14,32
111,2
94,87
239,19
39,4
92,8
35,2
102,18
61,54
72,7
22,9
20,19
52,30
67,37
16,24
43,107
167,4
38,4
52,50
22,37
17,58
43,14
53,47
51,6
40,9
24,42
48,126
55,84
95,43
44,4
29,28
51,29
41,32
23,48
71,14
15,31
36,82
50,31
18,10
47,2
21,224
70,5
46,55
36,50
91,17
14,55
134,52
55,10
40,8
44,8
138,11
168,29
96,14
67,90
183,5
31,38
70,12
107,3
21,40
25,57
58,56
195,28
26,3
29,43
15,13
33,22
26,41
131,9
33,9
102,8
21,102
102,8
69,14
61,8
42,41
37,7
62,47
49,14
29,10
57,15
141,11
77,16
55,17
82,3
42,27
53,5
26,73
28,29
43,48
62,50
28,4
120,6
37,5
89,11
78,27
22,10
123,15
27,53
89,2
24,56
67,35
34,6
58,22
147,97
124,5
49,37
180,17
63,5
37,50
79,99
128,5
113,67
142,6
29,68
77,48
67,24
20,68
22,49
116,44
85,52
94,107
19,5
73,49
71,5
83,75
103,13
144,128
28,102
16,22
54,97
114,8
19,96
126,66
87,29
40,53
44,44
52,63
179,56
70,46
98,8
34,41
45,25
21,6
83,13
64,21
170,22
24,111
139,8
29,4
62,3
82,13
73,11
27,3
45,9
17,32
38,31
53,5
176,110
30,56
84,47
42,108
14,84
76,13
61,4
24,54
31,11
36,124
26,3
27,3
41,33
117,10
67,60
81,3
127,64
51,45
40,30
14,48
116,15
26,26
92,24
23,45
58,9
55,40
180,25
34,53
88,47
18,6
22,105
67,75
14,38
136,40
17,28
154,34
139,45
40,39
131,214
29,21
73,20
44,30
47,44
154,75
38,133
17,11
103,30
77,26
74,9
187,65
25,53
63,4
27,66
41,23
122,22
17,77
34,24
49,46
20,169
113,53
81,14
112,34
37,29
70,50
81,10
66,32
76,74
33,7
182,32
39,32
41,24
67,60
174,24
15,78
268,18
64,51
22,8
30,79
15,36
90,5
32,32
45,62
129,71
30,9
20,87
99,17
16,78
83,172
20,164
17,47
80,68
67,55
35,30
107,37
53,15
73,104
27,154
51,17
35,29
61,38
25,61
35,17
31,11
22,79
43,42
48,74
26,10
56,30
20,11
38,33
34,56
50,8
86,52
138,78
80,98
22,89
19,39
29,188
25,14
16,15
84,15
71,7
44,17
90,30
241,45
88,20
20,35
83,45
30,42
82,23
37,38
18,115
44,39
103,73
60,36
27,6
128,18
26,3
58,32
14,49
39,101
95,65
105,19
92,18
184,118
21,15
120,31
37,34
63,12
27,65
15,54
53,40
31,124
15,28
50,4
69,45
36,10
111,12
41,13
39,64
47,85
28,9
58,14
18,43
24,4
23,114
78,61
90,62
148,41
69,47
166,21
94,12
25,71
87,18
141,18
18,45
47,48
36,8
58,17
94,9
56,28
23,22
91,7
43,17
55,17
67,16
70,13
84,7
65,88
20,16
32,68
47,53
24,9
28,40
24,9
41,10
56,14
38,3
16,56
49,10
45,45
89,11
15,15
81,20
14,20
48,33
191,9
34,20
20,12
53,44
16,142
132,65
66,7
90,13
37,142
108,8
22,39
43,22
106,43
46,16
79,24
36,186
157,11
17,50
170,121
78,44
31,24
273,19
18,39
84,3
25,19
15,115
32,35
54,107
36,17
45,37
14,23
159,45
24,7
192,3
38,37
22,122
27,55
44,21
164,7
95,164
26,19
115,48
35,91
51,10
85,41
205,88
20,11
278,21
20,30
37,106
34,61
108,7
69,146
47,21
35,65
34,5
65,11
26,57
131,144
168,15
123,131
39,11
59,49
151,29
44,52
53,46
90,22
24,110
32,33
21,2
112,34
114,23
50,21
41,3
63,29
153,24
54,39
24,39
160,22
69,37
104,59
28,43
37,99
105,54
37,13
24,11
24,8
56,19
26,39
168,14
71,26
32,184
24,24
102,102
28,12
71,8
71,16
19,9
31,28
58,80
59,57
58,20
52,65
55,5
111,38
26,48
73,44
16,17
16,5
96,3
92,49
69,62
137,58
37,9
49,82
86,83
75,84
46,60
16,20
128,3
108,71
19,10
153,98
29,10
30,111
258,20
100,17
28,71
72,22
47,217
54,7
30,14
37,21
35,45
63,23
30,56
89,56
85,25
60,25
39,7
59,16
35,5
107,138
32,18
53,25
55,12
27,107
53,11
52,39
82,23
91,8
114,9
46,89
257,14
56,28
18,91
75,17
15,29
47,15
32,5
102,17
23,59
195,50
62,25
133,14
259,75
37,79
26,38
239,75
16,107
83,26
145,27
111,53
29,57
18,117
18,32
49,61
45,50
58,49
47,54
140,11
52,23
212,67
32,47
19,18
47,80
19,48
28,13
131,9
17,4
60,15
77,35
76,4
76,87
37,14
18,21
29,29
128,7
161,7
78,21
207,113
27,60
19,37
64,9
28,48
31,66
19,29
53,21
42,27
37,46
51,24
64,27
209,15
81,10
62,103
15,107
73,2
120,142
104,14
125,48
55,39
132,8
132,108
26,2
29,35
64,77
77,23
62,87
58,4
70,9
50,4
93,39
21,68
40,8
33,13
100,57
116,58
34,16
88,10
62,58
24,34
80,21
25,11
42,14
55,5
60,29
42,15
24,34
37,43
62,129
44,53
204,65
106,117
135,13
160,69
75,8
36,29
177,169
16,40
37,16
116,5
139,9
16,76
54,7
28,61
30,5
38,39
60,6
16,57
56,10
94,13
83,108
31,19
214,6
24,90
20,9
68,62
41,5
30,15
75,4
105,96
76,25
104,43
21,72
35,21
32,13
114,146
106,158
173,10
16,25
146,23
188,6
25,14
38,24
21,9
43,51
18,24
40,24
36,90
14,69
61,17
80,31
31,135
122,63
16,34
62,61
97,48
29,4
67,12
47,74
100,6
40,14
28,2
44,4
18,9
70,4
36,8
24,56
57,110
111,55
34,22
51,20
24,5
27,207
45,81
50,35
54,104
89,71
37,10
22,11
19,18
53,57
69,39
191,50
16,3
168,10
29,60
101,22
153,5
80,13
128,8
123,3
85,8
18,10
60,6
15,48
56,31
42,6
79,20
50,33
17,9
61,41
41,21
30,32
56,56
14,16
140,5
34,50
78,24
85,28
40,119
206,20
111,4
67,2
51,20
37,18
17,64
17,113
65,34
81,61
140,17
82,38
109,22
97,6
18,34
20,6
48,3
42,12
105,49
59,33
52,52
62,68
93,7
34,118
52,49
53,167
22,8
53,60
47,39
48,21
36,153
75,3
26,38
50,68
106,16
22,4
97,23
51,72
158,17
26,2
245,24
236,18
47,10
102,26
42,74
50,2
137,6
37,74
36,8
101,173
118,17
22,3
73,60
105,35
29,39
45,49
70,93
214,118
274,30
144,48
33,81
91,33
57,162
45,3
109,25
193,15
131,25
25,12
29,67
34,83
78,94
73,13
77,41
30,40
60,5
27,104
27,29
124,77
95,22
51,16
15,28
26,51
16,19
209,3
113,62
29,103
102,100
123,18
52,28
24,69
36,33
90,27
60,16
55,4
191,90
67,87
54,69
23,31
154,10
20,7
43,38
191,65
61,18
70,64
23,69
50,20
64,57
31,39
18,13
16,18
73,17
83,73
17,6
30,42
17,5
62,14
69,27
28,16
17,11
89,64
82,48
99,44
68,60
36,9
82,36
58,15
21,10
22,6
74,22
18,63
18,23
292,25
16,47
39,85
57,123
118,40
43,25
25,8
44,6
26,21
36,41
125,26
42,76
47,30
38,13
47,41
22,29
58,103
24,107
35,20
24,52
46,3
70,23
74,84
75,37
29,65
63,37
52,31
55,7
17,27
40,19
18,31
103,10
87,9
25,72
32,4
23,19
21,13
25,16
80,58
54,63
15,12
73,93
26,5
20,2
46,20
36,8
23,8
31,57
22,68
18,11
65,43
37,13
82,11
89,23
163,20
190,17
51,28
37,21
76,14
16,106
98,69
22,13
50,46
20,19
69,2
43,68
57,8
36,3
172,70
45,16
52,98
23,4
15,5
172,31
54,13
97,31
140,75
221,45
68,26
64,20
63,81
26,76
23,32
49,18
70,35
15,19
73,19
80,33
122,12
73,9
29,101
27,63
65,116
97,42
73,25
45,24
79,4
216,12
79,21
23,31
23,24
42,3
157,19
42,23
31,27
50,36
58,117
92,127
81,31
44,27
22,24
48,17
184,11
26,58
46,10
218,8
246,26
152,2
28,30
135,229
40,11
80,5
35,196
39,55
142,38
47,8
39,42
225,99
55,20
72,16
157,45
69,5
102,3
183,70
39,10
40,46
227,7
19,11
14,22
59,39
48,14
59,52
72,31
22,12
74,93
69,17
23,19
89,19
25,47
35,23
25,33
15,7
39,14
39,9
199,18
59,13
20,31
61,18
112,62
60,66
17,43
50,63
142,37
26,33
66,4
37,63
106,65
73,5
18,37
57,147
30,17
47,59
27,84
80,8
96,22
30,40
52,44
18,48
98,8
79,2
52,8
38,8
40,94
32,21
28,7
38,15
58,90
33,12
115,8
27,8
127,52
50,16
36,4
39,23
64,117
216,23
20,51
20,27
62,19
104,60
20,23
61,11
102,11
156,6
89,88
159,5
49,11
141,13
166,5
70,121
46,16
58,48
32,5
257,26
27,32
27,17
93,18
31,16
53,10
85,19
29,27
35,63
101,81
176,62
51,6
17,21
17,40
85,57
145,22
145,48
25,79
36,82
40,36
78,78
29,78
18,74
25,7
67,26
105,51
26,31
18,22
19,16
53,16
38,4
46,22
88,44
41,81
26,26
27,14
170,135
15,24
20,68
99,8
89,27
44,27
115,12
29,88
193,12
157,37
26,100
181,27
108,26
82,20
36,82
17,45
75,12
27,17
44,17
116,43
48,34
63,19
187,90
43,11
39,4
46,3
54,161
32,32
38,6
80,2
15,11
98,58
77,19
35,23
84,35
111,6
29,17
70,86
166,116
79,9
48,57
134,85
26,93
21,137
48,23
87,6
128,66
21,12
18,15
21,43
39,22
26,6
36,26
166,92
43,22
60,14
21,52
27,10
85,52
244,15
46,37
214,45
77,13
32,3
41,33
38,33
15,3
74,87
59,53
73,33
115,7
60,50
72,145
64,12
23,16
86,48
31,8
50,28
86,6
110,18
110,9
245,30
133,76
16,13
99,9
18,27
58,25
157,28
98,87
49,30
71,14
30,30
55,35
29,17
111,57
172,114
59,13
228,56
84,21
184,4
19,39
83,44
33,113
66,17
15,139
33,66
56,41
19,28
25,6
94,8
120,84
19,158
110,65
33,6
114,48
28,5
216,34
23,74
29,46
87,16
107,10
54,72
56,5
34,25
66,11
23,56
86,2
121,19
16,65
34,10
19,73
41,159
69,145
42,28
203,37
125,34
40,10
117,4
25,36
23,120
71,14
43,37
65,15
130,7
22,16
91,8
42,58
52,7
50,120
32,20
26,15
62,62
86,136
35,32
246,10
83,7
153,24
67,38
49,15
48,65
92,3
59,4
41,53
71,11
28,53
18,12
42,97
23,9
192,36
136,48
107,16
16,19
163,22
27,36
185,79
35,81
20,3
17,36
72,8
32,24
131,44
21,10
42,11
64,12
28,27
25,79
34,109
34,18
29,20
37,64
262,9
97,13
99,18
71,52
38,6
40,71
133,21
33,69
109,33
18,116
85,26
130,11
68,11
31,55
49,66
36,39
86,6
69,16
54,89
116,23
23,25
21,20
152,13
84,4
17,16
20,10
115,23
24,51
114,58
88,6
67,8
85,4
49,5
93,26
114,27
41,21
41,143
94,26
44,65
16,51
44,26
190,162
15,9
46,14
124,26
140,42
60,5
34,34
271,27
92,36
33,3
18,48
17,17
23,6
39,18
49,12
24,14
65,15
42,3
49,3
163,28
22,28
15,6
41,86
85,5
29,112
89,33
123,35
73,21
116,35
107,16
18,30
53,82
209,34
19,107
29,62
77,16
106,3
17,109
201,23
42,108
92,42
169,6
24,12
60,60
84,42
56,118
16,86
41,68
55,9
158,80
32,13
203,5
22,7
238,13
14,26
84,44
23,12
137,74
33,84
62,121
195,14
38,36
45,12
34,70
174,5
100,54
95,27
62,58
61,67
72,73
25,16
176,11
219,6
31,216
46,114
22,7
49,31
174,5
24,63
70,12
30,5
140,3
18,55
32,77
111,26
142,44
41,57
33,11
30,59
70,12
86,18
165,25
155,56
20,33
32,15
40,39
138,21
110,28
27,10
87,106
23,116
199,16
20,4
37,61
58,133
45,8
47,115
70,59
21,32
28,15
35,13
102,58
67,12
38,7
101,60
71,33
24,39
61,62
29,57
40,8
95,4
39,18
43,5
43,60
54,211
83,20
49,41
45,27
17,8
91,11
45,32
160,20
59,33
44,27
50,24
94,8
47,2
20,21
87,73
42,3
18,25
22,8
50,125
102,32
84,3
113,20
91,9
59,191
50,7
159,107
70,56
14,150
74,47
50,5
27,39
41,145
42,25
15,86
18,79
44,4
35,4
35,28
19,125
19,5
199,30
32,94
76,48
98,20
14,64
48,32
103,29
33,35
26,4
18,22
103,10
133,4
15,32
112,35
37,4
38,5
17,57
20,37
22,5
34,41
105,7
22,18
46,26
38,6
121,59
18,17
104,13
99,12
25,50
64,131
27,25
51,13
122,15
42,27
34,103
66,60
84,21
222,25
102,6
68,26
60,15
103,9
24,13
35,36
30,15
78,8
19,100
50,19
25,58
99,19
61,23
28,73
112,4
68,2
137,79
42,15
56,83
26,99
151,42
19,8
25,114
32,26
59,58
21,34
28,9
103,51
188,78
126,13
18,13
15,11
87,39
78,69
64,39
15,42
130,101
30,86
45,46
205,3
20,4
57,25
43,28
36,30
23,27
122,7
38,10
43,23
59,10
33,5
134,28
68,98
15,3
97,85
103,80
23,23
30,23
18,20
76,23
206,69
84,60
214,64
74,38
46,32
124,7
79,10
97,55
37,24
26,3
165,51
51,149
36,83
143,17
35,32
32,107
55,63
38,19
68,100
68,50
54,46
28,38
138,47
71,78
131,28
106,23
174,104
83,86
79,49
37,33
58,53
39,70
35,11
21,15
72,180
74,29
40,7
38,73
36,130
30,47
105,152
19,19
26,137
140,43
76,11
19,48
149,16
62,39
16,18
72,18
30,25
21,8
27,57
83,60
24,29
31,30
33,3
58,3
57,56
24,57
80,84
15,30
68,28
62,5
69,29
95,11
139,17
24,42
17,3
41,15
29,39
86,15
77,9
67,105
74,48
169,27
113,16
52,23
42,70
63,38
91,20
104,32
57,5
81,23
69,34
30,86
57,43
89,15
52,24
47,35
27,37
61,45
180,51
21,43
96,29
27,19
19,15
16,118
45,10
184,47
101,30
15,56
46,12
65,28
50,29
14,204
38,35
58,16
154,47
40,44
33,17
32,53
79,23
34,41
81,51
53,74
89,18
78,42
20,17
143,8
84,7
53,61
79,7
36,55
161,17
52,194
93,12
17,6
20,4
45,10
33,9
14,14
42,83
31,46
69,89
78,68
53,7
182,101
17,99
21,78
246,35
17,68
208,6
40,19
23,59
22,14
34,6
73,34
28,70
26,50
31,37
36,146
136,57
21,53
54,78
71,30
67,21
25,13
22,135
17,5
20,32
19,38
19,37
96,54
65,4
162,88
29,6
132,11
37,34
21,126
123,28
74,12
82,28
46,57
21,112
15,118
18,12
44,91
151,18
112,8
24,73
100,31
20,9
144,126
35,150
28,10
57,56
60,19
80,45
30,16
47,19
80,47
36,4
125,12
93,70
178,17
29,2
169,130
184,17
29,40
64,86
142,6
229,44
161,94
105,32
25,113
29,49
65,69
36,43
33,4
28,13
34,22
146,122
21,5
137,15
160,60
68,11
29,2
48,8
197,22
40,91
27,16
20,6
117,4
19,74
31,64
82,19
151,30
60,14
128,61
17,14
192,8
62,19
22,26
18,131
33,73
79,66
32,43
39,54
22,48
66,20
25,42
210,45
35,39
45,13
52,40
47,13
87,39
133,31
14,18
53,5
26,33
81,7
30,60
15,39
26,18
73,17
58,136
74,9
114,19
16,49
51,13
59,7
37,73
89,2
74,8
21,11
51,224
106,29
170,47
64,34
62,36
29,48
48,74
50,25
32,17
78,14
101,15
28,64
72,40
83,33
29,142
65,5
25,10
20,83
143,56
44,40
15,13
58,23
66,30
164,108
31,8
36,71
58,61
24,10
191,20
35,80
49,82
40,13
22,32
65,9
26,29
24,3
70,11
18,24
76,41
86,106
42,3
31,23
119,19
47,13
37,16
56,47
188,17
60,20
104,4
99,30
63,8
36,3
136,26
113,10
20,23
65,12
26,47
20,22
269,23
168,122
17,30
23,13
44,144
125,40
99,43
78,77
22,23
136,211
232,19
100,23
45,88
108,19
41,35
21,34
192,25
96,7
19,3
53,79
23,15
22,8
136,21
95,10
78,39
23,5
91,7
68,34
18,39
99,67
91,52
39,109
72,98
22,52
72,7
21,7
36,86
81,23
26,7
44,32
79,7
31,88
37,25
106,33
33,212
41,2
19,18
32,24
57,28
95,9
22,65
137,11
66,14
59,78
20,37
50,6
29,62
53,7
15,44
111,34
25,49
49,4
168,89
72,3
204,10
61,45
117,29
139,54
30,42
84,45
251,41
261,33
36,5
21,27
75,31
62,54
57,15
60,138
24,51
23,33
68,30
179,60
34,85
35,118
138,102
32,103
105,4
25,92
120,6
57,12
141,24
87,39
19,55
26,92
55,30
128,24
106,45
36,11
65,38
20,161
147,69
46,23
80,70
30,12
46,13
85,45
23,12
152,11
109,33
31,30
35,13
58,74
244,59
53,110
46,62
14,5
34,24
52,26
19,68
52,52
50,5
64,28
49,2
24,18
50,15
58,38
112,22
141,21
29,76
49,2
18,54
215,6
78,3
39,7
142,32
67,46
44,28
78,87
136,37
90,56
210,8
50,33
30,11
129,2
15,7
70,13
24,5
199,26
16,3
78,6
105,94
104,11
25,55
16,7
25,5
25,25
71,41
15,23
82,197
30,5
18,5
51,14
24,21
99,33
32,108
21,87
163,17
34,11
15,7
292,21
60,10
116,23
45,40
107,28
27,122
21,9
46,6
67,123
31,20
40,77
44,3
44,4
51,12
54,54
135,41
28,11
73,2
58,21
28,32
17,8
99,10
56,90
44,7
249,17
101,23
78,14
42,81
61,13
70,57
15,2
157,72
55,28
26,103
101,8
51,44
18,78
30,56
40,11
52,37
26,22
38,12
181,27
42,56
16,25
85,12
41,44
15,19
47,4
38,9
50,45
154,16
20,21
29,11
67,42
56,5
97,5
57,35
60,21
64,44
60,55
82,113
34,33
38,23
241,21
161,69
35,55
29,11
29,68
88,122
130,8
66,29
27,7
101,58
69,8
30,8
18,19
20,34
16,52
50,14
16,128
224,6
81,21
99,33
26,11
138,33
48,9
41,8
52,14
82,150
21,63
210,7
95,9
44,8
67,15
79,16
14,7
29,12
23,6
122,30
159,54
73,26
110,40
16,15
39,15
75,43
65,87
80,42
235,21
20,4
60,33
41,30
97,189
72,12
170,5
53,62
19,11
49,40
14,4
38,12
41,32
85,101
25,33
67,8
50,18
44,121
112,21
21,11
26,4
62,71
19,21
14,2
80,13
174,59
73,24
74,58
35,14
67,73
150,12
18,31
212,33
14,54
152,47
71,35
90,76
31,23
43,9
110,88
224,19
19,20
33,20
73,42
27,5
61,22
53,28
63,18
34,93
135,13
56,186
93,32
75,81
170,24
44,43
103,48
166,17
119,79
29,69
31,52
65,110
42,20
29,5
155,125
46,58
29,14
45,7
28,8
81,6
28,73
58,50
21,27
76,72
71,31
70,138
30,117
141,10
49,10
26,4
14,24
26,91
65,87
15,27
16,116
110,77
33,55
31,9
41,59
26,11
44,13
59,20
37,41
20,36
92,37
42,4
26,10
123,74
45,12
26,21
107,20
79,98
106,26
18,21
109,83
139,27
44,16
68,5
24,23
50,15
75,59
25,19
20,26
153,17
31,16
15,34
77,10
55,87
63,14
53,87
49,30
115,134
117,3
29,22
50,26
81,35
53,106
33,14
74,7
58,51
180,130
67,10
37,7
31,30
46,57
132,26
52,80
42,35
189,32
62,45
62,36
61,69
24,87
46,15
138,14
55,57
48,17
27,6
60,68
27,10
54,25
117,21
76,38
62,55
85,58
31,12
34,29
95,44
68,177
59,9
43,129
17,13
57,76
22,68
147,93
58,59
35,103
19,8
76,10
35,33
53,11
37,98
211,36
147,20
67,4
39,31
42,46
35,19
54,40
15,19
28,13
62,115
129,39
89,38
59,24
133,9
31,184
29,120
81,28
41,44
60,51
124,99
47,102
159,69
163,3
15,187
16,9
158,23
20,61
29,48
107,9
114,30
28,15
75,4
51,26
23,3
79,49
14,19
45,23
39,22
79,54
17,61
17,68
31,22
115,45
64,28
20,45
25,42
48,5
67,35
33,46
27,8
39,11
31,17
28,78
110,46
70,12
37,40
14,10
32,27
98,40
20,138
18,9
77,64
144,7
129,10
236,22
264,92
19,12
115,22
67,4
45,26
76,9
18,31
45,98
146,32
155,26
146,28
95,40
38,39
128,39
94,33
23,21
28,7
143,7
22,32
170,8
14,43
52,71
33,10
18,37
18,14
108,5
39,95
31,44
50,25
60,15
29,28
32,12
20,52
117,9
142,38
104,20
49,35
68,64
65,22
32,18
66,27
76,15
15,44
15,75
78,23
33,35
90,43
34,11
77,22
50,9
69,110
143,6
149,7
17,119
24,25
21,3
59,16
97,8
89,57
69,61
37,3
53,79
97,31
70,21
84,18
43,13
18,5
108,41
23,170
151,202
21,29
29,29
20,9
187,23
56,13
41,25
63,14
81,13
75,9
21,39
49,11
42,9
26,56
56,26
15,63
16,4
30,4
87,28
96,62
68,84
54,91
100,125
35,3
250,109
106,28
20,21
127,54
192,14
128,7
91,75
112,23
24,18
27,58
66,69
50,15
50,21
35,102
123,70
40,3
26,12
194,10
16,5
50,21
137,32
28,37
134,5
94,18
162,18
92,42
44,130
18,74
55,8
16,6
42,99
79,110
42,55
46,18
26,30
17,9
146,4
38,21
58,4
14,40
53,16
29,46
42,10
81,54
17,84
40,70
98,10
17,142
35,9
152,36
39,9
132,16
57,169
42,14
39,6
60,3
15,10
27,2
18,115
24,18
33,33
142,107
27,4
179,67
138,7
14,40
19,110
44,16
82,18
42,74
26,25
43,16
25,20
73,6
65,25
20,13
64,6
131,61
106,197
38,23
46,8
62,24
27,13
17,24
50,8
35,74
31,60
22,59
17,38
19,51
58,48
20,3
80,11
111,10
23,15
80,41
25,47
239,15
68,3
39,26
33,7
57,3
53,93
53,63
66,19
28,23
35,46
17,24
90,52
100,23
16,12
14,67
72,37
73,30
48,11
162,28
16,6
77,2
21,49
18,32
63,9
133,17
21,29
38,5
50,16
129,48
106,69
146,113
109,41
24,70
136,8
19,59
147,9
22,47
115,14
66,115
21,56
31,54
31,25
45,53
172,32
27,10
54,6
112,36
53,3
38,53
29,117
36,50
19,27
53,52
28,10
29,36
21,2
95,20
40,6
36,44
46,21
44,46
19,11
92,50
97,3
50,31
47,4
163,97
216,34
27,4
46,9
32,34
140,90
42,35
96,5
49,10
20,44
27,3
15,147
82,74
17,31
65,7
87,106
30,22
113,30
98,52
101,67
31,107
124,4
137,6
88,18
304,45
41,38
117,41
55,16
54,76
19,20
26,52
22,107
15,12
27,7
143,11
51,65
251,18
189,9
89,16
33,36
57,43
114,25
105,34
15,102
125,38
76,11
82,52
30,75
25,18
35,33
64,63
63,41
36,58
38,6
78,83
26,72
15,24
28,18
84,13
49,9
42,39
38,36
27,8
55,15
130,11
31,21
18,35
50,128
20,33
59,8
72,77
55,46
38,3
42,146
222,68
19,7
39,23
25,27
15,3
33,21
16,7
46,3
99,40
96,52
70,57
260,36
60,7
31,33
36,3
60,9
225,43
49,44
45,19
32,3
17,48
56,24
16,82
61,45
140,141
24,125
37,5
72,4
43,22
112,45
22,8
31,67
46,45
15,53
130,8
19,74
44,25
90,17
24,21
210,171
42,32
57,18
95,20
57,33
18,47
16,13
18,67
26,50
102,37
94,3
110,16
41,73
28,14
36,11
56,52
132,19
32,15
15,5
26,21
50,11
35,199
90,5
47,92
64,184
101,16
48,73
84,26
179,74
43,25
19,6
25,5
99,14
50,33
67,75
56,7
32,35
165,26
32,6
103,12
41,43
15,27
33,24
122,5
86,10
67,8
30,3
30,2
42,9
18,69
18,7
39,4
111,28
31,15
151,94
101,4
107,5
25,6
142,11
112,3
71,48
34,60
64,24
36,14
40,43
38,11
41,6
149,21
38,4
15,70
29,20
112,10
39,21
55,31
34,17
64,4
82,22
90,41
18,4
62,12
58,35
38,25
61,39
29,3
111,38
88,6
24,22
106,38
15,11
57,9
24,5
24,14
74,13
17,14
27,25
17,16
56,85
67,55
73,19
140,12
87,60
76,98
22,55
40,68
42,47
100,90
76,26
88,67
21,6
45,3
25,7
107,33
16,59
31,11
102,3
73,3
33,15
38,58
139,27
18,46
63,54
87,114
16,16
20,15
88,48
159,17
52,52
90,3
36,57
28,8
25,67
196,108
27,3
78,125
21,78
104,7
50,25
15,8
194,28
44,60
62,13
31,14
31,72
47,4
25,16
71,34
96,33
156,19
67,4
146,55
32,13
254,62
79,9
26,10
44,14
41,64
27,5
35,105
77,13
19,25
62,32
94,31
176,38
81,114
52,29
28,39
85,39
26,13
86,39
196,40
127,35
32,7
18,86
51,5
31,38
32,4
18,7
108,29
27,136
18,71
159,49
105,10
32,20
39,14
20,8
49,90
34,19
25,24
66,6
50,75
17,25
25,36
35,8
39,25
59,22
42,9
117,12
154,5
49,14
25,68
20,23
24,21
30,41
34,114
42,36
15,78
143,30
22,27
55,42
62,29
80,8
47,37
28,12
57,14
20,129
31,26
70,56
40,21
47,158
63,51
28,96
43,18
52,6
44,19
43,8
42,73
37,5
154,72
102,23
63,8
16,55
15,15
144,44
40,69
29,28
28,10
79,41
84,7
37,21
89,66
57,24
56,4
28,30
139,8
16,7
33,12
113,6
34,15
95,46
208,28
47,18
65,69
97,135
76,35
56,41
152,21
29,22
28,63
83,39
23,116
49,28
40,105
138,22
66,33
39,23
244,22
27,23
15,29
107,3
115,3
147,31
45,59
164,42
129,11
34,109
222,2
133,71
35,13
189,17
40,81
94,35
32,88
16,52
42,31
118,3
17,25
18,13
33,18
179,3
25,19
44,15
128,16
17,21
72,157
55,75
37,118
64,28
23,10
111,3
155,92
85,60
165,8
18,23
91,25
24,3
75,51
17,29
56,6
66,14
28,11
60,69
98,71
152,193
20,121
108,6
22,31
21,3
40,34
85,78
55,55
32,81
20,6
60,18
15,156
115,17
50,68
40,5
48,38
49,112
57,136
150,144
23,12
46,141
99,79
32,26
66,73
35,40
33,166
87,18
87,81
207,58
196,59
38,42
101,48
164,117
211,3
52,8
68,2
65,3
85,4
39,60
48,105
55,20
235,73
100,49
15,6
25,31
64,3
55,9
73,13
19,11
23,31
38,61
20,14
165,12
81,99
109,36
16,5
32,63
36,17
43,17
25,24
45,157
17,36
80,21
28,20
21,4
95,56
39,10
180,24
26,38
15,16
116,180
39,43
48,22
45,15
27,23
32,211
61,85
62,27
100,100
18,8
21,12
155,48
22,3
129,60
31,51
35,17
56,72
71,25
76,3
105,18
48,119
28,14
59,8
25,50
27,39
52,6
97,9
120,89
49,6
35,103
66,36
48,118
47,94
35,128
33,36
85,17
19,12
39,10
33,12
46,63
18,29
39,13
37,56
65,25
47,5
24,12
33,11
42,42
67,7
23,11
42,63
164,26
19,19
44,52
53,8
95,54
24,40
69,6
29,2
37,26
18,15
30,7
43,3
88,2
67,49
30,13
42,41
33,71
19,24
18,8
43,20
208,35
127,143
50,10
154,28
35,11
33,158
49,7
50,79
20,10
179,61
51,11
68,12
78,55
22,21
25,11
38,46
43,14
45,4
84,30
55,56
29,12
91,11
15,121
138,11
78,14
92,53
36,7
209,19
24,22
64,4
18,10
56,62
18,32
93,18
28,71
57,77
186,46
16,2
19,32
96,20
47,35
51,40
68,56
48,4
49,18
161,31
62,20
24,31
17,20
21,6
39,12
43,10
49,46
18,6
35,18
21,15
33,92
34,16
40,35
181,99
55,11
19,13
27,72
44,23
161,43
55,67
62,2
29,67
66,56
29,3
25,24
54,111
70,54
39,22
34,26
32,79
30,25
32,44
20,58
43,29
38,41
77,6
16,55
139,77
17,23
16,49
84,21
47,54
80,5
113,31
72,22
82,21
45,9
41,44
17,18
41,3
59,55
152,36
32,40
42,23
40,12
91,8
125,7
36,11
46,18
57,67
27,91
141,29
42,3
129,14
63,25
79,20
27,59
77,9
28,19
81,10
187,10
30,9
96,49
45,59
106,5
148,12
85,10
37,45
48,79
82,8
67,56
99,16
19,7
123,43
50,41
95,117
27,12
29,54
19,2
22,10
64,41
20,30
23,41
38,116
19,11
19,32
38,31
24,42
100,10
78,16
42,6
123,165
22,132
42,107
67,23
92,29
36,7
20,16
23,38
18,16
71,58
36,67
132,199
76,19
36,10
85,15
14,68
18,34
65,15
80,5
39,6
15,22
38,29
125,10
32,5
34,18
67,20
102,20
113,12
26,240
20,13
58,17
114,55
39,41
24,53
90,3
105,18
73,15
69,93
147,69
152,10
63,61
53,24
95,3
64,67
186,18
28,94
62,4
31,5
70,4
201,26
40,35
64,21
29,16
66,68
30,119
36,36
74,47
16,33
66,51
17,13
27,55
70,34
146,28
29,69
17,17
37,20
55,15
262,8
94,61
41,10
200,21
148,16
27,44
23,81
73,10
74,70
20,3
89,8
46,31
42,4
88,20
73,83
54,8
36,51
139,47
201,14
15,8
30,5
41,12
197,52
21,26
190,82
107,12
19,150
127,106
37,4
31,74
30,28
61,20
56,119
21,30
35,3
137,15
24,35
16,45
86,37
58,55
40,56
30,32
57,26
36,69
46,58
128,9
136,50
26,16
27,12
49,4
14,95
80,10
55,9
165,9
18,131
47,27
126,4
17,54
25,19
111,140
132,19
27,4
33,3
18,118
35,12
26,5
51,31
47,5
16,33
58,42
59,75
14,4
102,7
42,28
38,99
102,48
78,36
28,22
53,68
70,31
21,2
72,76
39,44
47,18
56,13
89,46
23,6
41,21
31,24
148,57
22,20
154,3
83,32
31,16
20,47
18,111
25,12
111,24
57,55
30,2
98,14
33,10
113,50
44,57
48,45
24,12
62,142
91,80
103,36
125,23
272,23
56,20
93,15
43,44
36,37
56,33
37,75
28,56
15,32
22,23
46,62
50,72
25,25
104,25
28,53
25,22
65,47
22,21
82,110
29,2
61,90
22,9
86,101
150,99
24,33
91,30
18,29
70,29
55,81
47,16
19,50
27,8
39,118
129,23
110,3
21,26
63,63
123,24
47,77
43,110
69,50
17,34
17,7
21,20
15,64
98,7
40,135
29,6
134,32
69,128
56,14
59,120
30,27
22,36
26,5
20,21
25,4
170,21
130,36
36,4
28,16
32,62
49,58
90,33
65,72
40,76
27,21
139,77
31,92
87,14
70,19
35,87
61,50
20,43
102,27
181,49
36,10
77,48
70,16
23,75
48,90
114,8
45,27
44,32
15,50
65,117
55,28
67,63
278,54
33,35
163,20
26,48
18,138
41,103
141,13
17,16
21,28
23,14
291,19
76,4
94,45
71,35
38,15
20,127
62,9
80,198
54,98
65,22
43,128
68,24
155,20
54,65
42,3
41,5
86,9
18,84
89,11
63,45
136,9
37,20
15,37
149,99
32,30
87,44
56,77
36,14
31,52
101,22
65,29
27,31
19,5
187,18
24,4
68,19
88,22
105,3
72,6
25,153
118,45
20,67
57,52
17,2
28,3
152,8
22,19
80,29
69,21
31,194
64,121
58,13
75,51
40,40
139,21
26,4
33,45
75,123
18,3
93,174
33,11
54,13
35,41
45,7
21,25
140,16
177,75
37,11
66,15
81,73
22,55
38,211
68,15
58,65
44,60
74,72
91,29
74,92
122,16
42,40
37,82
103,33
62,51
18,55
164,28
96,91
83,87
77,82
23,119
111,53
82,8
73,11
155,67
61,10
33,18
109,13
43,25
18,12
15,24
15,30
49,21
16,4
85,156
18,24
31,85
17,4
39,28
83,8
26,46
27,25
31,9
27,13
24,6
36,25
29,24
192,33
24,122
18,15
106,77
105,18
81,47
44,11
70,11
16,62
35,29
17,16
32,40
102,3
26,69
42,4
206,32
81,98
27,32
21,18
30,110
34,29
23,17
72,35
30,44
161,9
42,5
26,109
102,13
132,18
97,59
80,36
35,31
16,9
251,43
28,56
25,32
107,56
51,61
25,5
58,111
18,37
53,45
72,64
71,24
73,5
64,3
54,6
55,11
31,54
91,33
16,3
122,130
49,49
124,54
36,77
24,12
234,10
22,17
33,37
25,54
242,6
47,36
154,60
98,97
98,19
20,38
116,89
199,24
145,19
14,51
29,30
40,10
74,4
68,24
15,68
103,46
159,52
22,25
16,26
135,19
68,12
59,32
66,23
30,54
108,88
22,18
67,39
61,31
90,8
77,52
129,76
39,12
29,50
60,13
17,32
43,12
26,31
23,15
54,104
40,16
65,13
194,15
35,3
32,15
57,22
31,59
36,4
150,12
68,5
76,19
36,9
53,45
33,7
51,14
35,4
36,4
59,24
36,29
129,22
15,13
117,78
161,44
203,2
58,11
152,3
15,5
174,39
32,19
83,158
18,40
60,30
81,72
55,93
68,47
35,16
62,9
97,73
174,6
42,79
86,6
34,4
96,25
19,129
15,5
16,67
24,47
75,6
48,3
162,96
75,25
35,5
17,32
50,17
104,6
104,47
24,3
95,19
56,145
23,44
24,3
58,77
49,7
25,12
63,36
17,3
32,111
33,8
23,75
57,14
82,4
47,19
64,30
77,16
100,27
127,26
145,190
34,75
236,16
52,6
29,63
48,96
37,43
96,59
19,5
62,7
42,3
114,5
44,22
71,35
15,33
117,23
102,66
32,6
63,30
87,56
27,50
118,86
17,43
35,5
85,6
123,26
63,99
99,72
58,18
28,33
111,13
16,22
63,9
28,42
31,74
109,18
70,4
285,105
100,16
98,76
38,5
17,149
95,16
28,63
17,60
45,131
15,7
106,21
40,19
45,8
51,9
17,152
36,5
63,54
70,48
33,89
29,33
86,6
115,45
28,151
58,140
32,13
42,86
126,35
94,228
33,39
19,128
57,14
65,59
16,45
135,40
24,14
118,11
30,41
32,31
96,94
88,56
69,47
38,16
32,72
23,34
62,4
85,15
127,107
36,69
121,62
85,41
145,137
16,3
24,19
51,51
46,56
20,119
45,13
86,4
191,34
20,7
33,91
38,66
59,3
102,26
96,28
19,41
109,13
27,32
42,9
121,48
251,10
155,28
148,9
116,136
167,37
75,12
48,208
95,15
187,26
62,10
303,3
42,71
146,10
51,34
130,136
29,96
49,42
71,14
91,25
37,62
29,15
84,70
43,14
91,66
47,37
22,18
198,32
118,64
82,25
16,9
80,20
56,148
53,47
35,28
28,34
16,25
15,29
24,50
78,20
61,45
33,15
191,7
36,35
86,20
144,35
29,11
85,6
31,24
136,45
98,79
15,4
65,70
77,43
22,5
33,13
72,33
40,61
136,160
77,4
46,30
121,100
28,13
43,63
30,17
44,8
63,98
37,33
83,15
57,13
54,150
92,56
110,12
19,106
14,84
30,36
25,4
37,8
108,8
78,58
35,63
59,23
61,12
53,28
57,11
64,120
192,45
67,26
181,22
63,12
15,54
62,49
98,66
40,9
171,3
48,66
58,64
52,39
24,9
123,64
57,99
16,18
77,5
24,2
45,29
51,54
51,42
126,2
75,111
29,104
34,29
96,12
34,66
16,35
234,13
184,14
17,38
65,13
144,68
90,41
51,51
19,219
15,48
118,11
64,50
21,35
102,11
106,27
71,46
53,3
67,59
37,3
29,43
20,23
92,9
81,8
34,15
42,90
181,9
52,27
40,57
79,75
25,21
48,6
76,55
54,23
49,15
23,7
51,28
119,4
36,10
51,5
17,7
48,30
20,45
55,12
112,37
79,19
50,57
18,60
190,24
56,3
121,160
16,7
23,23
23,60
129,8
146,31
82,51
66,18
21,39
90,26
264,71
20,17
75,14
38,21
115,20
76,59
83,20
59,8
53,85
37,13
66,77
84,47
42,27
18,32
23,36
52,2
85,104
90,77
109,16
71,2
18,54
67,47
129,143
75,18
15,10
28,102
25,66
210,4
31,35
74,14
99,48
20,8
162,9
114,48
108,74
32,47
77,119
68,65
85,57
68,27
48,49
125,64
48,3
73,60
64,16
61,121
18,97
33,25
61,16
57,21
125,84
49,75
18,52
17,58
107,47
49,9
77,47
67,25
137,22
70,45
59,161
22,53
157,46
16,36
94,76
31,10
82,78
28,3
114,37
129,10
52,59
37,4
46,62
18,122
19,5
56,39
169,164
102,12
78,84
48,9
48,9
17,6
46,11
51,73
22,17
23,65
66,14
58,8
56,12
86,71
62,18
53,89
71,5
33,2
31,13
16,50
35,10
52,38
39,10
41,48
91,23
62,27
222,6
15,17
112,26
30,4
100,39
31,23
31,48
49,48
157,8
26,5
50,14
46,97
26,42
18,47
24,6
97,14
17,26
91,14
72,100
27,110
73,9
32,33
15,47
40,46
129,58
26,14
40,154
22,108
87,36
64,15
26,51
34,10
125,21
30,28
238,15
130,19
26,70
154,16
16,33
23,6
27,31
108,32
63,7
30,53
22,6
85,28
16,7
31,28
60,13
56,54
18,13
19,80
62,5
33,8
22,60
97,18
53,55
201,22
16,36
47,80
47,98
29,26
161,4
202,138
59,14
61,3
94,18
15,45
16,106
96,25
33,16
65,24
49,14
20,75
17,95
100,11
27,53
92,4
51,22
38,37
69,26
152,48
112,61
139,14
19,4
85,31
156,3
94,31
51,30
134,17
46,22
244,47
17,9
72,13
23,7
28,22
46,17
26,26
24,43
16,121
56,6
28,71
97,28
96,64
60,61
16,7
61,21
43,13
167,21
16,81
101,36
159,7
16,8
22,24
304,111
61,28
71,16
33,43
99,15
42,26
19,28
41,10
17,40
166,2
20,62
33,13
132,5
115,95
62,8
43,51
157,37
218,40
78,40
16,125
117,29
50,91
112,33
201,5
54,10
131,31
103,43
34,30
47,17
38,36
47,26
97,102
83,10
49,43
167,87
44,30
41,71
46,32
87,116
54,38
22,56
54,18
30,44
71,64
22,4
78,24
31,15
19,91
16,14
21,30
23,24
54,30
38,12
92,7
20,10
24,4
32,3
61,38
51,26
46,6
44,37
64,29
53,14
21,14
34,30
46,46
38,12
18,64
43,63
34,7
67,64
41,46
32,53
18,13
65,101
64,39
49,68
47,14
52,37
57,10
63,102
43,16
114,5
22,7
47,13
21,48
19,125
58,64
62,23
111,21
20,50
15,8
108,16
23,41
43,89
107,4
243,78
39,31
87,12
48,7
33,15
98,112
39,49
188,43
43,65
133,25
27,63
40,74
25,34
18,6
271,15
96,26
53,101
43,15
66,26
218,92
134,11
17,22
42,18
14,51
111,36
36,51
47,3
118,206
116,13
235,147
147,127
55,54
54,14
36,12
49,17
72,44
14,7
114,35
19,12
54,16
162,22
133,20
50,4
31,6
15,28
211,44
70,4
43,49
22,22
57,147
33,32
27,70
89,25
84,33
14,10
16,55
205,4
63,80
62,54
53,21
63,7
50,24
91,17
116,20
14,43
22,17
71,62
62,6
159,3
65,20
18,30
37,38
166,26
145,69
35,17
34,81
48,13
57,12
100,105
20,42
59,51
52,3
77,40
27,31
91,2
31,36
18,23
37,61
48,86
51,77
26,18
96,21
52,48
57,53
26,44
31,8
132,11
167,40
62,3
47,31
32,46
40,38
21,8
47,36
27,119
28,26
84,70
43,8
59,77
48,69
64,7
141,75
29,21
59,21
15,29
149,10
17,45
78,31
56,38
15,27
87,54
55,38
118,123
24,7
27,6
67,57
36,37
19,22
25,9
50,46
48,82
33,13
29,20
72,35
14,83
36,11
40,62
120,162
64,23
135,70
22,14
17,25
23,40
67,56
70,61
79,38
69,2
127,5
15,36
45,29
22,95
15,45
47,58
91,10
58,7
50,5
143,56
18,17
56,51
79,94
179,31
120,42
103,17
22,6
84,10
25,119
24,76
91,36
47,102
39,32
32,2
76,10
32,23
144,3
51,9
93,32
48,42
28,112
61,9
20,67
53,2
63,21
135,7
30,9
43,16
48,108
22,170
40,76
74,18
15,121
46,36
30,54
108,64
59,32
109,102
63,129
54,5
110,4
87,16
124,60
80,31
26,55
209,99
19,4
41,72
76,13
98,19
15,23
205,12
18,5
64,40
65,40
41,46
37,37
29,35
27,23
69,139
85,9
100,21
33,50
69,7
112,10
33,11
20,41
130,36
31,53
17,62
18,13
16,58
69,3
68,10
104,6
17,126
16,30
43,79
43,29
28,33
90,33
19,7
127,14
43,78
186,78
73,79
24,90
16,98
47,10
43,54
38,75
33,29
30,36
17,9
129,98
259,6
26,3
31,23
61,16
22,81
135,3
214,16
15,53
33,49
57,13
87,13
117,21
24,17
83,109
106,17
127,68
38,19
127,9
31,57
17,70
29,38
78,11
21,39
22,20
74,4
33,19
33,35
35,19
237,21
32,54
69,76
25,55
83,6
36,7
165,8
22,7
35,31
15,46
40,8
67,233
41,40
50,44
41,87
51,7
26,212
116,11
23,50
24,4
128,8
95,41
130,26
152,25
93,71
127,42
34,226
52,5
36,144
27,30
77,4
19,9
29,75
16,8
86,5
87,4
66,119
19,102
148,37
41,43
21,57
64,28
39,2
23,32
137,15
17,7
96,95
67,58
31,17
30,86
71,6
29,3
164,36
59,34
74,7
191,166
66,38
40,67
17,93
89,42
70,55
167,83
95,22
29,77
36,41
27,3
32,62
29,117
73,118
69,6
43,54
137,126
46,27
36,42
18,57
52,5
63,45
148,12
35,92
114,42
30,38
43,24
134,49
18,122
31,18
68,53
18,19
32,47
32,37
37,11
15,64
33,17
41,11
108,30
69,100
70,5
48,5
184,27
53,64
19,71
32,25
182,59
77,16
62,35
51,15
43,42
48,27
98,60
52,62
79,106
48,31
52,29
28,29
50,39
86,26
57,126
46,11
43,7
20,68
35,30
189,35
52,42
35,13
35,62
27,18
206,68
218,17
182,49
21,45
17,37
18,46
33,30
146,12
41,45
86,121
24,9
93,9
37,3
18,105
53,4
87,96
22,71
23,7
48,37
152,93
234,15
54,70
26,74
123,37
121,16
51,36
52,12
35,31
173,57
15,15
64,26
59,136
80,13
45,4
30,20
22,13
53,122
92,52
37,43
52,2
73,11
30,24
60,5
64,22
53,73
17,27
36,11
34,26
41,4
16,32
16,19
38,11
74,8
90,38
42,49
126,21
68,25
70,41
53,4
59,42
33,13
70,38
102,8
19,23
20,10
39,3
70,111
55,3
120,7
41,97
48,10
24,21
53,25
126,18
16,22
68,40
67,10
107,23
29,6
40,7
94,25
45,43
158,35
150,82
42,15
22,12
32,21
304,13
73,90
153,70
102,45
17,25
85,40
25,22
43,39
40,23
51,47
200,28
16,23
99,19
75,3
65,11
114,74
63,2
20,16
102,4
52,190
42,54
147,9
36,77
90,103
21,14
111,80
17,23
39,6
39,15
30,30
39,46
162,12
26,23
42,147
25,21
131,32
101,58
52,170
71,14
21,6
21,150
20,29
99,84
118,46
136,36
82,46
29,9
61,45
43,3
31,5
46,28
29,46
112,29
55,13
74,31
50,3
27,92
141,67
90,3
20,80
64,16
53,21
29,8
108,15
26,4
48,18
46,30
95,66
88,41
26,2
54,9
55,101
150,39
34,19
37,43
84,58
207,21
98,42
201,18
28,51
49,2
55,21
68,14
58,91
147,60
154,85
87,9
84,10
79,33
36,3
58,136
31,20
142,151
52,54
27,12
173,30
18,92
54,71
119,47
72,20
133,60
95,57
27,64
18,58
15,38
65,29
73,22
117,27
65,6
31,138
57,176
214,11
62,43
102,102
72,12
55,21
30,54
104,66
94,34
45,68
22,91
38,46
60,53
68,58
81,28
64,44
20,77
31,10
78,11
33,5
52,91
150,4
157,10
114,78
57,13
22,100
69,54
40,9
76,33
43,19
76,28
54,12
16,22
139,13
21,100
26,53
22,5
28,3
78,5
62,122
156,31
56,33
244,32
197,39
83,87
89,39
47,13
17,3
58,19
16,9
18,8
31,37
167,24
32,90
60,52
156,19
32,71
31,20
35,9
68,32
32,17
44,44
16,72
64,61
17,108
80,57
64,88
42,61
53,29
34,12
35,35
73,96
167,10
74,30
34,18
147,96
24,11
23,22
51,29
16,3
64,17
44,33
109,109
22,19
98,32
36,19
39,17
20,27
53,10
83,33
20,52
36,43
48,2
87,3
118,17
59,18
85,7
34,12
59,63
38,23
178,19
15,17
46,125
257,40
73,20
46,32
89,8
54,60
45,19
143,32
194,19
19,26
26,37
27,59
71,6
28,5
20,37
37,2
54,69
33,15
142,41
42,44
101,121
48,35
106,37
24,71
87,67
37,8
28,20
147,22
29,28
75,32
16,12
74,7
52,61
71,23
23,14
22,32
115,72
24,17
49,17
19,9
26,4
76,4
204,14
20,12
67,11
51,56
129,32
22,81
157,38
146,54
91,44
34,5
76,145
24,38
79,36
20,47
98,73
14,35
30,50
29,27
46,29
15,10
77,20
16,17
61,186
114,14
36,12
42,38
50,28
108,12
42,13
24,82
27,20
94,22
90,51
57,34
119,7
19,5
21,18
117,3
106,32
128,8
154,54
33,101
29,16
51,35
68,141
20,185
50,235
25,29
64,88
31,40
29,185
26,13
153,3
63,8
118,37
46,5
44,25
222,27
153,16
154,45
44,36
55,27
70,18
38,147
54,113
56,12
25,36
36,22
40,53
50,10
21,40
76,23
181,12
19,46
18,31
16,88
100,20
21,36
39,14
36,29
51,70
48,43
82,57
34,42
33,36
212,53
56,65
21,28
34,54
40,113
32,88
33,12
23,24
22,12
170,125
23,3
36,29
24,28
23,30
46,4
18,13
30,51
27,39
26,20
16,27
36,10
165,55
83,9
35,16
33,20
19,46
64,3
134,32
54,52
27,38
36,18
32,17
102,8
20,65
36,9
55,14
75,78
68,5
163,20
99,9
96,30
30,41
29,33
16,21
83,83
115,11
30,58
35,9
14,6
100,78
39,24
68,54
38,25
23,16
72,82
105,10
35,19
57,17
27,84
19,64
32,36
22,50
15,15
91,107
76,40
82,49
65,58
61,66
174,91
31,28
16,16
159,18
35,28
54,37
122,9
54,103
27,14
23,11
46,37
67,20
64,67
83,32
193,31
30,37
79,50
52,24
53,26
28,21
197,51
21,17
15,45
96,26
18,61
40,30
37,14
42,51
54,121
30,12
99,29
51,29
57,95
36,16
37,6
45,18
40,125
111,22
57,32
29,44
51,118
21,58
101,3
32,3
54,161
17,15
40,69
108,132
77,16
24,2
141,24
36,12
27,34
74,33
134,3
91,83
170,37
15,48
70,106
296,18
17,11
130,54
104,16
27,66
51,31
73,43
17,2
84,28
14,80
65,17
46,28
94,127
129,68
24,49
46,40
21,106
19,12
44,5
148,31
17,72
26,29
36,26
119,17
71,146
64,65
108,107
38,117
46,19
123,10
100,5
43,50
67,37
54,9
36,31
103,32
14,18
28,16
24,33
21,2
41,9
63,56
17,19
28,49
109,13
18,51
106,22
103,4
20,10
39,37
21,6
190,4
39,36
26,28
61,11
50,30
38,151
77,107
81,5
45,8
106,22
28,49
45,40
45,126
43,64
56,133
72,155
164,5
76,9
97,25
18,8
32,62
68,55
38,58
35,61
16,64
20,25
24,17
88,3
17,35
39,33
26,10
65,4
28,46
23,23
70,37
41,151
31,12
175,21
41,14
201,76
57,47
56,68
55,16
103,2
93,52
163,52
54,202
38,15
58,101
62,54
58,90
81,29
22,32
171,64
54,57
19,25
26,47
47,6
76,21
54,23
41,56
38,35
101,40
170,68
80,5
35,25
153,19
20,60
46,69
54,5
71,4
18,39
50,4
156,17
51,67
54,44
49,49
100,66
23,31
82,45
156,3
40,28
19,104
26,66
125,18
21,65
18,21
37,16
56,37
52,16
88,54
66,25
68,26
31,43
168,26
28,18
112,5
32,7
64,99
52,29
102,6
135,9
118,13
66,29
49,12
15,34
124,47
21,22
190,73
25,78
103,6
65,11
37,14
62,64
39,16
24,28
30,28
222,70
107,58
58,68
73,72
55,30
123,8
22,41
28,82
48,76
39,50
73,18
23,18
54,69
69,16
42,22
174,14
71,70
78,80
18,26
24,13
109,32
49,19
149,18
17,9
229,22
56,109
89,9
29,8
14,46
19,15
61,34
18,8
50,88
20,38
24,21
80,59
266,52
86,23
18,34
90,21
30,3
45,19
99,43
15,3
16,40
111,46
35,17
46,37
38,20
74,5
62,4
18,46
64,45
40,17
18,11
70,14
16,16
54,39
238,173
164,93
90,35
19,49
30,159
43,45
224,5
64,16
22,24
46,33
22,102
96,22
40,8
79,13
198,17
85,26
26,24
17,79
36,122
117,34
61,9
43,16
37,78
29,66
38,4
37,6
46,22
64,77
93,19
55,28
81,65
17,56
15,22
19,18
114,94
40,69
39,21
37,18
46,7
62,26
31,24
52,16
38,121
69,17
78,9
66,7
96,83
75,2
70,53
38,61
44,85
129,62
115,49
33,87
104,19
134,14
45,54
43,33
134,5
20,10
45,37
106,26
53,39
55,24
27,145
57,37
33,18
39,21
108,6
52,55
98,45
19,34
49,12
51,45
39,126
136,11
46,70
15,3
69,14
83,7
283,18
39,14
45,42
99,12
70,21
21,89
30,19
32,4
193,28
39,62
45,8
114,38
55,121
23,55
20,27
103,34
183,38
47,11
132,80
92,129
28,64
21,76
52,10
38,33
123,12
73,87
22,42
75,22
18,35
69,20
91,76
110,15
86,55
27,38
43,46
220,46
85,9
41,6
114,36
43,10
63,16
75,201
40,43
36,29
79,121
56,17
68,18
123,12
26,32
34,18
77,15
52,59
34,62
45,34
72,140
47,115
48,42
21,43
51,33
22,93
15,18
223,21
19,28
26,21
29,37
60,3
78,38
67,65
42,7
34,97
135,48
45,32
165,16
72,29
68,11
17,14
87,37
31,78
103,35
116,44
28,35
31,37
106,15
36,103
44,60
225,127
218,38
40,44
19,13
67,39
95,16
16,94
16,28
30,90
62,21
40,9
152,29
14,42
17,12
137,36
91,53
16,109
20,91
32,38
102,47
52,30
16,12
24,30
54,14
25,7
20,20
18,77
41,12
19,24
18,15
46,15
24,8
34,32
20,3
17,97
75,44
204,12
53,8
32,8
16,84
30,8
57,41
37,75
64,55
24,10
178,56
26,20
56,29
95,36
93,47
158,54
57,60
42,65
87,3
20,8
22,26
20,4
60,19
29,10
56,10
20,29
26,68
99,35
58,35
103,10
48,50
35,28
39,19
21,10
20,21
35,13
115,99
221,47
16,12
40,3
23,17
26,11
161,30
21,28
26,23
68,3
29,107
50,3
109,51
19,137
46,12
45,62
29,25
56,19
69,65
18,9
55,79
118,35
70,39
146,20
52,139
148,18
44,13
32,54
15,54
67,2
84,98
58,19
63,53
115,54
25,18
37,8
42,3
21,60
176,15
19,51
44,48
34,27
16,30
31,3
40,12
27,61
20,13
110,78
81,3
74,60
114,94
17,17
263,39
34,15
60,14
84,28
124,41
112,13
50,59
51,40
56,68
23,175
68,59
69,18
110,13
51,10
224,45
16,14
65,4
164,158
109,10
37,74
21,21
30,46
43,20
126,34
96,22
17,19
69,21
20,4
32,43
83,8
23,57
185,66
25,58
43,50
274,8
40,3
26,31
69,4
18,3
24,3
103,34
14,88
52,6
37,82
135,17
93,92
25,5
61,30
22,33
91,14
31,2
17,13
42,43
183,7
47,34
61,82
62,40
62,152
55,61
97,39
29,82
21,5
63,26
66,10
23,27
67,160
104,68
18,7
63,9
83,13
21,54
83,3
116,136
34,44
15,25
21,28
62,185
43,4
50,13
61,3
73,59
294,51
43,106
94,53
238,9
36,4
27,101
23,11
81,32
26,7
24,126
41,54
45,8
63,4
44,4
46,115
33,3
135,81
14,11
44,169
31,10
96,37
30,36
29,68
185,27
48,5
111,117
50,5
95,19
15,40
57,19
186,5
80,42
182,27
17,7
22,16
27,99
232,14
116,8
36,87
180,23
22,32
33,5
45,61
28,101
31,4
243,8
15,17
155,21
27,24
56,14
144,4
26,44
15,91
103,15
78,88
41,38
142,54
69,3
36,24
96,6
24,110
51,9
49,10
41,70
64,107
25,91
36,36
47,6
159,9
109,91
30,132
78,7
102,20
19,13
16,4
106,65
22,9
33,7
17,28
21,13
21,62
153,29
69,11
22,21
60,97
22,31
84,35
22,23
96,27
113,7
19,3
63,43
71,3
37,8
63,21
35,25
89,58
232,10
220,61
60,7
102,22
46,36
55,9
74,28
43,17
19,17
77,8
17,13
20,29
60,8
59,68
47,21
43,112
60,17
66,77
139,10
21,14
81,36
34,4
123,8
46,31
64,43
82,65
41,37
58,10
294,69
67,65
33,31
51,26
79,101
57,6
109,19
15,204
132,33
14,5
21,116
126,210
80,49
35,7
287,13
63,101
92,43
36,18
43,86
20,38
27,5
26,12
25,52
40,12
200,8
83,74
88,25
18,51
47,37
218,32
78,78
22,13
126,51
57,54
298,12
130,18
63,15
81,54
199,98
82,6
116,50
40,21
136,99
80,33
55,25
54,12
24,75
280,18
99,5
61,43
33,9
52,123
33,9
58,12
96,11
80,5
132,26
44,34
47,6
31,50
33,11
50,5
63,59
18,26
17,30
129,69
113,7
98,22
33,32
59,58
51,2
49,13
40,19
53,22
93,22
85,28
40,16
22,11
23,44
56,94
240,37
45,7
26,20
132,12
23,124
75,14
128,22
49,44
32,57
24,43
50,9
27,18
33,45
29,8
21,40
28,51
46,4
28,4
65,56
26,40
41,137
15,21
71,43
103,23
104,75
81,6
16,55
187,5
16,20
36,27
28,3
178,3
86,6
15,22
161,59
37,31
80,15
64,29
17,15
29,6
107,56
89,13
50,49
26,18
16,39
75,6
31,134
94,44
53,22
73,3
59,75
62,75
104,11
34,55
59,10
89,23
20,4
17,9
35,14
34,97
67,7
125,65
16,11
17,27
75,2
23,34
104,11
17,152
132,91
50,108
68,114
131,90
37,79
56,6
29,6
31,4
86,15
118,45
64,41
66,24
80,130
49,18
92,122
175,29
98,127
123,12
40,2
102,69
22,16
48,30
33,78
38,9
22,7
18,48
25,3
54,8
52,14
22,45
88,10
117,57
19,5
52,7
62,16
56,106
164,4
253,14
76,14
18,19
146,22
37,107
35,47
38,26
27,78
59,25
25,23
47,13
57,11
16,4
79,7
32,68
22,81
37,41
32,30
59,6
59,36
41,42
18,66
21,3
46,10
104,9
56,95
19,21
23,3
52,58
95,64
20,7
123,89
83,109
83,8
218,82
84,76
60,24
105,31
31,8
74,93
25,11
137,45
35,10
24,12
82,36
90,17
101,16
92,17
36,9
14,3
139,24
248,84
24,33
52,37
32,60
80,8
22,33
34,135
79,30
45,4
144,15
40,8
75,140
57,53
27,22
38,51
53,26
144,20
139,40
20,5
35,37
84,26
16,21
78,51
196,2
125,15
16,30
67,33
46,34
40,6
27,76
21,35
21,142
74,3
68,25
49,5
61,6
105,12
45,129
77,79
46,30
23,12
65,90
54,43
76,26
66,55
153,13
65,12
47,2
17,15
44,178
111,52
79,16
90,8
39,15
18,84
101,48
24,11
35,6
21,57
92,59
32,39
180,84
39,21
35,20
119,32
95,30
35,41
31,76
85,78
43,21
129,46
20,26
26,154
46,72
99,9
139,16
82,29
37,13
43,18
78,23
64,15
102,12
20,22
48,20
34,39
58,39
32,100
89,93
123,57
49,67
23,36
43,90
79,5
53,49
116,104
28,40
131,11
65,14
34,155
114,9
38,50
66,94
19,5
57,54
162,73
24,52
15,35
75,29
22,16
66,11
80,32
162,54
23,5
31,11
58,44
36,42
43,88
53,19
40,16
166,30
42,122
184,15
44,23
31,17
61,42
59,53
90,53
104,10
33,93
20,55
130,90
119,16
30,58
23,18
59,39
112,65
39,18
22,11
79,12
31,22
93,48
96,4
76,5
22,24
59,155
33,6
126,3
19,63
113,76
56,11
26,10
53,4
44,39
54,6
26,9
30,11
29,53
144,47
25,12
51,19
16,94
44,106
51,39
21,8
24,10
122,15
28,49
44,59
72,49
102,85
180,39
32,25
88,73
48,19
54,2
117,130
20,24
66,18
188,38
120,102
78,107
47,17
76,22
91,69
200,19
16,17
251,101
89,21
46,18
15,54
51,9
77,47
41,3
17,3
44,45
20,42
91,22
68,4
24,29
61,82
45,39
148,26
61,27
31,41
39,14
41,17
25,26
55,34
157,32
42,9
185,20
36,10
178,15
108,10
84,28
91,3
88,111
29,3
28,30
21,75
87,69
44,29
17,5
40,12
38,32
22,161
36,34
40,12
198,34
88,6
19,54
61,5
24,61
35,17
124,26
74,20
100,77
21,18
155,23
44,10
26,29
24,16
22,31
18,122
109,5
60,43
48,105
56,4
52,90
82,64
42,64
82,13
30,7
26,39
27,22
33,34
126,43
42,53
109,75
78,18
86,27
234,16
146,18
52,121
41,23
186,17
87,36
81,4
81,21
78,14
30,107
62,45
20,56
83,44
21,22
52,54
74,30
84,56
110,11
20,28
29,116
123,74
29,81
137,72
22,23
17,30
65,8
20,5
21,12
32,33
61,145
35,14
126,74
42,44
170,39
21,33
72,78
51,5
94,27
54,14
35,41
34,21
56,71
37,27
76,63
18,128
47,94
139,132
83,85
71,10
30,20
71,44
46,4
122,27
134,11
84,53
41,9
18,30
48,65
36,2
51,64
88,38
82,17
15,38
85,35
18,137
81,5
29,12
37,28
32,94
92,3
27,11
62,29
99,85
140,107
30,132
27,61
87,38
26,5
46,14
268,9
21,10
44,12
97,78
30,24
43,22
37,4
28,122
56,9
38,14
25,154
40,132
40,37
188,65
146,85
55,28
127,11
74,30
72,104
35,32
18,7
96,39
157,26
94,43
108,24
18,20
91,39
84,23
27,14
124,44
30,16
109,66
74,30
36,16
96,56
149,13
293,97
31,15
71,49
28,71
61,12
34,4
21,91
133,53
81,19
16,3
59,3
17,79
15,11
44,17
47,13
25,41
131,9
24,22
37,61
125,12
31,64
33,130
78,39
17,54
95,9
120,8
77,60
37,14
15,12
95,44
84,32
72,4
54,10
18,58
61,16
97,5
27,47
70,33
145,15
53,49
23,45
133,50
116,6
17,18
97,23
118,21
43,3
94,25
24,4
19,24
130,23
115,11
47,10
41,4
40,24
120,51
64,18
98,10
28,15
65,65
96,7
47,31
30,15
48,21
72,37
52,42
152,93
33,18
34,29
65,71
74,33
106,35
15,8
152,27
22,13
48,24
105,153
56,48
21,14
120,20
77,84
51,49
35,49
34,44
65,7
117,88
26,62
152,45
69,41
27,8
43,25
40,21
177,7
20,34
42,29
127,16
44,23
38,60
126,26
23,29
184,38
64,35
208,89
32,29
20,12
44,45
64,11
30,9
99,38
24,50
160,94
123,97
66,63
58,20
29,28
18,3
24,3
163,30
120,57
54,34
24,17
27,35
33,42
15,67
48,35
44,82
53,130
23,14
33,99
15,33
33,87
110,25
95,30
49,73
75,39
25,13
21,102
44,16
26,12
21,75
27,43
115,17
51,48
102,27
48,67
68,65
154,46
72,14
78,76
19,4
22,16
104,9
43,44
183,163
130,14
17,18
15,33
39,187
31,17
40,18
60,8
58,8
18,22
131,21
64,121
31,19
68,37
161,27
28,24
27,119
27,38
57,23
115,9
92,8
23,19
124,8
68,25
47,44
283,2
62,54
50,58
67,74
55,2
66,93
144,34
33,78
35,65
108,66
94,58
17,3
25,9
58,54
165,5
134,16
103,16
80,12
94,24
21,32
86,13
44,105
49,29
18,18
15,4
49,175
44,118
40,3
76,35
22,40
43,29
128,75
66,5
172,33
19,10
49,80
68,17
63,3
144,26
90,28
237,66
60,66
65,63
30,11
25,10
44,7
27,11
38,7
36,20
148,37
70,85
142,7
42,54
110,13
21,28
61,18
126,25
67,74
29,84
21,24
89,38
32,18
48,73
71,26
162,20
95,72
85,73
89,23
37,8
54,38
23,9
65,5
213,32
52,2
50,57
61,12
20,8
170,39
39,16
22,12
47,32
49,21
78,2
21,51
74,126
46,47
24,7
75,30
15,47
60,5
55,8
21,27
119,34
18,4
155,207
102,16
128,62
79,26
24,17
181,32
50,27
89,20
28,13
46,7
75,77
24,11
33,48
78,13
45,14
18,5
23,30
50,51
145,123
145,100
56,19
139,46
209,73
49,35
21,24
47,110
38,165
35,10
83,98
159,42
69,30
22,65
34,16
133,5
31,12
28,24
83,4
95,41
97,33
44,5
38,106
49,10
30,9
66,4
52,10
142,35
26,49
124,12
84,18
49,6
18,54
38,31
218,49
30,21
88,9
61,120
53,5
143,10
54,21
34,28
19,28
25,66
23,6
34,31
107,61
55,29
129,58
47,36
78,28
54,38
64,29
42,28
82,44
65,58
169,6
177,38
196,28
21,22
28,95
31,226
22,105
123,70
194,3
116,48
37,19
137,62
49,5
33,20
96,5
73,12
15,41
89,25
127,4
48,48
170,147
79,10
38,27
143,12
85,24
20,46
60,39
160,20
88,73
35,35
29,89
15,10
80,11
36,67
36,35
39,84
59,28
16,37
34,10
55,117
30,7
67,51
42,117
30,3
108,37
27,52
37,50
52,7
73,37
35,50
169,11
108,108
25,48
19,97
21,12
55,82
42,115
59,8
182,29
65,17
157,12
174,164
60,177
16,83
22,27
31,4
130,57
65,237
20,67
57,3
72,52
46,159
175,10
221,27
93,2
22,21
25,16
124,3
54,181
105,45
48,37
55,33
61,25
75,47
92,29
119,12
161,22
39,131
62,64
118,2
28,74
64,46
23,81
88,41
57,73
30,4
18,124
60,12
102,48
55,68
47,6
68,43
29,86
147,66
43,12
44,66
52,20
67,57
52,85
73,31
131,88
51,9
25,11
130,2
24,7
162,13
21,19
44,57
26,72
14,30
59,28
46,31
14,12
77,33
137,22
46,71
113,29
92,24
41,11
55,30
48,134
75,63
63,50
82,120
93,43
111,28
134,33
86,16
55,8
92,43
16,24
46,70
42,11
49,3
48,2
19,42
21,83
133,67
102,17
131,55
14,54
52,4
39,13
111,30
53,2
66,11
69,32
89,52
37,47
134,6
26,4
45,14
42,4
42,33
25,6
119,32
29,14
60,13
15,53
25,2
97,54
26,17
40,29
100,16
114,9
69,42
18,31
54,75
14,27
24,104
33,16
92,43
69,41
91,78
68,43
104,45
63,20
53,22
132,117
50,45
32,10
38,16
31,3
33,60
107,42
22,87
50,7
32,41
15,7
68,51
97,11
70,102
26,3
18,53
57,23
27,20
55,73
40,12
94,40
143,60
33,37
74,19
44,32
36,86
67,59
92,17
22,15
60,35
38,5
18,45
38,10
67,21
74,7
135,96
33,145
34,42
71,5
102,92
15,43
97,52
143,150
36,13
51,12
50,31
56,2
39,6
100,52
102,23
83,26
32,5
24,46
19,2
108,21
87,31
67,38
89,26
142,39
84,18
63,53
94,6
92,17
48,71
59,11
63,42
65,125
111,50
17,14
25,74
22,4
98,48
56,14
22,13
38,204
179,115
14,19
28,20
74,8
126,14
115,5
61,7
31,32
112,34
63,8
170,6
58,43
44,27
16,22
29,44
59,17
86,40
39,23
31,50
24,18
52,36
20,13
107,14
20,15
16,8
67,71
39,10
103,9
31,17
126,5
15,60
89,15
30,20
19,24
114,57
22,41
163,73
28,46
20,3
62,10
26,36
124,16
27,2
72,79
186,15
261,4
45,43
44,22
28,11
32,96
45,35
113,3
21,45
16,126
15,48
39,42
30,11
196,3
114,36
38,34
25,176
25,22
51,33
43,8
15,116
42,29
53,12
113,20
43,36
42,12
18,23
54,95
53,73
66,102
19,76
15,9
91,26
72,54
158,27
133,11
22,9
117,55
34,13
44,11
90,41
116,55
31,117
62,56
66,20
39,15
40,49
93,48
54,51
29,3
78,8
70,32
97,20
31,18
74,53
107,17
27,22
57,149
33,26
264,5
35,28
68,21
145,60
53,125
86,50
37,8
14,4
26,9
30,30
28,71
107,38
36,16
241,10
51,4
76,103
34,3
78,103
114,5
75,222
49,82
17,3
40,56
285,7
72,22
94,17
168,17
81,8
161,3
14,16
23,21
58,76
250,41
119,39
47,90
97,32
26,7
135,40
71,12
20,81
161,102
32,63
40,32
66,59
27,4
80,95
28,77
35,189
21,23
31,20
22,152
52,2
120,30
43,61
70,20
59,37
39,24
24,97
26,56
38,11
160,40
16,23
56,14
31,105
97,89
111,45
66,33
178,33
40,14
37,29
40,5
80,24
45,14
42,43
17,2
145,54
34,9
89,48
33,13
39,33
125,14
39,18
114,12
14,37
15,24
20,19
28,89
70,75
133,19
60,35
22,15
33,10
54,8
27,104
29,3
49,13
63,36
97,49
20,13
15,64
30,50
62,20
60,6
15,38
33,101
34,12
54,31
116,57
99,11
63,16
69,10
55,10
60,23
96,26
16,35
113,15
45,6
22,27
49,59
17,16
26,47
78,53
58,13
154,25
79,5
17,14
22,3
107,125
42,21
198,21
92,39
18,121
32,18
143,9
50,63
84,77
25,71
22,19
100,2
39,70
50,52
26,21
71,44
44,67
209,37
15,26
26,38
78,46
155,190
64,35
199,20
111,12
31,42
161,55
101,15
102,17
86,18
62,62
27,7
29,157
95,81
50,6
175,40
25,20
14,10
66,28
117,48
128,74
53,109
19,149
31,100
64,60
58,38
155,3
15,39
26,47
93,65
293,65
80,22
108,7
39,3
155,11
51,78
68,68
32,6
21,16
197,15
27,4
16,46
27,51
71,53
15,31
15,18
75,184
158,37
55,16
50,18
53,98
99,22
51,16
177,29
57,31
69,147
91,3
24,15
15,6
37,82
89,53
18,16
60,96
190,27
104,4
44,50
35,58
35,10
65,74
71,21
24,20
33,20
161,121
85,34
14,7
68,85
25,78
151,175
17,68
64,14
58,12
55,41
62,71
67,40
38,5
68,132
24,8
41,70
15,20
107,46
24,114
42,6
65,28
66,198
20,31
40,2
27,8
111,2
53,14
115,3
29,47
69,44
69,101
98,24
70,2
112,28
36,15
24,8
59,97
62,92
141,62
33,56
70,6
133,32
40,45
45,21
67,62
47,34
15,27
41,7
132,33
50,69
70,10
30,55
111,67
16,47
99,96
92,77
49,89
33,9
69,4
137,20
49,9
46,17
24,32
83,96
29,3
93,25
177,73
18,48
19,12
88,99
29,104
77,20
54,10
15,33
60,40
161,18
22,112
46,12
28,15
15,3
22,60
123,89
92,80
44,10
70,3
165,102
146,50
53,3
59,19
44,10
21,40
43,9
82,29
28,21
203,28
17,159
23,17
107,40
53,11
83,21
34,30
42,15
111,19
52,94
38,71
83,4
33,101
149,114
107,2
39,8
49,8
18,7
36,19
148,70
82,25
27,6
231,12
18,11
91,11
78,59
41,25
21,33
17,50
15,14
42,20
44,84
28,6
71,17
54,122
36,33
28,17
60,7
48,43
73,23
232,3
100,44
22,66
61,36
53,38
30,44
28,4
128,25
136,6
36,77
17,60
166,109
17,61
33,7
60,50
158,5
37,33
64,27
219,44
66,72
48,9
72,64
47,39
80,68
84,4
31,65
46,212
23,86
26,107
72,5
73,41
34,87
68,28
81,7
37,23
103,22
25,88
70,25
125,29
63,10
29,6
89,3
99,3
27,60
76,57
43,30
18,116
69,54
21,10
101,42
215,100
109,4
119,9
16,69
32,56
24,12
18,52
40,41
208,74
50,23
28,39
176,33
21,76
126,85
25,36
25,14
20,20
20,24
58,44
73,14
168,38
152,20
37,4
190,19
112,34
81,69
21,62
103,13
117,10
16,33
254,63
29,79
133,10
18,5
40,90
14,28
33,6
100,4
45,27
205,49
67,29
184,12
49,55
92,35
169,45
33,15
113,44
17,62
68,42
21,5
56,177
116,44
146,70
124,2
74,39
226,20
288,22
41,15
36,24
78,27
80,9
20,28
132,7
26,27
29,51
181,63
99,28
62,25
27,173
23,29
58,60
65,91
188,10
23,37
135,21
153,24
20,30
18,10
99,139
286,48
50,28
23,107
20,16
29,27
32,82
18,15
23,10
42,39
57,14
79,165
70,9
111,52
129,13
124,16
64,8
21,73
86,124
90,27
85,43
275,28
14,35
163,17
22,12
26,69
134,7
117,55
91,5
214,111
121,147
67,43
15,16
160,4
34,4
56,49
51,30
75,4
34,5
28,36
28,8
283,29
46,90
70,56
77,11
120,59
65,5
85,3
14,21
85,5
87,21
37,20
185,3
88,45
15,102
15,7
30,66
77,42
98,36
67,24
19,15
16,16
89,24
45,105
17,42
22,20
72,31
36,34
102,34
17,13
98,21
35,29
15,67
79,5
39,75
51,83
27,49
71,32
21,27
37,56
27,14
127,6
37,3
20,21
27,31
71,6
79,38
17,23
16,25
86,10
64,14
23,52
86,10
16,18
15,10
224,8
184,192
42,36
70,30
17,23
16,25
36,29
96,24
31,8
100,44
141,5
88,47
37,63
16,14
29,24
20,123
116,24
34,27
60,3
20,50
21,56
77,14
22,38
39,48
60,24
20,178
21,5
123,185
19,15
22,9
42,25
28,40
77,38
48,13
63,11
88,50
72,4
85,60
22,30
29,69
131,8
190,21
42,45
23,41
25,136
205,34
57,38
63,45
38,43
44,17
21,6
132,44
105,187
20,26
56,23
25,97
44,51
18,55
17,24
193,58
52,8
82,4
95,15
52,70
19,7
43,97
41,63
70,42
158,39
44,90
156,26
21,44
44,21
110,16
18,45
32,58
22,27
157,67
22,29
35,48
24,56
22,45
133,29
67,20
15,54
28,6
58,4
16,2
35,77
101,25
145,88
21,79
18,121
33,22
78,36
94,49
157,12
23,7
59,3
52,26
15,15
56,38
74,10
22,74
22,82
91,28
131,4
23,41
88,71
21,19
67,138
33,73
51,11
48,23
19,35
75,38
28,8
49,10
119,44
135,3
31,4
41,73
134,7
46,7
19,121
65,13
47,96
22,9
77,6
37,97
27,7
30,9
31,29
17,5
39,87
77,76
68,41
47,36
19,10
127,15
80,11
40,43
48,121
73,39
132,63
68,16
81,31
96,14
19,17
15,65
15,61
131,39
80,15
34,16
23,75
45,32
140,7
27,50
15,60
127,16
27,44
36,157
20,115
66,8
156,10
40,52
190,9
19,168
15,41
31,8
55,28
25,38
181,6
55,41
168,24
69,16
108,6
17,18
20,12
32,24
39,74
182,24
15,39
47,3
166,53
31,25
130,46
101,46
28,10
43,6
69,40
16,79
34,22
55,46
15,10
88,12
80,40
32,29
37,97
92,15
197,40
155,187
23,45
67,17
17,5
96,73
44,17
28,73
47,66
43,117
44,7
14,22
147,20
44,17
87,63
35,30
44,52
26,50
89,14
58,26
36,19
60,6
166,128
30,6
19,15
126,42
33,29
122,19
75,5
78,31
18,4
35,11
50,104
36,57
70,42
30,15
34,15
81,2
56,19
78,28
87,107
62,60
134,10
22,131
94,18
21,27
44,3
256,8
25,19
120,83
18,44
66,77
131,26
119,59
23,26
55,27
59,55
246,4
93,59
44,14
134,2
16,191
150,6
59,10
20,99
61,161
45,11
22,31
235,8
209,19
15,98
48,73
17,4
47,30
301,18
14,43
22,4
36,33
225,19
47,29
117,64
54,21
76,90
30,21
152,13
66,23
26,6
228,44
36,11
41,3
35,21
153,3
16,3
25,5
15,8
40,13
105,75
29,156
20,54
41,44
37,16
64,24
62,43
22,12
132,90
27,10
41,3
19,15
133,18
143,90
18,17
46,36
58,146
242,73
91,78
30,13
35,69
104,14
78,88
68,20
32,181
49,64
99,18
98,17
61,72
31,15
83,63
27,17
14,113
29,9
34,15
52,29
26,33
44,16
55,90
70,4
22,16
178,56
16,7
95,31
53,12
34,98
20,42
70,8
22,10
77,46
66,41
161,20
44,53
83,5
17,26
18,5
24,2
36,90
38,31
61,6
58,22
86,22
16,66
32,3
17,10
67,21
29,27
170,5
47,17
64,142
22,67
164,42
34,13
105,8
106,58
45,38
40,33
47,19
120,61
41,20
174,37
188,60
51,60
40,4
39,15
80,4
35,26
62,99
25,23
76,3
45,8
64,18
181,57
14,13
97,23
24,78
96,4
21,39
18,14
93,13
44,22
280,55
82,13
49,29
54,17
156,90
105,8
77,114
20,55
17,39
147,15
64,3
79,20
16,2
43,54
67,29
75,92
37,42
147,33
49,47
18,36
87,24
49,38
32,5
79,30
21,11
17,82
34,156
124,15
50,80
58,35
77,4
42,33
14,68
41,52
66,49
42,46
71,71
61,13
203,62
59,29
22,37
42,7
17,20
17,38
38,37
15,15
24,12
65,30
35,11
116,10
88,13
168,115
21,149
15,39
73,10
247,23
23,76
110,3
31,88
70,116
74,2
29,40
38,52
20,38
47,128
38,24
18,7
55,48
32,21
16,4
63,19
24,24
43,2
48,3
30,15
28,30
48,17
21,33
66,5
53,6
22,46
27,6
53,25
25,68
33,43
81,17
176,51
159,18
22,51
116,57
57,105
25,2
74,8
71,5
163,83
131,21
82,13
21,71
128,84
61,8
47,51
19,15
188,64
216,75
20,93
60,7
52,102
32,34
26,29
16,6
16,7
30,63
15,44
111,39
19,8
26,84
29,44
48,62
45,4
14,39
15,32
22,25
17,41
17,30
65,12
87,26
61,17
28,3
54,39
62,83
17,38
58,49
72,80
53,142
89,15
35,18
37,15
52,32
39,39
34,19
50,49
62,18
110,67
162,35
56,63
42,34
80,9
64,75
15,24
15,78
53,115
18,7
159,49
32,13
46,21
26,59
14,16
58,17
58,7
99,18
32,21
106,5
265,29
51,3
41,13
82,128
34,97
27,58
246,47
88,58
57,34
124,98
40,58
22,34
51,165
72,97
35,14
39,24
18,67
168,26
166,28
26,47
30,116
86,17
54,12
82,48
190,20
58,122
55,29
16,18
52,11
22,49
35,14
47,62
62,14
35,25
31,41
23,40
194,29
22,55
44,6
21,46
59,4
37,15
59,53
63,15
38,35
148,3
58,39
44,49
63,44
157,23
40,45
21,5
30,7
64,14
41,28
154,51
45,9
42,47
44,124
71,13
28,14
101,43
43,67
36,45
44,11
140,10
50,9
94,8
30,11
21,32
236,109
66,16
54,18
54,49
29,186
34,3
202,24
35,81
224,16
19,13
39,55
38,32
46,76
127,7
19,5
35,106
36,24
47,12
27,18
33,3
41,41
40,2
20,84
122,13
70,37
21,5
129,165
70,22
116,54
18,37
17,5
36,29
23,24
68,36
15,19
17,16
38,75
24,9
46,9
63,31
20,58
79,3
94,9
160,33
27,15
133,150
22,46
15,22
25,55
34,75
181,76
43,20
105,3
39,46
72,12
81,29
31,4
77,4
64,2
65,37
21,20
69,49
63,2
251,33
136,87
34,23
22,68
50,119
194,21
270,13
70,30
37,10
82,14
87,11
293,57
29,94
133,48
79,48
101,7
21,103
87,18
29,70
21,5
15,2
58,91
25,61
35,96
16,217
121,69
204,19
61,78
85,4
20,17
42,26
23,29
133,76
30,11
160,36
34,106
52,50
75,3
66,9
42,8
25,8
14,68
68,8
40,65
57,99
61,51
18,52
58,21
14,77
24,38
88,4
40,4
130,4
79,83
24,33
130,27
14,25
143,28
99,24
78,121
25,43
62,130
83,21
100,39
264,44
22,68
73,18
71,53
94,9
74,12
119,23
16,28
54,4
40,3
134,40
274,17
88,34
34,19
34,2
26,169
39,2
79,4
120,3
64,39
42,82
34,13
93,40
76,22
28,31
94,47
28,39
98,17
94,42
130,73
41,43
46,9
181,41
19,22
56,25
81,9
31,93
68,23
15,83
27,26
61,6
41,23
14,5
116,77
28,2
49,8
28,9
44,7
40,43
74,12
220,38
83,26
22,25
17,17
81,59
36,5
23,7
138,8
33,10
76,13
35,13
18,10
81,23
104,58
21,75
65,29
103,37
22,34
33,92
23,38
132,11
20,23
47,12
19,21
33,100
48,6
206,56
35,56
122,59
16,124
18,18
69,7
92,40
44,31
85,6
40,5
50,29
16,54
46,46
105,15
16,7
259,24
40,21
18,9
80,69
45,28
234,9
51,17
23,49
20,120
50,4
104,39
108,31
29,14
68,5
20,60
16,71
23,46
45,7
27,96
187,42
33,3
22,36
89,24
147,20
16,34
34,18
37,34
66,10
120,16
20,59
35,13
69,21
51,51
22,17
20,107
25,3
20,38
102,85
23,32
68,38
21,25
97,76
38,15
118,51
30,72
16,16
59,32
101,11
76,39
27,23
106,4
56,25
43,75
127,19
98,79
25,20
127,69
28,55
42,26
115,135
43,2
33,26
57,14
20,42
72,120
163,177
37,31
238,7
21,11
46,7
40,10
25,3
67,7
35,24
117,84
73,16
239,119
69,12
28,8
159,10
26,9
194,211
16,34
55,29
22,34
44,151
14,73
48,29
33,63
17,48
37,33
58,10
99,6
46,23
148,43
210,11
34,26
117,29
181,63
130,21
56,8
199,34
45,36
79,38
71,7
78,50
35,8
61,28
29,44
15,136
20,56
220,10
51,47
88,9
122,13
70,45
28,34
25,86
20,5
114,62
43,14
50,3
16,2
76,47
41,9
16,60
99,61
81,5
33,31
65,26
123,10
33,45
55,8
65,5
141,94
27,24
105,18
63,64
33,14
66,31
51,4
103,20
19,19
17,51
71,23
158,87
41,22
34,4
202,50
47,160
25,43
49,33
83,83
33,3
41,79
82,174
158,2
69,14
80,32
79,36
14,2
42,17
153,24
123,25
44,10
145,7
58,21
59,59
38,44
46,221
45,127
69,52
62,8
112,101
46,42
32,13
151,28
94,36
18,50
96,6
70,7
20,9
31,71
168,77
112,3
43,52
36,32
26,15
24,22
33,5
15,46
18,34
115,81
90,14
74,52
155,40
37,19
22,20
25,12
19,32
39,74
278,101
63,123
113,119
247,4
61,31
33,20
15,82
19,18
75,5
85,77
57,2
80,5
52,7
39,41
86,4
247,112
105,8
26,42
39,7
82,14
41,5
64,78
73,46
23,54
28,10
122,84
121,18
48,62
79,20
35,19
102,11
101,122
42,8
104,17
126,84
143,133
108,13
138,40
23,19
51,34
25,55
81,40
104,50
19,7
38,9
117,155
306,23
51,48
29,8
17,49
86,35
22,3
66,39
94,4
271,23
30,22
144,3
90,14
25,10
68,47
164,16
79,40
49,44
60,27
172,74
48,27
61,19
21,35
20,30
15,28
24,24
170,54
67,5
34,52
53,22
18,38
71,65
95,73
20,2
68,53
177,4
22,23
21,61
59,17
36,33
59,28
97,18
51,13
110,15
88,15
196,62
64,79
38,32
65,4
19,57
26,13
42,9
185,6
35,98
193,39
37,36
18,10
21,26
128,26
41,6
68,151
17,10
27,79
78,47
16,56
32,65
20,3
139,3
23,36
20,20
18,62
39,24
75,3
19,3
31,23
78,101
40,4
70,90
104,5
118,6
60,4
78,19
120,15
27,26
82,63
81,14
44,10
26,41
40,6
54,4
15,46
112,90
34,4
23,27
40,48
44,6
44,53
55,13
47,9
21,13
26,55
78,14
132,54
60,53
32,44
148,15
50,5
16,60
66,53
50,34
39,55
74,31
23,12
74,159
90,11
128,30
24,3
34,10
62,45
86,37
260,13
52,13
36,24
79,90
22,61
116,96
169,17
56,6
24,12
25,10
29,23
179,28
19,85
68,62
18,84
94,45
53,60
41,12
173,7
19,7
62,8
25,57
90,7
19,65
57,37
83,59
60,84
95,32
19,26
125,62
17,49
258,34
146,83
153,11
44,44
23,7
18,18
20,15
83,9
66,41
30,42
43,21
18,50
91,2
157,14
97,38
87,85
80,39
69,8
55,17
76,35
22,13
76,115
33,21
37,21
26,16
94,51
36,7
31,73
72,129
42,9
116,13
35,7
23,8
72,25
141,24
24,110
68,14
21,13
128,63
240,8
67,12
35,120
72,103
191,21
17,30
16,75
14,147
128,155
18,19
92,9
119,5
54,59
57,19
22,8
38,95
19,34
37,9
119,29
43,43
64,11
72,82
57,3
33,23
49,23
125,7
286,37
38,64
19,4
17,52
21,106
35,42
88,49
61,23
29,51
144,66
33,4
277,46
152,4
54,25
60,61
55,49
79,98
142,82
17,4
174,2
21,72
28,16
76,91
81,19
32,117
132,33
61,3
59,100
35,16
148,144
41,41
48,12
74,55
71,47
29,42
22,16
19,4
26,53
17,26
30,121
42,48
142,53
305,10
39,131
85,8
77,63
70,13
68,20
79,10
54,2
86,41
38,19
42,4
16,41
147,34
22,54
58,72
54,31
56,95
90,36
177,19
104,68
155,11
54,17
133,7
277,4
52,76
21,33
75,49
25,7
62,30
83,13
65,46
19,7
97,12
92,108
29,7
91,18
16,78
92,12
41,32
193,71
41,21
171,31
84,9
24,8
25,21
105,46
60,35
18,19
75,189
24,57
72,41
85,5
39,60
60,20
33,4
82,5
34,39
27,27
22,39
68,16
14,25
99,36
95,13
30,145
36,16
131,100
111,53
24,13
28,100
42,10
15,17
144,9
99,42
92,77
86,3
70,40
22,58
84,41
123,65
51,26
98,81
48,32
41,25
92,11
55,13
100,23
19,127
32,37
45,43
84,5
39,21
53,48
16,9
28,14
19,45
22,35
45,14
18,33
46,15
120,15
16,12
73,5
64,12
22,98
15,34
141,57
17,125
83,17
46,31
152,118
42,21
65,93
20,11
17,7
72,2
45,23
48,11
39,37
64,20
49,87
36,10
49,57
42,45
37,5
132,15
84,17
95,77
18,108
177,20
19,10
32,67
43,29
42,11
45,17
78,73
204,40
79,5
29,8
65,78
40,31
46,89
46,43
49,63
55,42
90,7
152,192
113,103
77,7
20,53
24,39
40,33
49,89
44,43
233,25
152,44
32,36
27,31
96,76
167,81
24,5
39,62
28,44
157,6
32,12
21,31
60,28
19,5
26,39
88,197
45,178
175,69
68,3
22,6
18,23
75,5
78,33
31,14
126,108
262,36
14,25
27,11
34,5
61,45
43,45
21,17
115,31
114,6
43,49
70,29
32,58
42,94
17,55
38,149
86,9
162,18
67,7
85,6
93,16
30,108
30,26
121,36
80,17
124,16
21,5
146,10
298,95
22,52
60,125
103,130
31,58
17,32
55,17
38,12
67,9
102,36
119,26
88,41
16,24
18,38
56,27
83,8
39,38
101,44
114,74
19,95
103,4
60,19
26,9
43,47
63,12
54,5
68,35
35,32
61,51
50,35
110,10
17,12
35,41
36,8
37,22
54,32
52,127
22,8
80,30
23,9
40,35
58,47
38,12
172,7
80,25
75,142
114,9
24,32
36,4
89,6
64,71
93,66
40,14
70,12
94,26
21,39
43,13
132,69
67,74
17,76
26,75
41,30
32,52
31,65
116,44
43,17
111,19
56,11
14,21
65,6
36,9
76,12
65,47
43,138
29,39
114,35
94,58
57,23
156,3
36,80
23,7
102,15
189,82
23,17
66,66
27,47
31,56
107,18
123,27
41,29
135,11
32,16
165,38
61,20
96,7
28,20
17,51
54,22
109,116
44,77
19,63
40,55
96,31
42,121
15,25
28,81
36,57
61,12
84,2
16,69
53,52
99,56
59,3
103,29
94,49
61,55
85,8
112,25
73,20
17,8
54,9
37,117
36,39
28,13
40,18
80,29
52,70
158,31
29,4
91,47
71,6
34,20
20,5
35,29
39,19
37,23
56,49
100,28
34,144
170,12
100,15
24,9
63,48
63,53
36,56
32,13
143,14
188,9
23,19
59,82
93,34
38,6
171,13
49,23
28,9
29,10
86,7
17,22
83,27
25,53
26,89
48,16
22,20
45,17
74,51
156,23
23,66
47,44
56,19
51,28
59,19
48,52
74,24
105,12
247,4
45,63
29,13
57,13
51,96
18,25
47,43
61,43
82,38
52,5
29,8
27,5
153,214
28,19
43,150
17,14
36,34
29,26
81,35
22,89
20,21
41,9
93,11
30,30
33,21
16,9
51,8
16,37
47,11
49,26
57,7
36,23
181,79
81,68
57,117
299,39
62,16
51,7
226,8
14,20
43,37
32,71
41,55
40,12
30,6
116,29
58,53
48,31
25,35
80,39
42,12
29,74
18,12
26,26
46,54
17,31
23,29
34,40
33,11
22,22
25,27
110,52
22,15
44,30
30,53
31,13
29,13
38,11
271,12
54,36
49,52
29,14
68,50
29,78
142,5
51,15
148,18
99,20
49,121
72,96
97,18
23,47
96,25
88,88
26,165
34,40
19,20
129,15
59,6
21,8
64,7
51,51
26,37
18,9
47,103
53,20
18,5
53,17
25,160
61,10
42,37
105,22
19,76
52,7
94,116
102,8
245,8
46,121
45,14
16,5
139,76
26,44
16,53
19,22
26,52
17,52
32,61
19,38
65,12
125,4
53,26
25,13
140,75
62,156
23,17
98,63
218,3
37,57
46,69
30,65
63,120
96,6
39,133
23,5
16,41
41,57
26,28
137,8
61,11
40,216
77,91
135,45
43,7
35,77
139,8
27,2
88,67
18,34
28,13
164,19
34,28
37,54
144,28
64,40
29,28
92,31
105,22
119,96
132,14
69,99
62,5
72,45
162,3
41,68
21,19
35,32
120,31
178,82
45,53
106,8
30,75
87,154
15,13
31,66
38,36
105,25
60,192
15,23
100,137
24,78
59,101
147,3
75,42
71,45
71,29
43,41
72,21
169,26
37,7
58,58
24,88
40,45
33,134
103,14
31,19
52,29
35,14
43,30
29,18
127,157
25,28
35,46
32,24
85,24
61,15
26,11
88,29
161,17
59,39
18,66
45,6
51,24
35,3
19,26
19,9
34,36
297,129
28,8
55,50
21,62
22,6
31,3
159,120
143,59
29,31
42,96
35,13
61,5
72,31
17,36
100,19
110,24
134,19
74,27
48,9
22,8
43,30
31,20
70,130
49,39
215,16
67,169
43,89
96,75
27,29
18,44
140,2
81,60
64,8
87,39
206,64
31,12
103,56
81,191
229,33
78,76
34,24
26,20
126,34
76,38
21,5
148,32
104,35
16,12
38,26
192,118
19,54
27,68
21,3
38,25
29,69
54,66
20,105
20,30
58,4
48,6
41,25
30,56
146,41
116,6
35,156
99,3
104,6
17,84
68,167
135,17
85,50
136,101
28,57
32,30
67,20
33,39
57,31
179,110
61,2
75,79
18,10
129,4
68,58
36,52
108,39
17,24
17,19
14,24
39,48
52,10
43,20
83,17
26,46
143,11
84,8
39,73
32,37
110,18
112,19
114,153
78,25
16,104
70,20
36,16
75,7
142,29
59,10
30,4
23,50
49,21
77,27
105,5
27,31
39,30
20,30
47,16
90,9
58,67
38,45
148,3
17,39
81,9
20,84
40,35
46,8
105,106
50,19
22,13
36,185
36,3
39,25
202,24
268,9
32,13
32,6
18,62
99,5
122,82
69,113
31,109
44,40
40,105
123,60
266,46
38,25
66,152
100,34
125,3
80,43
162,179
74,3
127,46
44,61
28,12
122,24
39,31
120,8
85,10
234,53
46,60
24,22
31,27
32,93
32,128
31,13
42,8
53,22
47,24
108,7
162,3
142,23
24,79
43,55
49,31
54,18
58,17
27,18
55,36
21,39
45,24
57,55
78,16
106,24
22,52
23,28
45,3
41,70
96,23
41,67
70,13
99,38
77,23
33,124
62,29
49,31
36,20
18,33
100,5
22,5
66,10
45,123
139,120
37,45
23,52
87,11
38,18
51,15
247,8
20,50
50,94
102,69
90,38
57,4
38,43
18,34
98,40
75,121
22,4
140,27
109,42
96,42
132,4
216,23
24,60
33,17
22,78
26,37
193,17
28,100
29,6
44,26
20,177
33,16
106,96
102,2
108,101
73,25
16,35
18,33
32,31
159,57
20,10
44,9
94,41
21,4
30,19
63,27
62,42
30,3
55,74
21,2
16,100
38,8
108,7
122,57
38,24
23,47
19,104
30,49
92,65
185,19
47,15
22,29
131,31
35,22
62,36
31,34
89,22
103,40
99,37
28,6
82,52
56,4
86,59
33,30
129,112
62,10
34,27
101,31
44,21
115,38
44,24
77,8
95,16
15,8
33,27
144,26
18,7
75,22
85,23
75,21
24,44
18,25
64,104
45,31
15,76
16,139
34,27
142,12
14,46
42,27
33,7
40,35
149,35
27,16
17,72
21,11
41,36
118,10
37,41
38,19
109,12
106,23
100,8
45,4
133,30
173,145
17,27
44,13
32,13
69,26
50,76
112,64
31,65
15,27
22,20
254,75
88,7
31,10
19,126
117,76
42,27
50,9
64,2
84,49
54,37
105,25
31,74
143,30
41,11
34,9
86,97
33,56
45,3
18,13
60,31
30,33
48,70
29,83
29,14
37,11
46,50
60,23
130,15
31,80
131,10
58,29
105,25
70,68
26,36
69,49
71,15
55,38
36,22
40,105
131,14
195,6
33,2
23,10
29,3
46,6
50,18
33,79
38,10
39,3
23,16
21,13
60,39
23,26
76,11
79,66
107,59
46,6
150,22
46,88
19,62
69,66
95,58
159,44
38,22
81,151
222,48
35,21
86,157
74,17
24,9
139,39
155,17
22,16
44,105
33,83
73,35
17,5
32,32
36,11
57,29
58,141
89,76
60,45
56,93
159,128
36,27
86,15
48,5
84,11
61,8
60,46
64,113
40,41
27,118
141,87
30,38
81,51
130,14
27,9
69,94
19,62
45,55
61,32
48,9
23,14
66,166
170,36
16,44
24,36
94,23
41,60
66,33
33,3
25,31
178,9
40,3
192,4
20,8
67,23
30,91
71,32
152,5
27,68
121,86
26,41
16,13
74,22
86,15
33,37
22,8
90,63
34,3
45,68
27,14
43,12
52,7
27,51
47,18
99,47
16,18
175,48
19,74
26,72
51,28
125,43
160,37
48,18
35,15
20,28
78,13
75,36
28,40
66,25
15,55
20,20
27,14
18,17
145,22
201,27
39,14
37,221
39,14
17,85
36,3
15,36
62,41
40,61
57,15
20,33
81,21
31,16
51,19
30,39
26,24
20,8
41,71
124,5
38,16
70,42
22,20
20,3
107,42
53,12
33,55
17,6
40,59
108,123
26,21
24,48
62,80
67,97
34,22
31,7
135,116
91,37
21,16
81,9
16,59
18,29
46,38
29,22
81,24
135,26
30,32
102,41
35,44
117,10
44,7
105,6
35,21
14,28
165,19
34,17
26,17
40,6
42,36
34,48
61,3
19,17
21,22
47,12
23,23
46,34
122,50
42,102
47,24
19,3
48,14
113,57
17,53
73,32
91,25
41,14
55,11
147,6
176,21
32,96
16,27
18,10
64,15
15,23
16,17
68,50
56,3
88,72
60,99
26,104
29,87
15,40
40,12
51,7
47,12
177,51
63,39
44,12
29,35
98,44
68,11
92,45
57,10
121,17
24,16
56,7
52,39
17,117
95,14
50,37
61,17
136,109
37,30
79,41
47,174
35,59
32,13
20,24
34,49
28,44
22,60
55,101
25,104
16,45
93,32
20,36
67,76
15,27
219,44
21,18
36,81
102,6
104,3
51,107
61,31
19,9
41,88
15,11
29,12
135,4
16,220
86,37
106,13
49,47
59,18
36,207
123,26
17,31
54,111
148,11
73,7
29,8
17,8
37,33
47,137
176,25
40,15
47,14
62,13
25,12
23,23
63,54
48,26
208,26
21,63
41,19
46,63
56,94
43,14
79,41
44,80
32,19
38,5
31,76
22,3
49,56
18,144
254,51
16,9
119,14
138,18
40,160
81,46
49,23
125,12
123,13
20,92
38,9
132,9
42,49
28,5
178,175
48,17
143,47
50,58
244,105
44,19
110,46
152,27
28,156
129,82
20,17
41,91
44,29
65,21
55,87
38,119
102,87
27,68
103,64
22,80
32,29
54,147
55,81
56,34
51,15
50,6
46,86
158,12
146,45
93,23
89,37
71,4
30,69
15,9
114,80
45,8
22,110
67,39
179,3
88,21
61,26
15,9
23,44
16,37
30,64
46,75
60,10
111,43
50,15
80,125
24,49
65,61
25,11
181,12
102,37
116,7
188,7
20,31
53,6
64,15
65,27
62,6
59,85
45,99
51,10
35,24
245,3
100,74
17,82
28,15
60,28
63,13
82,97
43,10
91,20
20,48
24,23
24,11
32,13
62,20
94,4
59,30
88,69
33,76
65,68
32,4
44,5
87,34
27,54
126,53
32,19
93,17
49,153
44,63
26,19
58,14
56,29
76,34
19,60
98,9
126,28
46,83
88,41
54,43
30,27
52,53
62,23
145,44
55,46
22,20
117,22
19,23
60,10
54,61
213,35
30,29
51,184
54,39
252,7
24,23
47,38
149,20
101,13
20,42
43,23
64,18
14,174
55,13
16,5
153,125
69,53
78,64
216,37
23,10
74,11
34,14
25,8
41,8
47,35
52,18
169,38
23,86
44,56
132,157
16,42
112,7
58,4
17,93
122,22
151,28
34,27
17,38
43,16
39,12
24,12
35,35
17,3
126,34
68,88
17,4
53,109
166,14
37,21
38,31
31,88
68,34
64,21
49,41
152,34
41,7
19,24
65,21
41,4
67,5
33,21
44,179
79,45
66,5
37,80
109,62
118,4
36,37
106,35
149,10
31,28
37,2
25,64
80,20
82,26
26,4
35,8
59,2
26,39
17,3
40,66
17,80
95,40
15,19
101,48
90,37
72,50
25,20
78,24
72,47
28,55
38,35
65,15
44,34
31,6
57,7
148,26
121,27
74,58
122,21
25,2
92,4
32,3
36,50
81,19
32,44
31,16
53,14
80,29
29,10
19,164
39,102
86,34
179,23
54,11
33,26
75,37
73,69
21,58
67,9
131,9
60,24
69,94
74,20
63,29
64,28
102,27
51,11
45,15
20,35
218,66
76,14
161,28
25,4
58,17
30,29
75,85
64,75
166,14
32,128
60,36
34,37
125,3
50,56
27,45
69,14
33,112
41,21
72,45
45,85
68,23
83,24
22,5
97,20
28,40
32,8
71,100
181,67
91,24
105,42
27,77
42,40
111,91
22,9
24,11
48,78
24,38
17,72
41,25
18,164
46,91
56,176
14,147
15,75
103,19
48,34
81,112
36,6
275,5
93,14
27,97
47,34
18,12
50,96
53,52
52,57
20,8
18,34
19,13
37,20
118,65
25,144
73,61
36,16
35,69
28,50
60,24
22,67
81,12
27,89
16,10
29,81
74,117
69,34
52,6
128,9
63,6
40,88
47,11
33,11
82,137
40,57
36,27
18,11
19,20
32,61
68,55
39,21
58,8
94,16
16,119
44,15
17,9
34,65
57,63
17,22
75,8
178,10
55,32
45,100
128,41
96,31
73,119
50,10
50,27
125,82
99,13
100,22
25,57
19,30
37,2
18,66
31,12
137,58
155,123
30,91
20,18
165,12
24,24
117,19
69,5
67,98
43,30
48,7
144,64
14,52
55,29
82,24
54,61
14,134
29,91
125,20
33,101
51,43
77,77
95,12
33,24
101,48
45,22
98,2
67,60
68,21
22,16
29,33
41,42
29,4
93,63
157,70
134,85
42,73
57,101
64,12
94,52
18,9
25,66
74,19
40,8
16,56
69,100
35,5
50,22
66,4
25,80
64,17
76,89
162,4
15,23
18,57
66,12
40,53
29,20
35,113
45,7
48,79
126,70
46,75
86,86
31,105
32,45
95,10
37,106
36,23
35,37
169,31
78,20
48,9
26,60
38,42
53,24
28,40
46,11
96,18
76,51
41,16
39,44
73,15
106,31
35,29
36,54
16,13
93,17
24,61
23,45
77,41
227,15
38,9
34,18
15,10
20,37
18,58
87,19
38,54
62,32
118,63
82,51
85,58
18,124
20,3
60,31
88,11
58,22
103,36
75,112
65,78
93,53
51,3
114,78
100,4
80,34
30,80
88,24
35,41
88,23
58,56
24,24
31,20
41,5
188,4
39,15
17,56
62,5
120,12
32,4
71,21
42,15
36,3
76,40
46,46
41,47
53,29
35,75
96,7
124,67
76,65
21,23
51,46
47,24
196,2
17,69
115,57
32,109
26,90
68,30
59,126
43,20
28,33
30,33
16,22
16,10
24,37
117,39
85,4
43,31
85,28
61,21
17,7
74,68
38,49
52,52
186,31
34,48
31,5
35,7
52,63
68,46
24,179
39,108
114,6
18,19
38,13
53,166
26,7
128,23
16,7
31,26
100,39
137,43
180,51
40,27
81,33
24,6
68,3
15,40
34,49
38,79
44,133
106,12
23,18
109,5
75,6
67,16
24,77
49,34
121,15
44,121
21,35
113,12
93,23
54,18
119,27
28,125
106,29
55,34
103,113
14,36
133,75
58,28
42,8
19,20
62,28
90,26
20,15
19,20
275,63
47,46
19,36
44,26
61,37
35,82
70,16
56,72
80,9
47,102
79,11
76,11
81,90
18,33
32,27
29,136
16,11
119,21
18,27
144,39
186,54
32,11
86,88
112,26
99,27
39,10
115,21
40,56
105,72
37,72
39,88
83,24
29,51
69,120
15,123
220,15
65,48
59,8
24,81
103,69
25,94
111,41
61,86
28,74
141,78
69,85
147,26
23,110
20,10
56,108
78,112
50,44
54,6
33,48
79,79
179,15
98,94
25,11
223,22
109,5
107,23
62,17
14,2
42,27
55,27
50,47
145,40
21,47
22,2
221,102
50,65
74,13
59,44
100,64
65,51
90,9
57,12
36,16
74,90
75,17
50,2
73,13
49,3
52,4
25,8
46,152
28,12
18,8
22,7
132,5
38,96
33,31
58,9
123,57
54,21
72,62
43,10
73,49
66,53
80,39
78,19
35,59
17,9
108,9
123,25
40,56
25,42
40,20
45,29
79,14
65,37
34,15
52,38
75,18
32,5
91,22
64,4
206,2
55,12
25,15
39,60
28,87
92,37
49,9
104,32
35,7
53,7
105,74
96,32
20,13
97,103
126,9
74,14
18,17
158,18
117,53
121,17
65,21
38,45
41,4
46,16
92,9
20,24
46,80
67,22
19,142
19,5
42,38
41,41
57,29
71,6
17,47
15,15
29,42
17,35
47,54
24,8
152,12
114,10
24,20
60,122
20,101
76,26
16,6
117,96
91,2
27,99
34,10
110,6
42,51
70,3
45,13
245,17
54,7
65,23
112,77
85,24
56,46
68,61
16,12
31,91
125,42
135,17
23,46
81,96
63,58
30,6
133,23
95,9
41,9
34,104
51,34
102,3
198,22
50,36
28,67
75,34
19,14
17,17
24,18
30,104
66,67
56,34
54,18
15,131
121,38
80,72
55,23
99,22
22,76
15,2
69,115
15,38
61,10
51,20
51,22
107,107
108,68
141,9
151,49
65,28
170,3
63,75
33,22
23,57
83,8
41,23
16,5
16,20
117,21
84,72
14,24
21,43
146,46
66,5
14,24
82,5
17,11
40,24
39,38
147,35
48,13
34,15
52,30
39,4
62,29
33,8
58,39
26,50
135,4
49,92
22,5
33,18
22,63
21,18
34,64
31,56
29,89
25,83
17,42
71,8
40,29
17,66
59,7
63,10
32,78
39,56
44,6
105,5
95,18
26,119
64,49
15,46
32,41
107,28
21,25
118,6
18,54
122,10
59,83
131,15
49,116
27,32
58,11
25,16
75,4
157,12
77,20
155,32
32,25
89,52
69,34
64,55
72,44
28,3
51,17
16,19
107,24
57,8
16,119
44,13
27,12
73,41
60,24
26,8
59,14
95,10
87,15
145,9
46,44
15,44
49,14
58,33
19,7
31,18
51,17
21,32
121,22
49,31
33,33
26,66
91,4
30,44
67,38
126,9
71,29
22,4
103,29
39,4
92,38
21,80
114,25
60,8
56,34
73,39
54,4
46,38
17,51
18,163
15,18
42,125
22,68
51,23
25,44
54,10
107,89
262,6
57,4
25,16
66,158
20,43
19,60
39,70
18,16
105,13
17,62
68,9
73,69
61,104
176,13
52,19
25,31
70,43
56,18
39,17
25,46
46,56
197,22
123,65
166,5
15,30
269,29
58,110
14,6
18,11
24,2
20,73
175,93
156,41
26,23
68,35
118,9
50,41
37,148
62,10
32,16
39,42
57,43
44,33
120,9
31,21
121,39
33,45
37,98
99,4
62,91
83,39
150,54
129,7
107,78
122,16
30,69
15,23
41,12
24,25
151,84
35,48
165,147
53,167
71,26
61,100
20,25
73,7
29,7
33,102
92,8
32,3
113,50
190,20
48,18
46,28
22,4
101,66
59,22
44,23
38,9
190,8
79,18
18,67
123,15
19,23
81,26
58,28
26,4
26,45
50,104
188,45
180,105
55,150
33,16
86,33
17,15
21,55
60,62
107,16
33,8
80,54
35,2
19,3
93,17
69,42
71,13
76,69
32,16
19,96
90,31
74,42
148,49
124,24
38,98
48,11
39,21
109,9
86,3
110,17
74,11
65,12
19,20
53,7
184,65
123,142
16,43
36,97
77,110
44,21
119,12
61,28
134,15
158,13
44,17
103,11
74,35
44,12
45,68
98,70
75,5
149,5
84,78
135,7
43,78
110,17
31,40
23,12
16,6
50,47
46,9
18,83
58,42
43,23
32,54
103,55
138,6
81,31
39,53
15,41
95,15
38,12
96,20
44,21
19,145
100,29
136,149
51,16
111,44
73,10
16,39
22,38
54,65
36,3
32,25
44,16
171,48
58,138
76,23
34,144
62,21
19,27
30,40
18,29
67,28
41,135
175,5
27,61
34,7
119,38
147,71
41,40
171,29
181,8
36,131
27,18
191,9
50,45
38,183
47,24
20,21
222,37
18,4
81,14
23,67
49,31
33,11
16,21
56,172
26,56
40,19
139,77
120,13
22,14
241,85
67,8
111,11
32,48
30,17
22,3
67,19
14,3
34,72
75,15
44,80
194,74
24,9
75,76
36,13
50,48
194,43
169,61
35,128
19,69
19,35
85,41
20,56
22,20
65,19
25,54
44,36
159,56
18,24
45,7
24,140
94,9
84,3
18,2
100,83
38,144
49,28
93,44
17,28
48,17
98,70
248,14
302,24
66,26
90,26
57,58
37,37
31,14
28,94
59,9
114,58
38,39
42,11
23,16
25,107
25,30
23,12
89,35
35,56
50,54
172,54
82,152
22,138
31,15
65,16
93,80
18,13
17,35
20,103
21,17
55,2
149,34
22,41
142,60
89,4
124,106
18,36
30,49
18,7
39,35
22,57
17,45
19,13
49,64
30,12
33,9
102,64
116,42
45,69
192,13
90,18
37,9
23,83
135,53
133,8
71,24
18,8
41,67
213,11
57,7
110,26
47,16
15,5
59,11
40,16
57,39
22,103
70,9
41,5
69,36
73,43
62,55
42,36
23,4
94,8
44,7
18,12
145,81
16,17
132,27
15,15
77,41
34,122
122,73
123,41
173,2
134,5
49,30
98,2
71,6
25,11
36,22
54,45
28,14
45,7
154,6
131,93
58,7
36,9
23,29
46,19
188,9
52,68
32,32
15,59
60,7
69,29
30,16
80,57
59,33
89,34
20,8
40,31
15,8
75,12
176,33
16,17
117,47
24,11
172,4
15,26
58,4
38,36
72,95
16,5
108,14
283,20
49,18
56,68
124,93
56,65
37,54
118,42
122,6
33,46
214,11
81,11
77,26
89,65
71,179
145,99
113,22
35,3
44,118
125,23
23,76
65,23
57,52
34,27
22,67
197,45
55,3
46,40
54,78
24,19
55,11
127,21
21,4
41,3
23,12
59,54
25,61
48,7
22,56
117,32
26,18
52,33
69,44
159,38
54,12
106,24
36,173
118,34
95,40
69,137
43,20
65,14
52,117
30,140
44,35
77,91
44,37
162,53
59,58
58,39
26,19
49,36
122,32
20,33
113,79
162,5
33,31
103,23
41,66
23,193
20,10
160,19
29,32
19,35
26,12
58,17
30,19
114,8
31,46
29,49
82,41
92,12
27,21
21,32
14,14
149,116
30,11
36,25
31,93
65,11
34,99
17,5
71,3
88,30
60,4
26,106
15,38
37,28
24,19
189,34
25,3
56,27
17,57
76,6
176,50
77,40
19,5
153,14
23,79
32,18
41,51
28,14
70,65
21,46
36,4
152,67
106,55
56,7
52,13
37,19
52,20
93,2
20,9
40,20
73,15
24,4
57,20
31,25
46,22
47,12
70,2
153,9
119,17
33,65
133,31
44,32
30,7
54,33
263,11
171,37
55,16
43,29
67,60
132,38
60,60
43,10
22,26
51,61
15,4
60,3
24,38
61,73
45,121
55,65
48,12
54,22
57,27
66,157
43,29
51,77
23,68
74,12
27,14
37,14
164,27
30,85
69,148
86,2
78,58
209,18
123,28
76,25
92,40
19,21
79,21
159,33
166,35
44,117
158,26
56,36
164,119
179,5
32,65
102,5
128,10
27,23
58,19
146,8
97,104
41,22
15,4
47,24
93,61
33,2
77,38
30,46
113,33
90,14
77,6
61,3
23,76
67,43
40,83
46,42
37,24
88,98
23,3
31,98
22,20
29,113
43,29
32,11
33,7
86,27
43,4
34,50
26,52
32,7
14,108
103,10
26,139
44,106
127,22
69,51
24,54
33,20
18,3
20,74
43,15
128,58
97,32
85,62
49,57
69,38
19,22
51,5
69,72
68,121
37,78
49,28
14,27
29,66
83,37
114,62
23,23
121,14
34,12
119,17
18,66
50,99
17,83
43,15
101,14
100,23
15,81
128,23
17,4
21,14
25,14
28,31
31,17
33,26
24,52
71,15
15,3
53,45
31,19
84,16
163,16
17,21
22,46
59,9
19,18
83,56
17,34
121,21
15,54
68,15
61,38
76,57
43,70
69,87
18,26
143,2
159,29
64,197
33,18
41,64
91,13
95,40
29,25
20,39
22,3
94,11
65,3
23,21
15,41
26,49
260,19
51,13
36,47
58,35
76,11
223,60
29,28
149,17
33,14
123,3
65,6
90,36
214,15
16,50
138,23
193,19
31,65
44,54
98,178
95,37
15,11
79,28
37,10
17,25
18,4
14,6
48,3
30,53
61,21
74,4
22,72
77,12
21,8
78,12
18,27
62,67
35,21
30,88
54,16
90,15
17,61
78,74
48,12
68,24
76,4
44,109
15,48
17,34
75,44
62,15
92,4
95,17
47,24
81,3
157,8
55,24
24,52
46,13
65,4
27,25
65,29
26,3
28,34
125,84
31,14
57,107
97,15
17,34
88,17
38,149
33,17
16,65
87,61
84,77
20,27
18,44
29,25
95,67
19,47
37,17
80,30
45,9
50,42
46,5
142,157
100,89
46,28
101,23
79,26
48,13
17,60
77,22
22,172
72,28
122,24
108,8
18,23
37,11
23,34
41,38
181,31
113,142
85,26
14,24
25,12
24,6
32,5
23,101
59,55
20,13
71,18
50,67
80,16
40,19
51,93
33,2
18,63
39,30
149,22
47,24
23,19
65,46
55,10
91,15
45,52
55,6
125,136
32,73
68,19
68,51
97,40
82,62
40,16
54,134
92,66
51,28
30,59
34,4
75,20
25,51
227,27
56,12
66,14
118,10
42,8
23,12
160,16
33,60
170,9
63,35
56,7
42,32
70,18
91,52
24,69
87,6
59,5
45,34
61,222
46,31
19,20
20,7
72,25
20,42
59,136
22,3
86,9
23,67
42,218
20,126
74,21
103,13
15,4
19,41
60,45
54,30
20,56
27,17
123,73
21,56
58,47
17,3
150,45
94,3
66,6
52,2
49,39
79,4
26,4
23,18
76,4
44,37
58,4
220,110
24,7
17,30
64,6
19,6
19,31
45,5
210,107
106,9
27,19
40,12
24,18
21,13
121,171
23,22
38,14
137,34
28,93
76,45
39,21
142,42
26,75
43,18
23,57
28,116
71,52
161,183
33,2
74,32
26,29
59,40
104,40
65,38
40,22
83,21
23,11
78,19
121,8
28,9
22,41
19,71
38,5
41,7
21,126
86,30
63,23
22,46
145,9
105,4
20,43
37,15
34,28
92,18
47,6
26,11
14,24
20,91
54,3
39,138
203,25
49,163
17,10
125,18
72,74
22,50
41,3
31,14
15,41
199,40
18,36
51,37
50,12
15,16
157,37
52,32
102,10
53,30
23,37
309,13
86,22
139,83
100,11
60,7
15,7
33,59
123,10
52,93
85,22
15,49
171,124
16,36
16,63
14,19
88,96
31,14
93,46
25,23
21,46
21,7
162,17
17,12
46,38
32,12
17,14
17,3
24,13
43,97
22,172
132,7
22,24
15,5
33,30
38,29
70,45
14,14
20,16
213,15
211,135
41,14
17,2
50,20
90,20
102,5
144,49
112,3
55,11
122,33
30,12
23,69
69,24
38,41
74,101
45,28
16,82
88,25
94,26
19,27
199,6
109,38
27,10
70,196
80,10
145,83
16,22
74,94
82,27
47,12
33,17
17,44
166,42
22,40
35,114
52,91
54,34
17,11
58,50
24,54
30,40
30,43
31,32
48,12
31,82
44,47
49,78
20,11
30,3
66,68
42,58
63,48
14,34
39,77
65,192
31,6
98,61
76,12
15,23
90,160
112,6
18,23
41,7
82,22
18,5
26,45
30,18
16,17
31,17
24,12
120,44
71,97
98,53
64,39
58,70
82,23
33,46
77,8
17,32
138,3
26,20
26,11
84,111
33,15
17,34
26,25
41,40
44,6
40,64
98,104
32,91
44,93
112,166
115,18
47,85
106,147
68,13
174,3
35,56
83,30
29,44
21,12
83,6
40,7
132,4
84,32
18,76
46,8
22,13
208,15
109,63
96,91
73,65
56,14
16,6
64,8
42,77
38,27
213,5
260,19
55,34
35,18
16,73
51,81
60,18
96,35
83,134
211,56
39,42
35,15
45,104
275,43
36,54
131,20
17,122
75,52
32,22
38,58
176,4
27,41
46,65
15,119
101,53
90,39
84,17
91,3
45,11
31,9
48,72
15,4
103,23
54,20
47,45
28,108
272,31
42,15
26,23
100,10
119,19
37,14
31,46
48,52
26,47
34,69
46,15
25,38
16,3
116,11
51,23
133,142
32,4
32,23
32,13
201,21
53,53
76,93
30,43
46,17
165,30
119,5
33,144
51,77
110,5
51,11
143,78
80,7
56,51
154,22
22,29
38,79
23,93
94,91
143,164
135,131
64,23
18,21
49,17
120,4
16,4
94,24
79,48
56,48
44,15
31,112
174,38
50,75
60,56
17,11
87,42
24,41
204,26
77,18
66,54
113,11
53,101
25,9
30,26
21,57
16,36
21,27
41,34
57,11
52,24
15,2
20,53
51,102
26,6
30,61
17,12
28,13
33,54
19,125
19,2
22,6
21,29
18,19
211,27
61,16
183,43
15,17
21,8
127,34
23,50
86,33
147,4
63,160
265,53
27,34
45,24
173,91
56,30
223,13
27,73
63,70
58,18
53,19
42,82
47,47
64,16
23,66
68,23
82,80
83,17
104,33
58,34
59,22
131,2
53,21
80,87
20,88
39,102
54,152
36,22
47,50
49,38
56,15
79,8
90,10
67,27
44,13
74,84
97,27
45,5
17,2
28,3
82,33
23,52
126,16
76,42
34,42
135,29
25,51
72,14
134,62
29,13
110,17
84,71
82,21
97,29
22,14
134,46
98,63
29,60
86,80
66,38
97,45
58,13
31,124
175,74
126,4
29,6
72,36
48,4
19,8
19,12
51,48
239,20
125,57
103,32
37,176
31,24
65,32
63,42
22,25
16,40
42,50
106,42
128,64
27,84
40,22
168,80
48,10
16,23
43,30
82,7
21,43
124,71
74,16
37,13
145,114
30,3
46,17
22,51
42,79
57,130
42,5
26,6
78,43
89,63
136,12
17,87
128,14
26,23
48,64
33,70
111,30
36,34
66,60
169,34
32,11
14,96
14,30
50,57
31,146
36,11
86,138
78,47
77,8
14,27
156,9
14,7
49,217
142,8
46,4
25,71
144,31
20,92
165,8
49,29
69,60
78,33
18,5
35,61
48,15
96,42
33,15
77,19
60,39
42,96
38,16
15,134
74,101
115,18
29,28
121,61
67,16
15,14
20,60
18,165
65,31
29,172
111,122
62,23
20,50
21,24
48,15
139,13
36,81
20,177
85,129
86,9
63,27
176,48
32,116
21,90
52,143
69,20
110,10
39,71
27,26
16,64
20,9
21,97
45,21
69,73
32,28
36,84
25,11
31,93
20,2
194,105
16,8
27,16
18,58
29,20
73,22
18,18
62,8
25,13
18,36
137,20
42,36
41,5
65,11
75,51
19,13
18,12
140,16
76,4
36,8
18,9
26,13
17,22
63,19
83,40
23,23
33,84
104,64
28,42
72,23
27,71
21,24
23,27
21,77
100,80
136,34
70,72
65,6
20,17
39,44
27,32
133,76
34,48
128,64
34,6
73,17
39,20
176,130
15,52
83,72
63,46
44,6
100,6
24,79
36,20
54,29
18,68
73,13
80,30
112,7
31,48
126,17
158,140
42,43
55,17
43,90
14,13
75,19
28,39
62,9
18,39
36,3
130,41
14,88
44,48
151,63
29,72
85,6
40,44
91,4
44,19
72,6
55,31
27,52
26,22
123,60
43,3
125,16
55,15
55,57
73,29
67,7
16,53
27,27
28,10
19,208
82,34
213,6
29,57
35,2
58,4
42,24
46,3
125,72
101,13
95,39
136,70
69,14
22,222
24,6
81,19
22,32
49,18
18,8
52,145
15,16
60,39
36,69
130,26
152,6
57,42
202,14
45,21
103,121
40,3
53,11
25,70
33,19
25,33
38,33
223,7
42,48
24,31
21,67
27,39
142,11
51,20
24,110
73,22
55,57
43,2
97,4
138,4
30,14
33,94
31,33
29,50
53,14
37,130
187,52
65,33
33,20
51,10
56,36
100,44
25,5
17,14
136,17
47,60
66,204
23,44
54,33
44,5
65,74
109,11
92,30
75,30
98,10
47,57
65,46
24,5
149,6
14,9
36,13
28,46
70,6
100,7
121,14
20,29
37,24
30,19
18,130
52,18
37,72
18,2
23,8
29,12
39,15
45,40
59,116
52,25
55,82
114,28
136,6
24,14
17,8
14,8
44,2
82,58
38,36
14,36
40,33
40,62
68,89
26,56
68,35
24,84
53,5
61,4
107,14
78,7
22,28
102,45
29,5
69,69
29,5
50,59
161,103
107,47
21,8
30,31
94,60
111,99
40,4
33,3
64,47
248,57
49,72
58,112
36,23
107,19
91,29
64,55
99,41
41,21
29,47
227,8
84,105
25,12
29,83
99,16
27,4
95,30
98,37
16,11
49,26
20,65
18,28
23,43
265,70
28,105
83,48
22,5
41,37
35,39
18,15
28,23
178,8
29,3
103,43
150,34
26,77
123,18
124,120
209,39
30,58
177,26
105,5
70,108
29,42
27,5
72,29
28,29
23,10
30,104
24,58
45,3
82,16
26,7
51,185
58,48
19,16
44,68
27,24
28,2
145,6
86,56
95,16
56,36
20,87
67,8
89,6
24,174
183,38
28,127
20,42
62,20
52,32
28,53
60,57
26,45
77,79
39,38
18,19
82,2
29,14
204,92
70,93
57,21
65,143
150,210
100,93
80,82
60,37
60,47
72,76
63,74
35,161
34,29
150,4
34,5
24,10
30,11
15,23
66,82
49,6
18,32
17,29
22,55
48,47
59,17
100,13
16,3
54,60
70,46
17,67
79,44
63,154
258,81
21,26
110,11
20,95
144,93
21,44
20,11
27,34
32,37
64,52
46,41
57,95
16,13
80,7
17,9
49,23
27,23
75,60
45,12
20,5
25,63
24,149
122,42
53,72
48,59
15,49
29,86
32,24
15,2
31,167
44,10
70,15
58,4
79,46
40,14
18,39
19,41
55,48
112,9
38,61
29,24
57,17
18,55
127,6
167,40
131,40
71,70
39,13
126,39
55,2
138,16
46,78
53,84
141,60
141,16
48,16
45,10
35,43
36,34
22,2
96,30
65,33
25,24
28,30
84,84
69,14
104,54
220,28
24,28
22,38
15,127
134,72
173,3
34,20
24,33
102,100
98,29
40,4
91,24
145,25
21,142
41,50
60,70
78,36
58,3
76,29
35,3
26,51
89,83
91,28
16,77
44,39
49,55
28,39
53,32
40,8
62,6
95,3
130,71
16,35
108,23
53,5
62,6
15,3
132,62
88,60
96,82
19,20
120,73
55,8
15,67
51,72
45,59
15,6
31,8
31,24
79,29
26,36
17,46
15,19
52,30
63,41
40,15
107,43
64,20
15,27
34,13
17,12
142,37
44,30
87,30
29,19
191,26
90,35
110,11
173,40
44,24
132,56
19,5
81,6
53,26
30,19
54,17
32,81
126,5
14,113
14,25
70,13
172,25
54,26
28,7
130,56
140,61
40,40
104,7
67,22
21,73
110,6
33,19
70,34
41,78
68,19
130,3
18,43
200,55
56,66
100,74
153,34
23,49
53,5
48,19
52,62
23,96
19,50
50,29
22,63
122,28
129,5
83,8
127,40
20,148
67,22
21,93
15,13
159,10
50,37
135,25
16,2
52,114
17,23
162,185
63,4
39,37
111,8
40,31
188,15
36,60
50,31
55,103
82,43
19,25
270,88
35,9
24,51
29,7
21,39
15,16
38,18
75,62
127,66
37,33
34,124
47,21
24,78
48,32
95,2
43,56
104,45
26,13
23,10
92,12
54,51
17,41
28,18
42,70
103,28
42,17
80,2
103,22
20,12
81,10
75,144
32,38
98,26
16,6
57,25
43,102
51,28
54,15
23,5
272,37
124,119
105,3
133,42
25,5
26,22
20,53
26,37
26,24
18,47
17,42
189,36
31,5
60,37
29,39
186,24
80,30
32,5
28,42
178,35
274,41
74,78
40,123
17,38
34,22
17,16
65,3
16,2
22,10
31,22
40,80
51,73
23,12
18,71
62,42
15,57
22,16
15,70
25,136
17,12
41,116
16,16
18,15
25,57
26,3
25,29
81,13
170,22
59,98
17,64
50,27
30,61
34,107
87,80
263,51
37,67
93,11
17,56
30,65
33,18
23,20
95,5
17,35
105,3
35,8
16,52
176,12
107,51
61,14
107,19
87,18
68,83
94,41
51,14
90,53
29,32
111,72
33,60
48,87
18,15
119,5
88,3
18,91
72,7
33,9
80,6
50,147
29,9
198,24
211,13
42,35
55,52
36,13
62,5
62,10
122,34
43,45
63,4
104,54
19,13
51,66
49,11
70,17
52,23
25,70
61,3
29,5
78,108
31,31
23,8
22,19
69,29
30,5
48,28
25,50
19,23
124,27
71,40
99,11
32,57
35,41
68,33
43,66
100,40
93,6
216,26
32,10
24,7
72,4
19,45
50,29
17,11
38,8
27,13
20,11
32,12
41,137
16,12
35,33
90,36
59,17
48,27
24,104
48,132
40,18
25,9
186,78
76,11
60,20
16,49
59,155
37,63
68,111
20,112
25,72
22,177
45,84
26,78
58,96
59,8
61,15
39,70
115,25
194,72
32,30
28,7
152,35
25,128
18,14
17,26
51,136
97,8
41,121
170,29
121,15
180,60
45,44
129,42
98,20
22,24
63,66
67,61
81,32
71,14
57,136
16,53
20,10
81,6
19,67
85,163
51,27
33,61
18,6
66,181
154,17
46,22
57,47
18,46
110,80
41,44
64,75
170,23
20,10
80,25
16,45
169,18
15,30
101,11
135,210
31,41
229,71
148,97
36,3
46,11
86,2
105,60
27,18
30,45
24,55
56,97
240,86
137,10
53,57
15,70
180,14
32,48
35,12
128,45
28,18
16,50
40,6
51,100
21,13
34,38
36,8
21,23
34,17
84,5
69,34
67,5
130,18
42,27
16,6
73,49
21,28
71,4
43,35
32,47
136,7
17,21
49,87
111,19
174,65
44,73
150,32
119,81
54,10
26,65
24,3
41,36
35,67
40,86
56,46
43,44
85,22
20,46
115,15
119,8
15,19
144,14
146,35
97,73
39,37
27,8
25,20
82,52
63,3
28,26
20,24
14,45
17,14
56,36
31,15
32,5
43,15
35,3
30,20
51,62
24,107
130,9
118,56
160,5
49,42
87,64
78,23
36,77
36,28
44,73
39,82
25,23
27,21
32,40
130,17
29,86
52,96
195,7
48,6
52,10
116,7
72,18
16,13
38,9
16,17
28,7
26,28
234,23
59,46
83,74
89,15
57,2
20,49
47,83
91,134
41,7
175,44
20,10
34,21
37,53
27,84
49,34
14,19
37,74
99,84
20,40
112,95
97,15
190,7
30,57
88,17
91,79
126,31
41,27
15,27
17,61
66,67
46,33
47,69
21,16
52,2
112,104
47,46
18,47
129,33
41,10
27,81
64,10
32,15
70,20
104,12
93,25
92,28
48,90
123,19
122,192
57,5
47,7
23,5
146,26
57,9
47,34
248,5
31,29
67,26
71,81
106,18
43,12
17,8
104,21
76,44
49,35
130,31
59,26
24,56
90,5
17,26
52,45
38,26
57,50
15,15
62,34
43,42
49,114
115,29
108,81
38,2
15,65
95,86
18,30
15,9
61,34
70,21
31,7
63,18
42,11
57,19
18,12
226,56
41,5
16,3
28,147
35,17
63,39
78,17
254,48
18,31
62,14
58,75
54,15
40,9
15,61
24,7
79,34
22,116
42,60
24,23
34,59
56,68
16,48
199,108
57,16
71,8
28,78
16,65
58,9
140,55
20,2
24,106
64,19
34,29
55,81
71,24
48,12
194,36
59,91
49,16
43,42
65,19
38,96
56,27
44,190
78,8
18,73
138,87
20,75
90,14
27,11
21,26
81,73
47,9
118,7
33,13
18,15
39,78
19,20
17,16
76,22
68,27
17,42
31,23
120,13
126,65
192,65
104,90
102,57
39,162
55,158
38,11
270,5
30,2
27,22
48,17
23,3
162,167
293,61
30,53
35,16
53,17
19,83
39,67
109,13
41,13
14,26
18,12
90,9
28,127
60,19
58,45
15,54
53,11
91,46
83,4
75,20
33,78
95,59
15,18
31,39
76,20
21,5
45,12
31,18
30,45
40,5
38,29
140,24
271,27
37,103
72,3
34,20
29,8
79,51
34,39
39,57
29,5
128,23
111,76
36,5
15,66
149,158
20,3
119,13
15,15
67,39
39,19
125,66
16,31
100,119
51,104
254,63
25,39
21,4
30,27
158,31
30,46
115,54
37,132
121,48
64,22
54,47
33,157
32,164
37,35
60,12
16,14
36,42
50,6
38,24
116,31
47,12
21,61
220,10
153,5
28,24
16,7
18,15
21,93
45,102
16,104
46,42
27,90
193,14
176,34
113,7
34,39
15,150
43,12
15,14
25,39
98,10
27,68
59,30
161,23
138,2
49,8
36,26
100,66
197,24
113,57
111,18
39,78
53,58
272,15
39,32
41,195
15,67
63,2
14,16
131,53
52,3
29,77
18,46
31,50
135,22
206,45
70,20
83,29
18,77
21,15
33,88
77,32
15,60
38,44
19,35
91,20
86,64
25,5
154,17
48,69
130,112
120,113
120,15
31,10
35,17
19,91
138,25
92,32
24,3
72,9
93,60
105,4
122,92
88,12
141,4
37,14
32,6
76,11
39,49
76,36
25,25
64,21
157,31
44,200
41,84
22,5
146,16
43,47
19,44
60,22
73,24
116,12
52,23
36,5
91,9
25,2
190,33
29,51
110,181
38,14
65,24
15,6
35,41
36,12
46,140
97,33
42,23
20,58
82,27
32,15
48,20
40,21
43,5
24,3
25,34
64,184
41,30
18,36
94,28
30,35
118,111
16,24
139,7
35,17
52,19
34,29
137,34
115,8
82,4
140,10
39,35
70,20
35,5
83,2
144,96
61,64
191,58
55,3
19,69
113,7
56,45
28,20
26,134
31,163
65,49
14,24
88,5
102,25
81,159
48,24
17,66
85,50
170,17
68,34
93,36
199,31
58,55
49,15
24,18
50,10
51,83
148,6
124,20
63,2
27,3
113,18
112,114
36,5
19,15
54,4
128,91
59,28
127,7
16,33
18,36
19,175
36,26
20,88
14,49
42,84
126,37
67,22
73,7
25,92
67,60
60,27
70,56
203,18
78,52
44,11
69,2
48,11
69,8
42,11
30,133
25,15
36,126
27,2
76,28
36,22
26,37
59,95
22,86
125,33
45,32
22,33
28,2
106,11
51,62
16,12
230,64
43,87
69,45
20,104
73,126
25,6
98,33
104,6
103,30
27,80
110,13
55,15
43,22
157,19
42,82
51,10
76,95
162,5
40,21
55,22
16,4
175,25
130,26
21,84
24,7
51,31
34,101
33,52
74,50
243,120
92,51
134,9
33,32
272,22
164,68
23,53
115,36
155,16
84,8
52,5
30,162
22,2
24,5
22,24
25,23
114,41
27,5
66,67
33,13
15,38
32,63
40,4
58,37
31,64
112,56
91,38
177,38
161,30
59,3
74,69
66,11
14,3
17,14
28,89
31,125
65,41
74,28
51,37
161,73
163,103
52,127
21,3
63,2
202,30
17,28
16,93
115,33
28,10
120,15
39,7
67,46
32,30
15,27
178,99
65,30
52,29
34,33
59,9
31,36
64,19
110,17
80,3
73,102
16,137
40,11
31,5
36,57
35,124
110,61
123,22
105,5
24,32
16,7
27,48
18,11
59,24
70,15
47,181
222,69
32,63
15,41
121,9
80,96
24,70
52,27
148,31
47,142
41,46
16,37
18,10
27,10
141,36
124,25
29,11
72,28
21,13
24,36
16,77
25,26
25,5
41,15
72,34
160,86
102,98
25,17
53,2
32,4
24,81
55,6
19,20
112,87
36,58
113,93
26,88
14,6
50,9
43,30
21,23
128,43
180,63
68,8
35,102
32,17
41,133
117,70
49,86
36,52
47,76
65,44
136,98
150,12
39,16
70,21
66,39
81,10
31,133
81,2
15,41
17,42
70,51
15,23
30,21
33,6
109,7
125,36
32,32
15,96
23,11
40,23
166,40
184,5
105,29
34,138
234,7
14,7
68,7
61,20
71,24
28,28
50,63
70,47
36,48
145,67
115,10
38,19
108,24
44,49
54,6
45,36
80,65
20,43
61,37
263,67
14,66
80,7
14,22
54,30
182,48
18,23
19,107
162,74
83,32
225,13
14,30
77,5
74,16
103,84
72,25
29,52
15,149
96,58
25,78
23,18
40,5
108,45
31,78
72,34
67,92
208,28
25,43
98,43
54,13
15,89
104,66
25,55
37,30
27,29
77,16
95,20
23,46
109,56
35,63
19,21
44,41
53,24
33,44
18,13
25,176
34,35
71,12
20,16
106,9
77,17
38,31
166,32
19,116
30,52
16,10
40,99
125,9
38,53
135,12
45,31
29,21
94,24
30,13
47,22
32,10
22,68
78,22
250,23
39,35
36,13
60,17
109,19
31,25
27,30
16,52
55,21
40,19
39,28
118,18
18,18
114,7
79,37
76,17
160,11
222,20
35,7
18,24
37,5
53,159
33,51
166,16
103,54
55,30
28,107
69,30
49,18
52,47
39,4
20,40
138,6
64,11
70,72
36,32
64,53
140,16
15,7
53,12
41,70
35,36
55,128
47,10
27,75
235,16
102,178
69,136
16,109
65,19
164,33
45,12
50,38
126,72
59,6
38,7
84,42
41,100
41,23
30,22
71,5
20,3
41,30
32,21
31,22
76,85
79,28
35,144
55,33
173,109
142,30
55,21
31,41
30,15
17,33
17,13
60,132
16,26
44,87
80,10
30,14
37,3
114,17
101,114
90,8
133,185
20,22
81,9
114,18
132,48
46,80
25,7
23,101
20,12
103,55
18,18
17,3
114,19
84,68
135,58
21,24
36,96
29,9
70,36
92,176
25,31
34,10
162,46
47,8
129,21
99,38
20,44
78,15
52,30
42,3
15,15
123,108
23,5
45,22
77,63
92,4
28,40
36,9
30,34
116,5
74,5
24,12
84,4
170,15
48,50
141,37
100,40
52,48
16,35
29,7
49,3
29,11
121,81
32,73
37,16
25,25
28,50
180,41
19,51
23,3
112,44
26,223
23,26
137,47
15,16
31,75
182,52
29,86
36,40
83,32
104,24
77,14
62,28
23,43
43,29
53,35
60,67
19,32
30,35
24,35
68,5
24,5
54,23
99,191
60,22
16,81
51,16
85,4
43,55
73,10
27,44
48,114
75,70
48,19
79,38
197,26
42,20
159,106
226,26
27,126
32,20
161,28
118,13
46,12
99,7
38,78
74,2
54,16
20,69
98,181
24,3
44,38
78,14
56,17
49,27
39,12
152,23
109,16
72,41
44,2
20,21
15,64
19,104
92,10
96,60
65,17
122,12
265,3
34,57
35,21
63,79
17,67
74,19
22,4
49,26
15,49
15,89
33,21
21,37
31,3
98,76
19,8
36,100
48,99
68,40
121,14
75,19
21,15
39,4
17,29
62,89
103,33
46,51
183,24
28,139
152,11
45,13
68,72
91,42
37,6
39,16
15,5
28,6
112,28
49,12
283,10
36,75
21,25
68,50
16,4
132,84
23,8
54,13
60,10
116,38
46,32
19,111
41,44
124,9
18,71
61,21
19,99
49,44
22,144
177,4
97,25
92,113
70,39
33,3
49,86
60,33
230,7
28,17
76,17
86,5
15,39
84,33
16,34
26,57
44,28
71,139
43,33
15,81
32,69
75,17
16,24
89,32
48,33
27,114
16,2
60,60
35,4
73,23
33,41
23,27
48,113
64,14
49,23
42,17
65,57
105,18
27,102
63,40
15,10
28,5
97,9
73,10
18,70
49,29
25,64
62,14
50,18
110,22
33,20
110,24
41,158
68,55
73,4
257,9
34,38
73,20
145,31
142,19
55,26
25,34
86,9
49,39
22,74
103,9
61,11
50,55
78,18
75,21
47,4
99,24
14,84
27,31
48,89
67,9
94,19
16,7
62,12
187,29
34,48
45,26
33,35
35,11
26,17
18,106
78,54
43,54
26,19
33,10
46,62
78,33
67,126
84,24
103,13
213,64
26,5
37,45
79,7
111,131
42,17
17,23
27,14
82,34
101,23
62,75
138,6
20,33
25,3
130,37
15,18
52,19
88,44
15,3
23,14
91,40
68,10
40,6
26,12
20,4
25,16
42,229
36,3
44,23
50,18
62,87
38,4
23,6
58,90
81,69
134,14
39,27
14,29
14,25
160,2
36,25
41,10
57,25
15,134
90,17
38,38
29,23
48,6
15,24
24,55
46,145
74,14
18,2
20,73
51,24
24,11
18,43
26,51
34,10
37,4
29,34
112,52
112,3
25,124
28,34
62,3
125,6
28,28
34,19
246,7
38,61
22,55
106,3
33,46
36,41
149,5
247,31
69,3
62,52
59,24
178,11
118,12
67,60
89,59
40,3
75,93
23,24
51,34
35,72
58,120
69,18
33,29
34,9
16,45
83,30
15,54
65,21
45,98
25,75
113,15
27,45
25,104
37,87
29,87
19,44
100,28
36,11
67,48
49,26
36,31
72,27
44,70
188,31
43,69
19,25
15,87
73,108
94,35
19,14
31,3
46,20
30,5
86,15
74,16
27,22
19,65
60,91
17,43
44,4
34,11
20,18
52,72
120,23
41,5
27,23
52,17
42,41
19,106
69,59
23,46
17,5
107,10
39,100
109,80
58,12
41,49
151,139
20,36
177,23
38,41
85,61
183,195
17,39
17,30
81,7
52,33
55,45
176,7
47,78
154,7
45,125
61,9
22,29
58,24
20,14
77,8
25,17
26,27
35,12
88,164
101,189
177,9
26,57
137,26
44,62
107,41
139,28
36,93
25,22
18,4
66,83
73,3
44,21
178,182
23,36
56,54
82,27
55,25
34,3
116,15
82,8
77,15
34,13
91,155
68,15
90,20
67,168
42,38
15,9
59,4
99,29
57,42
96,18
42,7
94,16
165,83
33,72
51,72
25,104
113,72
60,3
24,16
60,98
16,55
17,11
96,19
58,32
171,64
135,43
58,9
32,112
16,64
47,37
57,47
23,51
139,16
51,210
53,24
48,74
84,47
97,14
32,18
62,9
68,94
272,79
137,86
132,20
47,7
115,17
31,17
29,43
46,12
33,24
111,22
79,12
24,38
34,35
68,11
24,41
25,101
162,55
51,41
195,139
144,114
181,36
200,36
79,30
35,29
40,19
21,27
22,7
67,33
40,27
15,56
16,29
20,30
82,35
145,21
22,34
20,51
42,63
36,18
53,47
75,41
95,29
63,27
58,36
296,18
24,9
104,4
34,31
70,53
19,35
95,117
67,68
66,14
64,39
39,10
26,8
25,2
84,24
76,10
188,105
73,16
14,15
15,23
24,3
51,30
14,23
113,75
24,25
66,16
65,3
17,32
106,14
63,4
23,24
133,19
41,51
78,9
34,65
139,11
30,20
46,10
248,24
79,136
125,32
96,6
190,50
18,23
33,53
62,21
36,11
19,37
66,4
129,85
23,21
38,62
144,25
46,13
20,79
15,21
43,16
43,45
75,17
183,15
19,29
113,8
148,34
52,26
18,15
112,3
144,15
90,177
40,85
25,115
53,10
63,2
59,3
119,9
89,5
52,10
58,91
106,25
18,8
57,20
19,4
125,72
60,19
44,23
55,7
104,3
90,37
62,10
76,36
56,37
110,57
126,42
37,15
55,5
17,16
29,49
23,17
127,38
41,12
83,35
141,3
65,6
71,27
55,26
111,25
30,30
100,29
59,50
19,62
53,26
39,29
40,59
15,81
27,3
18,16
49,27
62,86
32,12
41,71
34,75
28,48
45,7
140,27
17,12
86,163
102,29
45,89
53,78
96,37
77,55
122,6
32,56
38,127
85,28
50,19
23,38
40,17
88,18
49,32
41,19
67,6
30,19
33,8
17,55
18,36
18,39
41,34
83,46
165,14
161,34
27,21
122,50
19,145
48,6
28,55
26,54
93,43
148,9
21,73
124,68
34,58
43,124
23,9
25,13
56,117
19,38
125,44
75,68
135,53
122,4
66,27
171,44
105,15
57,30
20,26
98,25
105,37
20,52
115,25
34,4
66,18
170,20
44,27
28,85
85,97
92,28
71,59
53,10
56,35
73,4
187,39
73,32
45,39
22,22
66,27
52,26
52,79
44,7
87,9
50,16
18,26
36,29
79,76
196,13
47,4
90,37
39,23
187,88
68,49
129,7
32,36
23,24
98,71
91,136
93,76
18,147
31,84
51,17
36,169
81,46
45,44
84,19
140,43
91,10
75,11
45,3
19,23
29,16
25,125
61,11
163,52
60,7
25,15
29,8
76,8
61,18
24,49
19,8
103,20
45,10
34,54
126,8
78,24
83,27
19,47
34,13
23,35
26,20
28,6
52,4
50,3
49,20
77,36
60,36
44,20
33,64
76,20
66,56
63,25
69,8
52,100
39,31
33,13
39,68
86,43
36,57
89,5
18,64
23,47
20,135
170,21
99,9
48,9
73,17
49,10
98,2
19,36
17,13
43,83
16,63
91,37
80,23
125,35
17,54
19,51
45,4
25,117
45,71
80,52
25,10
54,121
21,18
54,21
229,54
46,27
90,149
125,33
117,28
25,36
78,142
24,37
108,9
42,20
49,53
102,14
63,9
112,38
173,7
35,35
42,23
45,21
62,33
27,48
27,19
25,17
139,71
93,8
92,16
24,17
18,35
69,26
92,22
53,229
51,18
119,19
126,39
83,134
15,11
14,45
81,20
29,4
196,12
63,50
31,50
75,28
47,150
35,49
73,42
34,52
35,46
204,64
36,33
66,18
57,12
74,9
20,14
156,16
28,65
18,22
17,42
18,47
27,186
52,74
110,89
108,135
154,82
14,90
32,69
229,10
115,40
29,31
16,16
40,13
48,173
108,26
43,2
14,32
82,60
26,39
218,138
101,37
46,13
131,13
18,35
87,22
21,3
24,37
85,89
165,32
55,8
111,44
27,17
68,41
84,26
49,10
16,30
22,15
17,10
52,10
32,10
36,54
94,46
87,16
30,18
65,36
41,97
17,19
19,16
85,17
27,42
40,28
113,13
15,44
23,49
28,26
18,29
221,9
107,3
27,47
117,5
55,35
165,32
57,47
83,34
45,19
145,42
63,23
26,34
36,133
80,26
29,73
23,7
29,19
87,27
83,47
147,75
157,53
61,54
149,23
229,30
42,24
18,8
54,6
77,27
17,31
83,27
14,128
34,7
85,77
60,3
47,21
30,38
134,18
46,40
16,41
23,7
112,10
83,4
33,6
138,85
26,9
130,11
22,15
47,48
118,16
84,16
52,145
134,16
41,58
22,19
36,18
41,5
31,41
22,31
132,36
18,3
216,16
20,19
160,55
25,45
25,4
81,134
104,5
33,71
167,35
34,45
179,2
113,8
16,69
21,32
22,61
44,3
20,30
24,80
91,3
21,50
53,17
67,34
23,27
34,14
21,112
40,188
64,2
22,135
126,18
30,25
29,187
36,63
36,9
91,14
89,29
192,70
138,20
17,5
60,207
44,17
17,51
151,31
138,12
146,59
17,49
118,24
155,4
45,8
56,40
22,20
83,15
58,45
115,21
257,20
85,11
141,75
23,54
41,3
171,59
83,23
32,24
153,68
66,15
41,10
36,70
15,2
69,50
32,72
20,10
22,9
39,40
34,39
20,24
64,4
65,169
303,33
41,31
41,23
103,12
38,38
54,41
39,7
55,6
41,22
99,29
27,9
48,19
57,37
20,7
83,66
57,3
51,40
20,5
200,6
65,39
22,16
31,147
39,29
251,23
15,87
24,30
38,11
34,21
153,157
47,26
77,87
52,23
70,7
39,57
77,6
49,16
60,62
88,22
14,110
168,34
14,36
25,39
44,32
23,16
46,46
52,28
95,63
24,11
32,6
27,46
109,18
61,47
19,75
57,40
93,40
160,54
43,34
63,33
21,11
14,27
25,29
79,18
165,176
73,7
31,12
48,3
42,3
19,44
44,24
98,34
59,9
31,24
46,31
169,59
27,43
87,116
28,163
16,9
21,17
32,137
28,26
65,117
54,5
39,23
69,37
46,26
112,23
67,18
35,78
59,12
63,59
34,18
21,3
30,113
46,46
57,25
73,5
114,48
29,140
24,35
23,43
74,39
83,5
155,7
19,7
21,2
16,69
45,98
31,30
192,81
154,27
31,31
145,121
39,40
26,51
64,20
55,3
23,7
36,28
56,25
55,6
31,18
36,33
45,27
173,49
48,36
31,4
41,29
64,77
39,118
214,110
41,3
54,47
26,39
65,45
21,5
64,83
158,122
96,5
31,9
18,36
129,30
84,28
128,30
30,28
34,60
47,11
126,16
16,16
252,45
36,30
30,52
58,33
19,55
92,22
88,27
25,172
23,140
69,6
19,6
111,27
60,15
25,28
43,35
182,19
48,10
196,13
56,38
26,128
199,3
17,12
31,15
98,38
149,2
33,15
64,7
49,40
32,40
81,26
71,3
136,25
162,27
40,16
18,37
58,11
56,4
140,16
97,4
18,11
35,18
134,16
160,87
110,82
53,8
79,66
32,8
37,64
42,18
61,3
43,39
43,48
31,34
28,25
92,30
17,2
30,7
23,45
118,4
158,2
122,19
103,52
17,33
25,110
20,40
47,39
29,54
63,78
69,13
43,114
89,31
21,12
27,29
49,17
19,37
67,8
131,28
30,96
62,37
210,43
68,32
112,8
91,30
31,65
43,13
20,37
48,56
98,33
17,12
58,9
62,39
119,109
91,116
43,14
130,28
21,6
58,112
78,126
58,23
60,51
42,40
16,7
164,65
34,150
43,21
67,32
17,22
15,105
17,3
22,60
122,27
15,6
34,88
69,31
68,6
82,12
98,12
34,2
39,38
120,6
19,19
19,39
19,85
92,12
17,56
25,14
169,3
21,143
16,15
25,14
48,21
57,38
20,41
40,97
57,29
21,18
138,52
101,12
47,94
32,35
50,28
38,20
22,90
237,23
19,13
84,26
38,2
207,23
65,51
126,10
59,47
53,9
20,47
43,29
82,33
250,20
112,9
38,7
19,5
17,47
48,9
108,16
59,96
131,3
20,159
197,6
25,8
21,19
24,35
35,56
38,6
54,32
110,6
52,4
60,23
16,10
133,55
25,24
93,42
39,45
61,9
69,40
58,15
86,3
43,12
110,197
68,5
171,25
39,2
35,53
44,118
79,44
68,17
38,112
70,13
81,10
34,58
31,7
64,37
15,66
60,14
27,43
120,38
46,7
297,21
16,8
128,7
52,37
80,17
45,2
66,3
73,112
21,77
156,16
80,72
25,55
67,4
29,33
60,49
57,24
43,52
24,22
53,55
17,12
127,20
294,42
25,19
21,5
25,74
42,135
73,12
47,45
26,9
24,4
75,83
20,25
65,62
89,43
65,138
23,51
96,44
34,22
29,13
84,4
24,57
35,7
88,7
101,22
23,11
26,10
99,13
49,2
23,28
59,28
111,37
27,7
200,16
48,18
104,13
88,109
20,35
186,33
115,3
38,18
36,22
27,28
159,3
84,3
35,35
14,14
104,16
139,35
61,29
101,5
16,45
87,60
71,24
41,13
68,23
20,36
85,6
21,39
32,43
91,32
34,176
81,19
22,3
133,34
101,46
51,6
59,25
77,52
23,47
240,19
266,126
65,5
68,25
90,23
243,17
62,11
14,17
84,41
89,55
61,104
43,14
70,121
66,85
112,28
42,33
69,33
168,10
65,28
22,20
17,29
101,123
38,82
123,51
68,227
82,37
120,6
15,30
109,5
39,30
40,50
23,13
256,6
30,4
128,50
53,53
18,38
20,11
14,12
131,64
89,27
23,34
183,169
21,3
66,32
24,13
38,49
47,59
38,72
34,109
77,8
52,159
234,39
92,51
21,7
110,27
75,35
72,168
24,20
26,20
24,27
37,54
36,45
68,34
128,22
37,3
43,21
33,16
252,23
78,34
22,63
42,4
26,28
27,62
147,33
102,23
14,11
80,155
79,5
33,139
65,11
53,34
84,60
38,23
19,12
17,29
91,7
55,130
127,102
129,12
43,53
59,85
54,39
21,24
28,6
130,3
74,29
66,69
161,27
214,135
86,58
109,37
49,66
46,4
56,72
81,37
158,109
279,25
22,37
63,5
25,19
86,41
40,20
54,26
66,27
29,36
90,68
32,62
23,41
167,13
115,33
32,25
69,29
105,35
79,17
117,9
36,45
15,42
123,23
170,34
26,68
24,6
106,85
46,37
88,15
18,30
48,27
63,26
37,31
78,50
82,130
18,91
50,110
205,10
76,60
44,37
205,38
198,13
17,34
31,9
49,64
61,80
22,49
44,49
28,38
74,37
52,3
45,3
35,61
136,19
78,64
39,45
127,57
148,12
84,5
35,5
46,31
67,27
21,7
112,38
92,10
38,22
20,41
41,13
66,44
67,6
37,8
264,106
156,11
27,84
25,43
47,48
67,72
19,26
42,51
55,9
15,30
84,29
186,66
26,15
44,116
37,47
60,17
107,61
35,21
49,29
49,49
69,23
47,13
48,100
27,21
96,57
21,131
94,5
126,22
18,26
174,9
45,23
14,18
109,84
61,61
31,55
28,17
178,169
99,30
72,16
92,14
79,20
63,6
108,57
62,60
15,8
16,44
175,43
35,7
26,75
116,67
167,6
109,20
22,8
84,129
25,60
46,40
16,69
17,105
63,64
41,67
34,7
71,13
22,34
67,85
18,19
19,25
47,19
17,9
51,22
147,14
51,21
100,103
174,41
174,58
162,31
86,52
15,30
32,23
72,21
47,5
19,19
82,16
18,9
28,21
39,24
24,30
69,80
161,50
55,7
102,15
54,14
81,138
129,65
63,21
206,4
33,57
30,20
148,37
41,21
19,75
29,31
20,2
31,60
46,228
36,43
36,12
133,15
115,20
40,59
30,9
27,42
119,16
45,41
15,6
81,27
24,32
20,11
67,75
16,4
57,27
133,31
69,43
38,109
88,92
83,109
17,80
292,35
15,6
37,5
35,7
19,33
103,24
80,84
24,120
43,16
55,40
41,20
92,31
49,106
103,16
21,15
81,40
32,57
20,7
102,13
54,42
70,91
35,37
155,19
126,53
48,29
17,21
37,69
133,5
57,10
55,105
81,54
60,42
91,31
25,2
65,18
24,37
108,3
23,24
250,212
31,3
65,94
178,84
55,25
256,13
25,44
138,3
100,118
55,26
29,15
15,57
164,26
39,101
236,9
31,19
22,52
50,36
40,47
91,12
148,39
21,21
22,64
156,21
65,126
87,42
140,2
69,23
156,13
44,16
103,14
14,3
15,39
105,5
20,5
16,40
70,23
30,28
16,24
69,101
24,15
45,11
172,21
14,13
27,50
32,6
52,7
56,7
56,19
97,23
66,4
14,98
92,27
71,46
93,92
104,4
22,103
39,24
46,12
27,122
89,3
84,7
25,141
44,34
54,6
85,83
86,30
148,30
72,54
88,6
67,57
45,65
86,37
19,36
274,50
45,18
50,86
22,103
20,37
21,10
35,7
55,14
15,23
29,24
186,107
265,5
78,56
126,25
28,13
33,8
42,24
18,22
60,17
72,30
18,4
124,68
50,22
51,17
32,53
35,74
28,200
137,45
23,14
67,44
44,30
51,163
81,22
23,14
46,13
69,30
155,10
25,51
55,17
14,32
23,36
46,8
70,24
27,83
19,94
91,12
83,58
96,173
54,161
53,20
135,8
68,3
26,146
37,99
115,89
258,19
62,65
14,34
113,45
25,10
82,23
73,44
17,15
44,46
20,25
82,21
68,8
27,13
41,43
32,37
79,5
59,34
18,18
19,16
26,55
78,29
44,15
134,143
51,115
64,52
26,8
96,6
64,11
173,46
64,85
143,50
106,46
43,46
183,17
14,29
24,28
41,10
48,34
202,23
43,79
177,64
62,29
46,42
179,5
43,14
64,4
62,2
35,135
51,40
82,80
49,37
44,156
17,9
65,67
134,30
63,47
75,43
40,34
23,10
81,3
134,10
50,4
43,7
36,93
146,6
79,13
38,7
44,29
107,168
81,56
120,51
53,11
62,8
56,24
79,50
70,9
44,18
17,82
39,70
53,7
38,14
107,61
47,18
37,9
42,39
14,8
28,4
52,12
18,7
185,11
81,28
60,11
34,43
173,4
100,47
28,88
21,29
26,109
73,7
56,13
100,41
23,60
114,10
77,29
106,11
26,12
59,20
44,3
50,8
20,20
25,52
82,14
115,9
91,162
29,58
123,16
63,10
47,39
144,121
69,7
41,20
53,20
39,60
90,39
37,15
132,10
57,46
55,148
29,14
17,28
26,13
58,81
72,30
25,55
134,26
194,9
71,107
22,44
56,7
109,145
27,9
77,41
28,42
28,24
32,16
25,23
26,65
29,58
58,59
98,11
53,21
96,47
138,69
92,64
47,5
15,38
109,62
15,29
76,104
21,35
51,46
42,90
68,24
15,4
116,25
63,5
34,98
27,3
24,32
52,47
80,16
90,14
269,70
35,24
99,23
144,8
89,24
54,73
24,7
105,6
152,10
37,52
68,71
23,13
50,14
81,19
107,51
163,46
21,62
65,24
53,84
137,5
69,7
16,99
23,60
27,47
83,42
32,44
33,21
124,36
83,65
34,39
25,61
54,5
82,30
30,8
55,45
60,7
272,12
76,45
58,37
22,38
73,12
235,50
34,44
35,17
40,39
23,14
52,48
243,14
15,45
15,13
144,8
75,14
29,18
68,7
72,84
27,11
130,16
34,11
87,32
99,16
49,43
55,32
28,19
42,10
180,10
88,191
51,17
87,30
16,12
89,108
80,40
62,18
68,42
15,18
66,29
19,66
129,38
106,100
23,51
58,9
53,66
53,10
80,54
19,88
182,17
115,17
54,32
88,137
18,43
116,59
47,29
49,71
25,37
28,38
135,85
30,5
127,44
19,6
22,77
53,20
19,31
78,19
81,21
122,51
25,30
20,53
109,48
92,56
29,36
149,5
59,19
147,20
82,16
68,17
63,18
126,23
36,2
29,62
58,25
173,18
23,2
56,85
16,89
47,22
16,26
77,35
16,9
67,26
219,59
26,16
32,55
53,40
157,28
58,44
49,34
20,209
20,35
77,5
53,55
15,34
138,60
141,42
22,101
41,3
114,44
31,46
84,94
42,92
24,13
27,16
89,196
41,67
35,10
19,20
29,48
159,11
235,23
66,11
73,46
48,24
75,43
18,36
135,12
39,8
71,6
17,21
23,79
48,112
67,24
37,16
37,11
101,8
39,18
52,105
40,59
24,9
37,8
28,39
72,121
78,29
106,16
71,12
116,5
29,4
29,89
24,22
61,8
52,47
20,81
199,22
52,18
55,46
15,51
75,4
45,66
19,20
58,27
115,21
73,32
65,57
26,5
28,24
24,110
42,14
77,17
164,9
91,10
51,26
19,68
140,58
87,39
85,10
16,68
87,9
40,20
92,55
53,47
16,5
27,27
28,93
46,12
144,4
80,11
109,52
99,37
86,25
15,30
80,57
29,13
52,17
95,24
22,30
135,7
30,100
82,44
16,15
100,72
20,3
124,39
44,18
33,19
33,47
17,76
59,21
21,68
20,32
28,32
33,26
18,23
224,38
39,51
31,72
233,36
27,74
19,87
14,63
57,31
27,2
139,26
140,55
25,3
91,6
128,3
25,19
31,106
88,8
197,32
123,18
159,62
25,10
22,149
32,23
90,21
15,30
78,12
29,5
24,30
61,57
24,65
137,203
28,61
141,94
49,2
112,95
91,11
94,4
32,21
61,24
46,4
62,5
116,54
101,5
65,41
35,104
145,16
53,8
33,84
75,42
46,206
68,46
71,3
70,16
51,9
51,22
25,8
64,32
31,19
120,32
157,138
18,11
21,90
61,3
37,163
42,72
17,79
44,2
78,10
33,126
42,39
18,17
63,16
36,36
52,14
18,64
28,33
36,90
39,56
160,13
20,71
24,18
16,22
31,74
27,16
67,15
47,81
145,3
60,67
15,11
21,4
40,9
17,38
54,92
68,4
58,33
37,26
60,16
121,32
18,10
62,10
46,12
20,93
65,13
90,22
70,21
99,11
52,23
24,52
83,6
128,12
128,98
23,98
26,16
39,36
101,24
88,43
78,13
149,5
35,63
74,35
36,52
77,4
113,23
15,19
72,6
70,65
51,50
60,6
95,4
85,17
19,28
32,4
23,16
121,61
79,20
30,10
98,56
41,33
106,27
18,19
62,102
67,17
37,8
20,35
71,201
53,15
247,29
15,13
39,34
135,23
73,35
24,65
38,7
42,58
102,64
73,33
173,54
93,4
63,13
154,55
45,27
59,58
46,36
54,18
25,58
55,52
118,35
70,36
210,20
73,104
87,8
208,115
78,33
18,36
32,5
63,23
117,10
80,8
79,33
47,8
37,51
23,39
71,4
44,74
31,106
18,69
38,43
52,67
54,17
26,7
33,28
55,53
74,145
48,23
29,29
105,45
107,39
81,38
29,16
199,2
55,31
17,36
188,26
60,21
15,6
164,13
72,13
158,82
16,93
22,42
47,13
31,50
20,5
21,189
75,45
45,6
77,138
24,146
37,19
93,43
53,6
20,72
223,36
102,37
89,8
149,23
24,37
16,110
60,61
43,35
78,76
17,12
28,124
41,39
46,5
96,14
26,103
75,40
17,38
122,76
142,29
73,21
131,37
26,68
18,29
17,26
35,64
40,177
31,4
66,19
21,29
105,19
39,13
77,2
113,32
79,6
187,12
41,40
24,18
249,70
53,40
44,15
23,20
28,2
36,3
21,5
63,9
27,66
68,14
21,11
39,8
29,22
22,6
94,19
57,23
24,6
22,189
19,21
26,46
16,13
39,11
63,48
31,39
35,30
39,10
58,8
18,68
25,100
67,19
35,89
138,45
82,8
82,20
48,33
119,203
40,58
155,46
72,14
77,6
119,11
41,5
14,6
44,30
41,53
67,29
16,8
50,68
20,6
165,7
84,45
218,16
74,2
48,76
16,212
21,4
28,22
143,50
55,17
95,117
39,28
92,93
20,18
28,56
37,57
49,11
23,77
136,7
99,66
40,92
96,41
16,90
30,96
32,35
72,23
34,141
14,40
169,10
58,14
49,169
64,13
40,7
16,31
54,57
60,89
29,4
22,91
70,29
78,60
59,5
31,34
52,24
60,15
18,80
45,7
229,46
67,2
98,3
82,18
21,3
25,4
61,31
131,53
87,15
94,22
30,38
48,36
57,12
82,62
29,6
18,2
50,22
19,8
33,38
86,16
166,61
85,73
43,19
120,17
71,91
97,59
216,212
81,34
77,42
18,38
97,67
46,12
15,115
32,42
30,8
52,43
15,60
40,25
53,7
23,20
109,19
18,28
101,8
52,25
40,87
105,17
219,8
36,91
29,19
56,129
29,8
29,7
67,68
23,3
27,12
29,9
68,79
17,7
50,18
78,189
76,81
122,63
159,19
34,73
156,63
83,4
53,18
30,3
75,15
16,43
60,13
43,46
64,54
73,95
267,21
97,10
31,90
45,31
61,73
83,70
216,51
82,38
32,67
46,64
64,101
108,17
96,103
53,17
28,47
44,10
14,7
19,45
34,18
147,33
27,67
34,9
86,9
27,26
42,73
226,43
24,11
104,73
81,139
95,27
150,12
246,64
29,134
30,78
15,14
27,59
227,17
74,38
15,39
53,24
38,37
67,11
50,89
17,20
57,30
150,135
77,14
17,14
23,6
85,2
283,17
82,24
77,4
134,35
19,32
26,4
110,26
149,33
99,17
50,4
29,64
60,12
69,22
68,130
116,72
79,66
23,48
131,3
59,3
55,23
33,2
113,22
34,24
121,74
74,30
71,10
28,137
52,10
25,22
223,11
118,24
124,102
15,13
37,64
24,66
52,110
18,52
68,3
47,70
125,65
163,20
65,5
19,140
23,13
107,89
65,30
37,8
226,16
17,67
19,48
43,82
34,8
34,50
54,9
64,6
58,4
31,60
66,58
43,16
17,104
57,28
59,72
36,19
67,104
25,30
55,37
36,4
31,132
87,14
150,58
41,21
35,17
56,6
65,11
44,45
18,10
164,82
37,66
82,19
55,20
17,20
29,49
68,91
24,32
26,16
23,28
23,8
52,61
92,57
46,96
17,75
20,75
15,13
182,21
35,16
93,13
134,41
23,112
77,64
264,52
32,31
75,61
38,17
125,26
191,75
14,3
19,38
35,90
49,48
16,14
17,56
23,27
40,25
51,97
116,4
64,86
73,24
143,5
77,23
16,56
128,8
37,10
36,5
43,123
183,27
95,6
18,29
129,67
30,26
39,13
114,7
32,103
130,31
23,23
35,59
45,108
38,12
38,81
64,32
87,17
38,10
53,11
20,18
29,82
112,59
56,20
42,46
25,8
75,60
87,2
77,24
40,6
83,15
274,47
48,133
30,26
36,73
94,64
57,99
118,66
75,35
35,122
44,130
17,151
52,34
18,16
52,82
78,18
60,12
34,24
61,22
30,5
22,13
19,19
60,16
44,55
72,6
42,51
57,17
83,10
176,23
23,74
91,21
34,104
93,23
133,12
91,58
144,33
67,14
90,3
64,18
75,13
86,23
93,88
40,29
16,35
45,7
17,108
16,6
74,3
62,39
18,3
26,3
18,9
78,5
168,70
26,38
41,9
61,5
113,135
47,64
45,19
31,39
25,26
16,7
38,6
94,10
268,27
22,38
27,141
36,38
31,31
22,15
64,69
25,105
94,16
172,33
54,94
194,31
131,101
18,79
16,54
163,69
27,83
20,18
44,3
36,12
20,41
65,59
33,16
138,5
40,59
74,3
30,76
40,55
179,43
26,5
22,54
53,16
35,68
122,62
38,96
95,21
126,80
53,5
76,7
32,61
89,14
130,15
34,25
24,18
23,38
55,64
15,11
30,79
102,22
26,27
43,9
15,52
88,39
76,63
181,82
20,31
51,39
94,4
14,107
115,53
48,4
27,39
40,8
76,11
38,91
42,32
66,66
50,10
234,4
60,79
95,83
23,77
37,63
45,5
16,65
111,73
83,77
71,71
65,44
29,29
51,7
82,28
90,11
67,39
107,64
64,53
74,35
86,18
18,112
32,47
105,64
59,144
147,32
16,14
125,15
50,16
119,14
53,23
65,22
33,24
22,7
31,58
17,44
17,44
38,8
102,85
56,178
20,14
61,44
21,120
85,18
117,26
60,27
42,29
47,5
26,83
26,15
27,13
71,13
107,20
21,62
31,10
24,7
44,5
23,5
53,75
97,38
36,105
82,30
62,4
160,29
105,33
42,5
44,138
27,71
39,78
75,40
30,136
121,91
32,51
15,12
48,60
30,53
22,37
47,136
39,24
17,50
18,10
40,20
21,4
62,12
16,24
205,49
71,7
21,95
57,62
44,17
148,95
72,29
16,49
56,110
50,7
182,54
65,26
18,47
53,22
159,15
173,16
46,3
165,12
48,5
23,26
155,67
25,29
14,130
129,27
28,53
22,3
49,8
40,10
19,147
37,34
28,20
73,7
27,3
28,32
112,35
45,46
30,18
38,75
34,6
20,31
75,14
15,31
25,4
62,14
67,27
16,20
117,14
238,5
175,14
40,4
31,3
95,18
34,19
219,69
18,13
48,49
31,29
59,16
22,28
53,3
168,6
37,21
20,9
31,18
25,24
34,23
43,44
156,4
40,15
19,218
46,96
15,124
36,65
74,16
34,8
21,43
57,33
44,10
48,5
40,96
35,23
49,5
131,121
16,107
58,96
22,10
25,37
56,66
117,66
44,11
17,5
45,13
74,50
124,5
56,4
204,22
15,18
25,11
17,34
89,29
71,6
40,21
40,16
93,24
78,2
43,58
46,4
45,33
19,52
98,70
46,62
84,21
27,10
18,23
54,16
84,33
71,30
31,51
35,43
14,32
75,18
76,3
17,4
81,54
20,68
27,31
17,44
73,46
53,54
21,30
22,55
18,64
155,8
50,15
60,6
26,86
90,85
48,5
99,8
90,20
43,65
108,7
25,13
177,40
23,49
98,3
39,31
28,130
76,59
66,24
31,19
122,27
146,22
36,8
35,98
53,63
95,47
34,45
33,13
25,16
26,115
77,2
128,34
149,29
91,14
62,14
14,135
113,78
92,31
46,25
27,19
108,9
15,7
73,5
27,21
131,89
22,3
58,50
36,43
59,16
82,52
111,35
42,72
69,25
59,130
97,7
60,10
91,19
45,36
32,3
23,22
42,47
129,99
92,44
28,87
25,66
58,69
40,59
113,100
73,6
16,7
149,62
55,24
65,27
25,39
19,9
38,21
84,112
123,7
97,6
15,66
204,51
15,87
72,25
51,7
33,154
77,162
251,11
18,60
34,68
43,13
49,42
50,58
35,89
71,13
108,51
29,14
221,14
86,10
68,2
87,58
43,24
100,16
32,54
116,51
114,33
71,3
40,19
33,44
22,69
64,22
294,38
75,66
21,79
51,110
32,5
39,43
105,33
149,43
15,2
38,68
38,4
27,22
57,19
28,3
17,35
151,27
15,82
76,72
43,45
16,17
61,104
262,72
26,173
74,5
68,37
25,35
119,62
121,13
34,42
58,13
179,31
53,63
15,121
54,106
54,19
23,8
95,29
24,25
52,6
46,29
82,22
35,23
162,8
104,53
45,118
85,60
108,21
51,28
40,13
15,26
35,93
27,17
117,133
38,54
24,16
28,86
75,41
14,36
89,22
216,13
49,4
58,23
28,50
97,25
116,40
35,47
102,22
25,50
144,28
59,15
77,19
25,19
30,51
147,111
46,5
17,11
156,14
28,13
49,94
29,12
95,7
43,31
59,54
31,49
31,27
18,18
104,15
19,40
14,11
129,83
49,59
33,18
110,6
39,10
60,14
42,40
35,100
45,9
41,31
27,22
157,37
36,8
52,28
58,132
26,4
123,22
178,4
138,39
50,2
146,67
15,27
26,4
100,70
38,47
32,9
88,22
25,31
101,49
69,47
37,101
106,34
73,14
24,3
54,28
163,73
50,121
69,11
79,6
16,32
88,34
78,72
66,118
25,45
23,44
27,3
38,37
38,92
86,24
15,61
47,59
54,90
155,15
18,20
41,13
280,28
63,18
26,15
37,40
48,69
131,15
107,59
30,11
73,51
116,24
50,26
20,98
17,83
132,99
34,35
42,84
80,7
90,64
36,3
26,31
14,4
95,6
32,42
41,113
36,230
17,21
146,16
17,58
46,14
88,19
31,10
133,16
32,22
36,64
14,59
65,16
16,26
54,7
98,82
86,138
24,36
95,40
48,30
57,85
55,19
48,17
29,44
21,82
18,14
58,82
69,26
25,8
50,76
19,54
55,92
21,19
33,168
29,103
160,58
58,34
44,33
55,18
75,119
54,55
126,14
36,85
39,29
145,119
55,7
83,112
101,61
32,18
92,16
21,23
58,100
88,14
29,18
31,69
38,21
70,82
107,9
80,3
25,39
52,6
68,10
22,126
117,10
44,103
109,19
26,30
33,133
73,7
124,43
92,21
111,71
45,6
41,58
87,68
56,72
51,40
38,69
32,18
59,44
57,39
16,59
43,28
119,129
14,24
17,26
18,4
41,27
101,163
43,29
154,14
51,3
36,15
114,25
43,7
116,91
24,5
66,89
58,26
285,9
106,28
39,14
46,7
15,37
33,35
88,20
67,10
15,17
40,12
60,45
104,44
52,117
37,26
28,226
22,12
46,37
125,4
15,16
99,24
38,65
27,4
52,75
121,5
90,43
82,26
89,229
24,29
35,9
40,44
166,61
33,49
56,42
90,105
32,37
63,27
37,46
118,29
45,161
100,66
37,29
59,46
41,28
205,104
66,6
43,166
125,26
22,38
63,23
126,6
77,21
33,20
221,6
63,2
20,44
68,66
26,26
21,33
146,30
162,4
178,53
53,9
136,70
16,129
155,35
17,52
40,15
36,7
130,23
50,68
116,4
45,18
128,63
95,79
76,9
42,24
108,29
32,131
16,31
85,6
97,33
46,69
50,61
46,172
189,104
36,54
216,75
47,22
82,123
284,104
102,14
19,148
44,109
16,27
55,57
35,32
20,16
97,49
14,43
255,5
41,8
71,25
19,35
19,3
40,65
162,4
86,59
230,59
58,2
33,11
28,68
165,13
35,2
78,7
60,34
21,37
35,7
72,3
157,32
73,24
19,3
31,14
23,3
45,70
60,39
80,10
56,38
44,66
29,104
82,69
27,40
32,13
37,119
34,162
48,6
124,150
15,25
37,18
111,41
22,11
130,4
48,11
275,56
90,4
33,92
18,11
122,18
17,3
207,9
63,4
55,24
78,53
82,35
57,59
58,14
66,14
159,7
50,40
87,7
46,20
112,34
34,29
105,28
25,13
43,35
30,59
44,159
37,82
55,38
57,16
82,11
32,22
90,159
37,34
164,53
24,30
74,64
73,56
46,19
31,14
62,11
67,48
34,18
95,32
51,39
79,39
20,61
56,112
76,19
24,50
25,2
144,5
24,10
24,3
75,9
62,2
136,140
34,3
94,3
24,18
84,17
19,17
22,32
21,20
81,23
46,108
36,26
22,4
95,11
80,6
166,56
31,6
17,13
61,6
38,3
86,118
41,133
28,31
28,14
26,8
92,14
64,27
35,13
69,56
126,44
145,9
104,31
90,55
39,20
31,20
228,29
64,14
55,98
167,32
84,51
15,10
69,29
48,85
90,27
91,86
39,10
19,70
64,3
20,55
30,15
32,10
17,4
46,6
20,7
16,21
72,4
169,14
72,43
18,30
47,8
26,6
15,84
99,45
65,10
108,61
42,3
84,8
27,54
51,18
61,4
40,94
36,8
86,20
168,3
50,14
27,22
108,62
27,11
69,11
22,4
32,17
21,15
29,28
82,26
18,23
122,99
55,47
34,132
17,62
179,45
28,19
64,29
68,9
101,82
49,28
36,10
36,50
225,11
62,58
29,61
33,44
75,10
38,14
28,9
50,35
20,4
78,11
58,49
85,45
165,37
77,47
26,95
31,83
196,34
176,45
26,13
34,4
21,76
15,4
218,40
126,26
68,20
42,37
15,127
26,3
32,95
49,77
18,21
122,43
28,98
96,2
34,28
43,48
52,28
16,62
72,4
287,78
114,6
31,45
134,47
61,59
26,36
142,70
16,46
256,40
20,39
94,138
69,23
23,62
20,15
40,16
34,93
74,12
75,11
94,70
155,34
159,26
66,16
101,13
64,22
18,12
24,3
75,44
21,13
56,26
41,27
20,14
36,12
41,30
33,11
24,15
69,27
82,20
217,17
17,18
43,39
32,60
19,136
15,142
61,27
60,36
22,75
59,7
16,59
25,29
175,11
25,43
98,39
146,69
81,14
40,12
85,54
15,152
168,54
39,18
15,12
63,60
22,34
78,51
39,114
37,43
90,44
34,24
19,16
44,18
27,13
21,34
83,87
76,27
75,5
52,34
65,89
38,116
102,4
76,21
67,7
24,58
31,32
30,48
37,6
155,7
18,21
23,57
220,50
16,79
90,13
33,11
66,58
76,4
67,58
34,40
40,45
52,85
61,5
138,76
127,3
118,14
92,10
48,12
38,15
174,44
21,28
83,121
34,21
25,8
76,12
39,50
37,90
97,12
18,22
72,5
22,47
33,37
133,44
56,10
95,60
61,8
49,70
27,3
161,7
19,26
139,21
52,22
55,13
25,35
24,49
78,23
39,23
30,13
33,3
114,63
66,56
35,15
51,75
23,10
29,4
24,105
26,75
18,44
142,40
44,7
32,23
32,35
68,37
20,3
84,43
121,34
74,62
64,113
136,51
34,166
117,46
42,3
40,30
59,39
93,24
203,13
56,85
16,102
46,47
21,29
33,60
17,99
33,35
41,120
158,41
98,59
131,43
57,3
93,8
195,35
136,11
106,32
84,5
24,36
93,87
115,58
147,46
282,22
37,70
45,46
45,24
54,97
118,11
78,19
47,124
50,62
52,70
91,24
89,15
93,8
63,35
98,28
127,5
20,77
32,67
59,40
73,61
88,34
31,44
67,180
30,27
80,3
20,71
28,15
35,9
77,6
44,8
53,15
39,48
220,57
213,45
77,37
148,19
62,120
27,8
23,3
44,13
31,98
82,5
24,6
127,9
168,159
17,11
71,4
18,14
79,21
19,221
33,12
17,64
26,65
33,11
111,15
84,7
31,105
39,10
29,124
118,33
25,4
68,74
53,3
17,44
129,91
100,17
29,19
81,28
40,7
44,70
230,17
54,11
264,6
33,20
57,7
78,64
32,2
14,89
53,6
183,5
165,85
89,8
90,67
50,13
29,40
26,4
61,52
14,4
20,40
26,12
154,26
64,33
21,49
21,39
53,58
32,52
49,11
106,44
46,76
25,21
31,27
98,9
17,5
21,44
17,12
42,7
28,49
48,14
77,3
22,5
28,77
75,42
49,32
49,171
28,38
109,37
151,36
39,88
36,18
116,43
24,56
27,8
14,11
197,47
15,85
51,7
27,36
29,25
100,11
23,5
38,86
37,16
43,4
138,7
49,57
47,35
59,35
167,20
73,17
24,156
115,55
195,45
82,51
99,18
15,37
45,22
55,9
30,39
57,6
103,88
28,14
113,11
108,63
48,86
27,26
24,40
29,101
40,67
59,45
22,79
49,13
64,50
132,71
79,20
15,78
29,69
146,11
26,81
91,40
56,78
32,24
54,14
68,7
28,2
21,7
20,13
62,11
20,3
78,3
45,17
53,10
47,42
122,37
54,67
37,18
86,57
87,37
169,10
156,106
52,8
22,3
33,26
23,51
51,92
74,54
206,25
75,30
77,14
64,28
32,54
30,13
127,130
15,6
22,34
69,66
47,13
87,50
80,27
34,73
40,20
17,5
151,28
64,52
86,68
67,12
73,59
44,58
54,25
17,38
21,4
34,89
51,18
179,52
104,2
18,12
99,67
98,83
35,99
46,16
32,101
29,20
47,34
19,38
286,53
38,10
54,14
86,16
72,43
15,63
87,37
30,32
22,17
26,2
130,16
152,117
106,4
298,95
101,118
75,13
55,32
56,12
15,96
55,3
44,59
46,8
37,47
15,19
110,28
102,78
51,4
64,45
26,78
45,71
77,77
44,161
22,44
98,12
21,4
68,13
65,91
99,55
48,13
75,3
57,5
149,23
37,89
54,37
41,30
23,72
25,21
68,90
63,12
93,11
87,46
171,24
129,98
156,8
32,3
102,14
18,56
34,6
20,13
48,45
50,11
79,24
202,13
28,12
16,46
22,22
71,30
34,43
90,6
29,21
22,39
107,69
26,42
199,45
87,31
121,37
35,4
19,7
37,61
24,82
175,58
23,37
16,22
66,39
82,144
84,19
45,19
33,62
69,39
18,32
22,3
39,10
23,47
26,64
80,44
35,9
18,32
24,39
32,23
59,49
18,10
62,11
69,98
15,42
53,15
52,22
106,5
42,25
51,72
40,7
35,19
82,4
52,25
35,4
38,20
38,23
97,33
76,14
36,10
29,45
26,29
185,35
47,5
188,48
104,13
59,17
62,27
144,55
64,4
48,14
37,87
55,147
35,2
53,114
32,93
108,9
15,33
49,43
30,4
51,24
165,114
21,15
31,23
31,40
149,20
34,146
89,75
64,8
15,61
45,14
16,20
24,12
58,6
134,16
28,26
27,17
18,102
38,38
15,25
60,6
45,16
196,56
57,143
61,11
16,68
25,9
41,109
63,75
54,5
49,17
44,17
36,237
18,5
76,40
28,15
58,27
21,15
98,23
47,13
16,6
27,25
37,3
96,12
103,6
51,79
45,24
24,30
252,19
33,87
16,46
15,27
195,3
22,67
127,18
214,19
30,24
48,13
55,18
32,69
18,5
57,21
31,9
32,49
97,51
67,31
46,31
55,12
106,7
36,57
206,37
135,165
57,4
79,28
56,111
15,81
35,50
57,4
17,158
30,36
24,11
37,90
51,3
58,58
125,23
33,7
187,15
89,15
121,5
186,86
153,71
69,2
39,9
123,65
59,74
29,15
70,12
51,82
15,46
109,5
18,54
207,59
43,38
40,54
136,9
24,47
65,78
41,34
37,9
29,8
50,69
92,30
81,18
31,44
49,3
28,29
125,20
62,49
49,97
17,8
29,10
36,8
35,64
35,4
108,4
91,83
23,11
223,17
23,30
66,50
52,21
17,60
32,43
24,43
39,54
25,105
66,10
16,5
17,34
93,6
80,2
52,150
54,58
25,18
42,3
52,38
59,4
55,8
36,3
20,84
79,20
56,18
26,12
125,48
14,13
15,26
37,19
52,18
123,29
110,29
14,4
18,44
134,13
34,45
120,5
99,54
31,95
109,190
15,61
29,22
139,55
55,11
216,27
47,3
25,7
61,36
17,77
49,44
40,146
25,8
66,40
58,7
158,35
105,39
41,59
36,36
28,93
102,40
89,4
137,41
60,106
19,7
57,41
112,26
31,38
75,18
39,17
49,39
99,87
25,33
45,4
30,11
72,137
284,8
133,8
224,38
146,13
59,8
142,11
14,29
267,59
33,11
18,50
52,16
30,10
79,7
35,34
16,48
26,30
39,31
68,26
86,37
65,5
111,65
104,6
33,173
42,34
42,20
35,35
62,89
91,8
65,37
256,2
143,8
16,5
19,236
115,29
74,23
15,71
64,18
23,43
21,5
47,27
54,5
39,7
163,134
39,143
41,33
75,45
42,22
86,63
80,47
96,32
106,43
266,70
64,124
216,193
56,27
139,6
23,37
49,16
47,94
80,49
75,9
22,5
46,5
41,145
62,61
146,26
27,9
64,81
15,46
30,14
42,19
190,133
170,22
85,5
71,15
28,9
85,40
77,12
111,8
29,11
155,5
31,5
36,19
63,159
43,20
61,4
32,21
18,15
41,13
75,7
40,47
130,21
40,10
50,36
46,14
118,4
43,32
62,10
19,42
65,3
22,102
21,189
82,27
93,117
66,71
18,3
22,66
95,152
21,8
27,30
34,10
94,17
26,34
36,14
53,21
77,40
64,7
54,9
19,25
44,100
68,16
44,11
21,7
51,57
32,104
45,14
19,78
66,41
34,34
59,114
43,13
19,55
68,28
128,109
76,4
21,19
25,38
83,64
92,33
79,9
106,19
37,35
88,215
59,28
17,7
111,8
34,15
21,13
68,46
42,12
22,15
29,3
37,26
82,72
79,47
47,71
18,43
198,142
28,25
31,12
90,2
77,4
71,15
156,112
34,7
23,180
119,42
152,78
237,33
48,8
119,20
21,25
36,5
59,17
75,47
41,28
47,15
43,33
122,6
304,70
41,9
15,21
20,39
70,7
46,2
163,18
78,3
258,36
79,36
25,6
105,78
144,35
38,78
63,8
35,3
55,49
15,31
79,51
138,4
26,14
82,32
20,6
18,14
55,64
152,3
32,7
173,34
16,12
20,77
47,25
166,13
34,101
71,89
26,70
39,17
42,18
54,22
71,87
160,4
108,35
116,39
70,12
53,70
22,100
34,9
30,34
24,11
46,36
35,109
30,18
153,54
26,38
20,77
75,20
73,81
33,16
47,23
127,21
41,10
81,22
38,58
38,18
44,21
21,30
60,152
169,3
48,32
166,11
51,2
97,61
33,169
96,14
97,11
75,60
48,24
55,81
49,23
15,16
109,28
61,34
51,16
34,8
31,44
98,13
144,38
291,95
27,28
173,3
38,63
17,70
31,8
203,19
69,59
156,46
149,9
15,48
65,13
26,26
70,36
49,36
144,12
46,25
72,15
32,27
80,13
102,10
36,83
246,47
182,17
166,21
62,80
35,88
38,35
169,8
26,36
76,43
36,12
75,39
150,35
23,28
34,9
125,55
44,31
45,4
28,4
49,7
40,57
32,14
31,28
73,7
42,12
52,10
51,18
50,2
31,24
80,10
81,79
31,56
41,72
23,17
102,84
39,40
48,8
105,27
56,9
221,57
120,5
150,30
55,41
89,162
111,68
35,81
102,14
23,43
145,19
213,111
32,21
33,44
192,62
67,41
16,6
103,68
21,17
16,29
25,9
15,126
32,78
65,20
46,2
94,46
30,49
47,21
35,21
14,8
31,46
62,15
29,40
47,25
49,48
17,118
35,55
54,36
86,27
58,65
46,41
81,53
15,126
59,50
29,12
150,5
42,19
94,34
102,8
22,15
25,65
22,13
20,13
63,35
21,19
28,51
128,151
15,5
17,21
45,34
53,12
79,24
154,24
43,93
71,100
75,58
14,48
46,9
115,9
26,93
41,5
203,13
37,47
67,27
39,60
106,7
25,37
39,81
78,6
88,27
34,22
139,102
261,46
93,21
96,98
91,98
22,4
25,8
70,94
24,58
260,21
20,108
40,22
102,23
193,18
41,5
237,70
21,7
18,44
43,27
57,48
20,31
65,11
34,53
156,22
20,13
64,4
57,35
80,54
53,14
24,43
107,20
33,4
106,32
17,16
134,17
55,13
54,22
120,83
96,27
37,35
85,22
61,21
15,65
25,6
47,3
107,5
16,10
63,46
18,33
40,135
35,77
40,17
19,13
45,55
45,10
244,71
50,108
126,193
44,12
35,10
44,11
100,11
63,11
18,26
17,83
81,97
14,84
202,22
139,5
19,12
34,51
58,55
171,9
32,19
33,26
16,38
35,8
145,51
128,83
63,56
142,19
158,13
176,15
61,43
144,21
27,4
46,8
109,21
46,71
42,25
160,24
42,58
95,40
51,99
39,24
63,67
101,52
41,43
28,24
66,35
27,88
21,3
244,31
42,23
69,7
14,54
38,96
64,3
55,31
19,24
50,35
17,79
46,77
67,36
88,38
19,9
25,5
90,64
23,25
22,79
18,3
38,20
22,64
148,155
22,22
20,139
118,13
44,99
26,46
15,21
35,2
104,95
17,17
15,9
60,36
29,3
52,70
103,51
91,21
63,51
16,31
49,120
128,64
75,10
52,5
51,5
73,40
67,71
135,46
165,10
63,71
174,21
24,15
15,37
16,3
22,34
62,23
136,98
51,44
36,30
14,98
27,60
25,3
40,28
15,82
47,68
21,4
31,30
17,31
50,11
38,38
45,14
27,10
46,111
161,72
86,23
117,71
55,32
92,39
52,126
22,21
147,74
108,3
30,46
79,10
14,72
86,34
17,14
24,144
73,41
28,11
18,12
63,55
15,24
31,29
103,58
43,52
47,17
51,17
19,42
24,18
56,180
35,22
43,14
24,39
92,72
186,15
14,16
193,46
37,12
25,9
114,19
40,47
30,109
120,9
120,6
43,34
22,65
98,6
195,9
40,13
93,3
149,11
35,21
45,12
87,80
216,41
39,37
107,95
25,83
67,14
71,20
110,117
80,61
44,7
35,50
17,22
85,3
69,33
95,21
75,101
22,19
57,29
27,61
65,6
54,90
24,76
16,13
24,4
82,68
17,9
39,5
57,76
91,4
29,114
234,68
143,19
119,18
17,15
24,38
53,93
16,33
62,23
119,51
31,6
58,72
22,28
66,116
36,21
27,28
18,69
33,143
79,57
35,26
37,54
44,14
15,15
192,47
33,8
30,36
85,42
49,11
18,14
79,40
20,103
34,15
77,18
66,52
43,53
48,14
147,22
40,34
84,18
25,70
49,45
31,26
27,22
37,15
54,17
27,33
62,8
20,52
97,36
196,31
31,63
109,14
26,7
24,23
75,52
35,32
40,6
15,5
166,2
75,7
94,5
15,47
35,107
40,95
55,19
19,30
80,5
25,33
38,40
29,106
30,79
151,66
99,40
46,40
38,115
20,134
38,7
272,91
85,4
204,87
85,14
83,66
22,7
80,11
36,30
64,52
87,89
17,13
66,27
22,72
123,22
71,50
142,33
22,37
109,38
14,50
22,21
81,9
63,4
54,24
31,13
68,21
107,44
47,73
18,111
55,16
20,37
154,4
135,7
78,110
79,17
31,103
110,32
34,33
119,8
25,12
31,25
189,11
65,6
95,99
74,24
51,32
96,33
98,17
19,7
35,26
55,177
184,48
37,26
70,16
101,39
36,142
119,119
206,29
18,10
26,69
39,37
62,102
27,38
24,55
84,70
52,10
22,22
46,131
74,3
74,55
14,8
87,76
201,96
38,28
202,5
28,141
16,11
30,199
49,141
36,24
59,32
44,49
14,36
107,112
182,18
19,75
22,44
43,41
57,10
35,16
16,40
35,33
172,14
128,74
161,69
69,14
200,18
49,7
27,8
27,6
22,153
138,12
78,49
70,10
83,10
48,17
198,37
107,4
29,59
81,19
53,30
65,53
17,38
44,25
21,26
41,42
44,32
60,15
60,5
14,7
96,3
140,57
45,32
135,11
16,13
47,49
69,15
67,24
29,123
19,27
15,2
93,51
80,4
22,34
42,50
43,42
53,19
16,83
253,5
31,17
50,34
221,27
44,52
61,161
25,31
66,10
84,17
186,29
124,42
140,5
25,58
85,8
132,24
127,23
20,25
29,26
58,34
80,81
122,39
19,7
116,94
85,2
48,44
76,74
154,36
24,6
38,83
36,11
24,23
94,70
22,17
25,13
56,70
24,23
97,47
14,40
36,5
33,79
36,47
152,66
15,14
66,18
22,111
39,48
77,66
16,36
71,19
22,37
23,59
47,19
115,59
69,69
19,25
33,14
46,37
29,6
27,11
99,22
44,7
107,7
140,23
178,150
79,43
91,16
24,6
110,51
100,15
186,25
19,12
62,65
68,14
22,79
121,5
17,10
16,14
42,67
98,34
120,107
34,4
98,14
85,67
39,6
74,15
119,121
142,42
43,61
50,8
70,69
20,45
79,25
31,92
47,33
108,5
54,19
19,69
98,53
26,7
14,23
63,6
85,139
48,10
26,12
109,18
64,99
20,56
54,64
39,46
44,78
59,76
27,10
94,22
21,69
36,65
23,174
51,13
46,38
60,160
24,14
143,6
141,61
128,28
87,17
123,7
32,3
31,11
53,33
45,11
91,3
18,7
20,36
15,48
81,166
55,3
54,12
48,4
50,67
61,11
105,45
43,30
109,132
135,57
91,65
64,5
125,16
46,67
57,11
52,28
79,64
48,20
15,9
93,47
17,16
39,6
41,3
60,16
27,50
87,20
30,125
78,31
43,130
16,40
45,19
96,82
46,67
49,161
27,3
85,27
161,104
22,68
37,55
22,7
50,109
101,27
61,55
87,3
40,24
32,104
37,27
118,2
23,32
30,5
93,4
135,7
50,37
29,38
28,56
115,79
80,8
96,28
29,10
15,56
199,26
126,40
264,34
28,49
270,41
143,3
60,93
74,9
60,25
65,27
18,5
34,51
31,50
24,57
39,24
53,34
14,11
40,40
185,15
138,60
22,66
217,64
118,14
69,27
123,42
92,10
48,12
18,45
75,12
34,4
74,32
33,41
81,129
129,12
26,20
67,29
74,143
45,3
33,73
38,77
36,72
57,52
30,3
69,23
16,120
177,36
18,11
16,9
48,31
21,20
158,14
24,8
106,140
81,66
38,33
118,24
72,2
71,60
39,54
58,5
130,5
69,28
98,4
155,31
82,6
14,37
114,7
61,37
32,16
26,11
144,28
109,59
17,119
116,53
24,21
47,4
119,68
27,36
88,13
16,27
18,63
40,22
34,34
87,15
85,19
23,45
35,15
19,105
51,81
58,8
28,48
74,9
51,7
22,17
63,3
100,87
41,8
56,13
151,98
97,48
34,133
154,20
23,75
64,10
16,34
25,42
131,19
18,12
30,84
139,102
140,51
31,44
97,29
137,7
201,56
28,48
244,29
103,72
129,91
20,28
89,18
31,87
48,31
60,8
16,3
20,106
18,40
86,17
34,40
64,9
98,10
32,27
102,17
14,74
16,50
22,47
22,149
14,44
71,46
17,69
29,47
111,8
36,8
19,7
57,33
83,7
182,102
36,11
51,25
41,10
36,65
118,14
135,70
282,8
84,62
84,58
184,22
53,18
24,78
70,70
107,17
58,32
116,17
161,64
67,49
41,49
35,3
155,80
164,116
97,84
34,76
36,14
43,17
193,33
17,159
134,74
25,31
59,26
99,76
21,29
32,15
36,71
117,38
16,35
14,84
21,43
25,59
53,40
24,24
44,73
28,107
19,58
16,27
88,31
93,56
43,4
143,44
27,5
79,16
62,36
26,60
32,11
24,10
228,42
24,20
43,48
76,7
53,25
42,61
35,87
36,38
15,138
90,18
92,56
16,13
38,14
156,54
24,24
101,17
204,8
42,57
132,17
75,10
60,36
148,16
22,13
68,81
29,93
62,23
89,32
99,63
44,45
31,5
169,24
85,106
46,55
109,100
18,38
51,76
30,10
54,5
38,26
81,78
18,36
88,111
56,3
25,12
40,30
50,20
44,26
94,62
18,80
111,7
31,7
33,36
18,45
37,12
14,44
29,32
26,102
27,51
50,16
39,70
16,6
184,28
37,97
82,14
37,7
49,57
35,34
18,58
48,3
158,176
134,3
40,57
28,59
83,8
89,49
87,27
105,19
42,167
102,34
141,4
110,9
18,122
34,26
51,30
93,6
45,58
82,14
127,28
82,25
71,32
43,52
69,11
58,5
108,147
40,6
42,32
39,7
37,34
23,17
112,3
18,7
36,16
34,6
44,19
54,6
116,7
36,10
202,42
108,17
63,55
64,49
23,16
90,55
24,32
25,2
30,25
142,20
20,4
66,11
21,18
47,25
68,26
15,121
41,6
154,138
35,35
122,8
48,79
41,8
31,14
57,106
145,74
85,12
52,17
15,48
143,7
93,7
28,25
68,25
135,5
49,115
44,23
31,62
25,16
36,32
157,76
26,23
74,3
65,41
24,14
28,13
29,11
19,19
43,47
92,60
217,56
59,17
21,15
63,10
54,69
33,133
43,3
33,4
145,7
90,35
101,13
44,48
103,6
30,38
78,31
32,74
15,11
62,71
52,50
280,26
111,37
33,6
20,65
25,44
23,8
28,17
16,82
88,15
79,44
110,23
16,133
197,27
87,51
189,144
115,132
189,97
15,18
23,56
28,2
58,75
27,169
39,9
40,47
43,3
62,36
90,20
36,37
164,16
193,31
65,7
56,89
105,110
78,14
19,61
223,15
19,10
17,36
86,18
19,15
22,3
273,35
27,27
249,104
44,59
17,7
65,24
50,3
35,5
21,25
81,22
134,21
70,14
127,4
35,3
71,34
62,12
46,4
61,44
50,57
15,53
60,21
16,7
95,32
92,12
28,55
47,36
85,36
147,7
21,110
27,90
73,44
69,77
86,21
108,61
15,23
23,23
216,23
104,47
20,8
99,38
108,2
43,20
81,27
61,67
44,19
50,8
30,78
91,21
158,49
209,25
99,54
48,2
46,96
48,31
28,77
207,80
16,10
20,12
18,2
68,22
64,38
31,6
44,142
17,14
16,30
24,3
98,48
32,3
52,57
29,3
31,13
41,19
72,6
56,62
40,35
26,3
126,92
195,11
33,60
70,48
49,126
152,19
16,18
142,4
55,17
89,22
29,62
18,12
26,21
16,43
20,26
29,100
23,8
44,111
86,126
23,50
17,4
75,54
62,6
19,42
51,114
92,5
152,35
17,144
21,7
38,27
32,15
121,63
100,35
31,87
43,14
62,33
21,44
20,47
37,70
45,3
19,12
82,5
54,42
95,7
100,7
57,12
153,34
42,31
35,10
42,32
179,118
57,64
142,121
140,6
113,9
59,82
61,14
32,30
77,41
71,108
29,25
14,18
108,30
51,3
42,5
51,13
15,49
31,24
42,40
24,18
64,11
21,27
52,16
50,16
58,16
193,20
36,30
106,6
79,32
49,5
132,72
25,14
105,39
59,147
89,12
87,21
92,26
31,39
143,107
27,14
76,9
19,109
17,14
45,48
16,21
85,175
26,60
96,60
71,14
18,10
21,9
36,187
61,44
16,124
145,13
70,19
16,25
35,66
40,36
44,34
83,51
184,22
15,54
41,60
16,41
71,22
21,55
120,31
29,198
29,23
65,77
23,75
38,19
43,14
51,32
23,87
20,23
60,31
17,48
276,24
84,25
77,17
114,54
247,4
76,24
65,32
80,4
44,14
39,15
40,20
53,7
17,23
59,9
91,82
131,55
21,93
25,19
59,11
67,178
97,37
27,36
36,39
86,23
29,4
14,17
53,39
75,44
100,14
53,15
34,48
30,13
43,13
54,38
63,10
57,12
23,114
58,16
62,24
28,17
37,4
70,35
79,83
16,37
45,25
28,33
40,4
120,3
22,23
107,54
173,18
22,7
25,2
162,5
16,34
37,84
32,42
36,3
65,32
131,9
53,96
80,28
20,69
17,36
144,100
37,59
63,68
24,27
30,31
206,47
78,13
43,44
56,29
27,18
65,42
28,45
81,34
57,5
20,12
34,4
232,70
146,33
33,12
66,29
197,25
20,3
65,42
41,50
69,12
21,82
61,79
41,27
15,3
24,33
17,12
153,63
35,17
38,18
65,55
27,5
58,2
18,25
26,72
102,15
43,10
36,65
20,35
104,5
28,26
93,19
26,11
55,76
34,12
29,45
79,24
80,58
17,8
119,15
32,10
35,44
102,20
23,11
97,73
64,6
49,146
69,59
114,54
66,2
20,10
25,25
44,70
48,32
35,66
17,3
98,45
40,7
103,12
82,11
48,59
59,100
73,99
166,11
25,16
81,71
50,13
74,13
96,12
24,28
28,8
68,80
195,81
47,11
207,4
14,17
35,86
34,48
20,34
79,22
51,28
26,91
221,5
59,4
92,112
32,58
24,113
28,13
92,15
91,19
32,73
240,2
78,2
132,51
57,119
14,54
84,29
38,56
20,19
123,76
39,96
87,42
59,36
15,28
79,34
41,29
26,27
17,21
23,31
22,120
44,14
56,31
27,71
21,30
18,7
66,20
122,18
22,7
182,12
241,46
20,24
64,18
15,74
41,96
43,14
31,58
45,9
15,52
120,81
55,6
98,16
116,24
39,49
160,3
27,7
37,68
18,123
46,25
60,17
35,15
21,73
71,55
110,50
61,61
89,51
80,18
68,73
76,16
35,65
270,9
81,5
85,13
16,70
20,55
29,64
116,8
52,17
17,94
15,9
77,4
34,45
17,213
55,43
25,48
122,51
16,79
32,24
82,97
15,14
44,14
26,33
27,23
45,45
150,63
124,92
38,48
131,19
19,69
16,37
93,29
35,3
116,65
22,4
54,9
19,29
64,84
76,111
29,118
102,7
33,27
165,21
63,4
79,10
75,13
40,61
42,2
132,10
65,9
44,69
29,36
25,42
20,75
32,10
19,15
35,60
36,30
58,8
84,75
161,44
47,11
21,4
23,46
27,13
56,44
15,9
69,118
33,183
31,7
140,29
22,42
110,5
101,4
19,151
134,4
232,5
17,53
75,86
17,8
49,33
63,8
32,62
62,36
22,17
55,4
88,154
80,37
60,84
39,63
173,5
25,45
74,37
36,36
75,81
115,31
61,4
80,21
30,29
16,8
58,47
18,80
51,55
149,64
17,36
199,29
100,11
34,2
24,198
32,29
95,3
189,111
255,33
134,30
30,65
61,15
43,34
176,117
66,113
82,92
51,73
50,50
57,81
23,46
29,11
28,20
31,71
30,30
132,12
16,63
22,32
30,9
136,59
35,16
48,11
44,10
41,33
18,74
258,19
32,93
44,19
55,3
71,53
67,102
16,55
47,14
208,164
14,7
129,14
37,74
47,39
47,19
95,88
49,20
79,64
51,27
39,23
82,70
25,3
22,26
144,3
138,51
20,32
16,44
26,56
67,50
66,6
51,52
16,20
75,60
268,62
30,17
63,11
66,28
36,12
57,8
117,39
36,27
54,172
42,95
18,117
53,12
18,58
23,4
63,127
104,45
136,26
35,6
57,25
78,48
101,13
37,5
19,26
88,9
22,120
30,26
38,70
225,25
26,3
155,19
100,5
18,14
45,39
64,10
41,24
22,140
246,53
38,11
59,140
27,14
72,26
36,18
237,11
27,81
18,62
185,57
98,10
27,80
85,37
70,66
40,35
35,51
18,96
22,35
21,41
21,218
106,38
47,31
14,50
31,11
49,33
30,5
47,34
24,7
45,13
46,83
21,21
68,57
133,29
62,51
75,4
70,50
44,4
32,132
30,14
83,23
142,42
31,32
52,19
56,16
95,6
113,3
27,44
58,29
16,31
73,101
57,47
41,31
41,18
52,37
34,8
30,30
306,33
55,92
73,105
15,81
68,2
55,64
82,17
19,19
74,29
89,23
67,15
91,52
63,29
86,20
42,13
28,4
56,5
42,58
72,48
110,56
23,15
57,17
91,22
33,36
15,5
29,21
49,12
14,6
43,45
88,35
42,58
73,28
70,38
14,24
101,120
32,15
92,48
21,67
48,21
75,38
66,35
19,25
76,11
65,15
165,100
23,133
84,48
86,28
69,31
20,7
46,9
36,38
84,8
27,9
112,63
43,30
70,22
22,74
46,19
50,75
211,31
119,80
92,3
161,92
224,4
127,30
48,37
30,99
63,120
33,35
27,31
39,22
21,15
19,91
147,5
63,19
19,21
67,3
55,57
26,15
131,183
108,3
78,16
92,5
17,33
144,32
77,78
55,19
201,2
53,36
27,92
131,34
269,27
24,25
76,16
32,23
130,58
36,15
28,23
69,95
21,31
85,30
20,25
39,10
98,29
37,19
116,9
35,50
17,53
66,139
25,44
30,18
27,4
61,2
61,26
134,121
65,35
27,111
52,127
53,7
35,48
15,23
44,47
84,95
23,39
69,139
47,13
173,55
21,32
17,5
125,110
32,49
16,28
50,21
109,89
17,56
165,143
32,34
33,9
90,5
28,29
56,7
42,30
54,52
23,20
94,8
16,35
43,22
31,22
105,92
25,3
18,35
27,65
116,3
67,16
76,142
29,22
23,62
29,36
41,19
141,107
21,6
151,12
131,98
37,29
32,46
30,11
106,8
92,41
19,23
76,14
54,40
40,9
24,34
134,6
50,43
87,165
18,37
21,9
74,4
46,135
54,64
29,14
24,7
21,4
174,108
68,13
116,38
124,16
21,16
21,2
33,29
44,13
85,78
34,8
30,4
29,16
72,89
56,33
29,30
16,26
32,39
40,34
16,12
139,43
43,27
14,126
19,12
135,132
24,11
42,23
109,15
17,19
79,57
56,6
22,49
84,17
27,10
87,29
14,27
33,17
37,49
209,9
117,32
33,98
48,5
42,16
81,31
144,50
57,13
55,22
16,21
51,48
112,96
27,165
96,6
54,42
49,49
156,7
58,67
48,36
17,12
85,17
25,22
22,16
28,14
56,2
156,27
41,22
103,39
96,45
45,110
119,148
23,8
40,14
21,8
42,2
56,18
17,31
68,51
24,35
125,33
20,51
21,12
48,60
54,94
37,3
33,15
40,14
66,28
105,48
138,24
15,17
21,4
89,90
74,19
134,13
26,12
140,100
18,52
38,17
17,81
34,7
45,40
69,46
32,62
83,64
21,82
25,112
48,58
118,11
54,75
26,93
185,4
88,71
75,11
21,21
61,116
16,73
49,29
29,39
23,34
63,35
19,12
41,121
40,7
56,5
40,27
48,54
72,98
23,26
37,10
79,4
51,14
71,5
125,33
55,8
36,45
20,21
95,95
33,32
66,7
85,4
29,28
144,4
92,39
15,70
52,27
64,24
49,141
42,80
22,61
43,22
37,93
103,8
17,120
140,2
260,102
54,16
156,21
53,11
17,4
42,108
33,16
38,10
58,17
171,17
96,36
19,195
29,28
50,42
124,30
26,53
20,3
35,41
93,74
83,3
61,74
16,54
107,2
36,2
75,3
89,13
116,58
64,125
20,152
15,116
27,117
33,23
19,117
24,2
35,103
58,20
43,54
57,30
88,112
47,3
39,36
16,15
121,9
192,43
56,26
17,48
45,28
19,76
240,3
106,9
45,114
87,16
15,3
25,4
91,14
88,18
26,43
70,4
76,4
18,26
15,44
42,17
18,36
20,161
76,78
68,30
67,20
52,195
93,31
48,55
26,94
182,6
42,64
108,32
30,14
46,14
34,16
72,31
77,43
28,33
31,30
162,36
88,15
86,26
34,17
15,63
63,34
58,14
19,91
31,34
26,28
57,110
109,32
69,89
53,61
78,143
69,25
58,31
28,3
44,39
31,27
30,11
99,43
160,3
38,9
77,8
76,50
15,38
115,10
14,16
83,7
44,59
35,22
21,2
107,5
24,100
14,18
35,3
40,229
39,12
15,78
31,25
57,4
89,84
22,70
225,42
35,29
110,11
29,23
56,21
243,6
31,90
19,73
49,21
16,4
124,46
167,119
69,36
116,29
148,44
23,77
43,18
29,96
146,15
110,20
38,45
85,101
207,58
22,31
104,19
31,21
31,60
20,10
61,7
18,52
18,83
51,25
41,27
38,31
129,61
84,72
35,18
28,7
54,11
68,38
69,5
123,72
81,29
98,140
209,26
34,31
63,55
72,3
18,66
51,19
187,4
113,2
27,35
93,74
28,106
137,60
20,44
73,3
132,214
26,46
71,48
47,59
27,10
122,31
31,49
61,30
16,33
14,7
19,19
102,76
66,10
92,16
68,3
16,91
111,5
78,43
156,13
138,51
47,91
42,26
129,21
25,7
147,16
51,145
35,24
164,21
54,15
100,60
29,10
100,30
58,20
44,16
180,49
37,20
86,18
15,8
47,35
61,5
16,34
185,7
84,65
15,11
79,17
55,160
25,4
64,11
95,35
24,18
32,89
79,20
39,10
15,8
14,95
43,7
15,82
52,46
141,26
42,42
173,83
56,17
73,44
48,61
84,27
204,31
42,74
118,4
93,13
17,19
38,35
98,139
42,32
33,6
22,51
41,51
18,38
23,128
166,130
31,28
31,100
77,42
27,13
28,61
145,42
65,8
64,123
15,67
93,22
102,38
58,3
31,157
123,102
70,13
55,21
81,120
55,11
56,15
15,11
31,22
53,10
123,8
19,57
151,7
52,26
38,29
65,12
65,91
24,22
21,3
184,8
99,31
105,100
61,38
89,6
20,62
100,20
56,25
128,156
28,5
22,13
219,23
41,20
40,12
76,31
42,54
19,3
41,10
102,152
35,44
87,97
107,42
47,107
17,22
15,19
21,27
98,39
70,12
92,42
98,53
44,112
15,6
100,37
183,12
35,5
114,188
24,11
62,27
49,32
17,6
31,6
48,92
70,73
25,16
76,3
38,3
31,15
14,38
41,113
107,18
87,65
29,12
36,37
287,94
47,126
15,7
21,57
35,18
32,163
52,22
157,5
18,59
48,3
22,47
71,80
102,84
33,77
155,4
28,22
26,29
19,25
18,42
139,8
67,104
89,36
106,95
15,70
36,23
66,8
36,10
73,20
43,62
18,4
33,57
76,61
134,59
37,23
57,11
29,55
62,60
165,11
61,16
130,14
144,24
106,15
216,41
33,41
44,23
214,3
31,45
101,28
108,60
76,10
20,14
27,4
37,3
36,27
118,9
35,42
83,78
69,6
109,12
19,5
96,84
63,18
33,15
26,26
63,23
14,64
34,12
24,21
165,4
51,8
113,14
81,26
194,5
66,103
16,19
28,66
22,11
39,41
39,37
41,12
17,47
20,36
23,24
29,5
34,11
38,10
39,28
30,43
24,60
206,75
45,34
22,231
22,62
29,75
126,19
15,42
20,20
34,4
22,25
53,16
40,51
31,76
48,17
91,36
22,22
50,19
170,19
26,187
274,115
45,7
15,26
37,42
89,79
44,7
19,11
171,101
21,26
41,4
31,5
22,23
79,15
131,4
26,11
36,7
70,47
186,31
180,8
17,167
18,9
14,33
28,29
20,15
71,44
24,17
222,98
53,8
21,7
24,14
86,25
49,83
40,8
86,75
69,59
23,28
56,24
44,13
65,33
25,4
58,51
45,2
101,37
53,13
34,14
69,3
30,23
33,39
37,27
51,60
105,25
34,49
38,7
50,5
72,5
85,113
24,5
58,49
81,28
46,82
28,57
33,48
29,4
24,14
31,21
128,48
52,22
54,25
20,2
30,52
16,210
26,39
61,76
84,38
41,8
25,195
40,97
18,10
38,12
30,6
113,25
64,90
17,10
91,52
17,15
86,16
84,32
85,52
33,27
94,35
24,101
34,7
85,38
23,12
39,66
64,8
50,53
57,111
88,27
309,4
43,35
186,48
83,29
19,44
138,35
58,25
48,38
39,18
33,73
14,56
102,30
28,33
47,42
37,19
61,49
82,152
43,44
102,4
75,10
43,17
41,84
20,5
65,56
16,4
76,30
42,57
51,12
73,26
54,3
268,2
93,9
109,126
170,130
48,6
18,61
20,3
139,9
22,41
84,52
70,7
130,3
99,74
55,26
47,29
41,19
25,44
36,8
142,25
100,7
50,40
67,82
59,26
83,64
33,32
41,20
37,24
24,59
69,64
106,92
16,26
16,40
101,68
28,40
65,9
44,14
28,8
175,27
46,42
134,13
85,57
163,2
100,51
27,31
103,38
75,126
45,40
99,68
29,36
109,46
38,19
60,8
134,17
24,51
54,12
37,33
42,26
29,17
114,36
20,68
109,59
32,11
41,7
25,5
59,63
50,31
82,52
49,67
76,4
67,21
39,123
121,24
40,31
23,17
62,36
108,13
79,94
240,3
85,2
32,61
59,66
47,33
17,32
19,4
44,33
132,27
71,32
24,35
54,6
20,2
85,15
51,57
18,18
18,27
64,162
34,69
58,49
77,94
29,13
26,3
25,34
52,28
22,24
31,24
34,5
67,83
58,19
62,42
184,38
20,2
49,58
85,17
35,26
160,5
23,16
29,75
21,42
96,33
61,102
23,5
44,15
40,6
90,6
80,6
20,10
28,78
41,3
15,22
29,10
34,18
62,6
17,13
37,7
40,103
59,46
79,132
26,49
19,16
117,112
95,138
72,88
43,60
23,50
15,5
17,3
29,135
30,10
24,26
20,11
34,17
83,74
74,15
33,18
35,45
85,8
18,82
169,5
18,15
66,23
36,61
24,36
215,35
78,4
48,73
162,63
31,33
107,9
70,44
17,29
49,17
105,37
20,176
79,47
41,27
110,2
125,21
15,39
16,143
65,21
58,23
35,22
96,10
191,7
22,56
92,4
26,63
113,8
25,10
73,15
43,11
54,24
78,34
61,25
23,71
45,8
84,48
17,4
106,15
33,13
37,35
200,19
94,23
42,6
51,37
19,40
77,37
29,96
37,19
93,20
95,6
93,49
136,68
48,23
17,17
19,190
43,18
76,48
139,15
23,52
65,9
57,43
110,53
45,33
34,31
80,4
58,3
46,81
15,28
39,47
76,11
26,28
32,87
66,16
56,40
33,4
188,112
47,88
18,20
182,17
15,129
27,18
70,4
42,100
160,53
41,4
144,6
69,117
67,13
38,7
29,27
25,83
175,17
27,157
45,24
61,101
22,17
21,10
27,5
63,15
302,6
72,5
19,44
54,27
22,14
54,10
44,86
43,27
17,69
19,40
66,11
22,14
23,22
27,99
28,144
84,28
66,37
121,11
99,102
229,11
53,36
69,10
48,59
22,100
26,67
36,83
66,90
18,12
153,14
99,57
49,110
63,12
72,4
40,28
54,19
43,23
31,20
61,4
90,34
32,60
133,9
206,42
40,5
36,31
84,65
53,125
38,63
167,50
165,17
46,14
19,71
39,46
36,123
63,22
14,48
115,73
87,137
83,8
24,102
91,18
35,9
74,40
91,36
49,85
126,89
65,19
82,23
38,27
50,21
19,10
18,5
39,9
42,59
96,28
30,133
181,3
91,16
54,9
22,143
47,26
89,31
17,11
14,8
85,75
33,70
57,13
45,53
63,35
171,28
83,12
15,69
130,19
39,7
58,11
31,36
97,27
28,45
121,2
128,17
305,69
75,83
86,98
119,5
15,46
45,10
39,13
69,18
64,80
211,30
34,48
19,15
118,67
23,4
30,13
57,45
36,29
35,12
42,11
26,61
24,15
98,22
67,26
61,45
60,29
101,34
24,51
33,42
32,27
24,13
157,30
79,26
28,58
23,52
83,101
121,36
19,4
54,8
29,26
41,30
66,41
60,68
57,32
23,34
93,23
30,25
129,13
63,81
65,25
21,8
52,36
22,53
24,70
62,16
34,9
70,5
14,5
47,42
66,47
67,40
87,9
62,89
23,22
96,5
61,31
101,18
167,45
37,47
102,19
17,15
226,13
22,33
86,13
71,40
99,6
94,17
22,46
83,83
37,57
26,27
23,21
78,26
158,39
39,16
66,94
26,18
16,101
123,44
24,17
42,23
30,25
229,6
275,170
76,34
88,69
21,30
36,77
20,13
48,16
17,41
25,27
30,26
43,53
21,49
15,26
71,23
14,14
17,40
45,41
38,113
39,90
42,16
55,9
20,36
42,51
23,2
70,37
112,6
21,37
90,53
40,53
116,14
107,15
41,11
38,40
25,10
248,68
168,8
161,51
102,5
21,11
31,153
25,21
34,32
58,18
265,7
97,42
80,6
47,62
86,61
36,15
72,23
89,101
43,39
269,45
17,67
81,16
40,127
17,107
57,6
75,95
166,14
21,25
128,21
131,51
41,82
50,66
47,15
153,63
41,6
57,140
81,18
34,14
26,15
20,22
69,73
23,20
47,27
37,17
34,100
18,26
81,32
49,17
16,62
37,30
153,8
110,171
27,18
73,8
17,10
21,97
17,73
56,86
61,120
44,9
23,16
128,23
62,22
177,89
60,68
34,45
37,18
138,47
78,34
61,34
35,33
35,60
57,8
14,34
25,68
223,23
16,12
64,5
29,5
27,41
185,24
70,120
42,40
82,19
17,90
164,2
104,4
46,107
21,14
91,36
15,111
63,28
56,22
66,2
16,53
48,27
148,44
46,7
88,33
56,49
16,15
67,4
48,61
19,11
28,88
77,35
42,11
50,13
23,7
49,15
97,141
181,8
163,31
108,16
80,28
20,11
32,69
35,39
57,5
127,37
43,53
120,5
45,27
135,42
63,20
14,30
248,33
30,57
44,41
89,23
62,39
65,36
99,39
82,22
36,72
29,17
62,11
30,81
40,4
35,28
65,9
34,111
17,52
101,6
215,16
30,82
42,48
78,15
110,11
80,8
63,57
49,77
37,10
35,165
19,35
275,55
21,9
86,41
59,15
27,47
26,131
18,32
63,36
55,52
71,104
87,23
39,174
26,22
50,5
67,41
78,4
41,39
69,74
21,70
275,12
75,12
27,28
22,10
43,13
146,26
68,53
135,7
49,86
54,43
79,3
58,3
87,56
70,57
43,8
36,7
56,82
18,27
32,17
43,9
40,65
96,137
30,5
43,8
15,33
30,23
63,22
72,40
197,102
152,35
86,28
48,58
48,132
161,3
102,15
81,26
89,82
79,55
103,23
107,21
22,42
31,26
23,10
83,89
24,36
18,29
17,38
39,5
236,93
31,7
43,14
68,7
72,10
207,35
71,13
128,9
16,27
38,18
36,4
194,23
77,46
264,6
19,22
146,10
38,32
74,25
25,75
34,61
56,87
90,33
248,42
19,47
20,13
58,6
48,143
135,4
32,104
47,11
86,21
96,73
61,24
36,4
30,10
131,82
36,2
154,5
47,21
31,113
24,38
96,21
72,19
126,52
118,10
65,67
98,28
38,221
80,14
275,39
118,20
126,3
22,10
30,3
126,14
86,14
31,15
83,16
35,30
133,10
21,40
19,31
36,24
41,9
28,19
63,51
96,57
119,15
55,38
77,38
66,30
56,37
102,2
44,34
55,51
101,24
31,64
35,21
18,10
65,75
28,4
32,8
16,16
47,8
18,61
198,71
17,2
40,7
247,166
16,82
27,25
45,23
26,5
15,55
16,33
67,22
45,23
174,20
28,56
32,60
220,41
18,23
50,30
32,42
31,75
28,21
49,30
221,16
117,84
40,62
235,22
178,207
275,40
38,89
166,22
124,20
50,14
39,70
116,99
92,49
26,67
70,124
45,7
150,17
237,13
105,62
96,81
88,12
21,46
24,109
32,52
183,31
112,28
36,105
186,9
54,23
73,48
28,81
73,95
33,73
129,103
30,41
28,24
59,38
99,86
29,39
30,47
18,28
47,11
38,16
30,87
106,13
105,5
89,75
25,27
65,31
22,16
80,16
52,27
155,55
46,50
53,8
41,24
32,6
24,25
33,4
113,22
19,80
136,7
35,18
62,26
37,27
90,13
40,13
73,13
88,26
25,7
60,16
20,37
124,93
25,3
66,27
37,35
23,41
20,16
43,33
34,6
80,23
67,34
79,20
30,4
32,47
52,14
37,73
69,15
45,40
16,27
34,3
36,91
74,35
63,20
61,57
39,8
80,50
37,77
88,11
17,51
88,12
18,31
190,25
32,46
65,28
52,108
155,17
28,118
193,150
92,2
130,10
39,17
28,46
32,43
40,24
39,88
15,3
43,35
105,59
53,39
14,32
14,21
19,4
50,23
29,106
50,7
20,24
74,33
25,54
72,53
95,60
167,62
172,2
23,46
33,40
90,3
96,33
60,5
50,30
20,38
104,5
61,26
41,10
38,29
102,84
22,14
33,51
87,29
35,20
21,41
116,44
70,19
29,44
14,68
118,46
20,4
26,8
32,40
111,78
45,39
106,33
41,39
28,6
142,42
91,21
30,8
41,2
32,49
18,112
48,46
47,64
20,34
22,89
34,90
27,14
30,10
15,144
31,114
26,69
118,28
44,35
16,8
20,9
99,150
14,91
20,33
48,25
65,9
25,25
32,91
25,13
66,75
28,12
41,89
17,38
22,12
43,81
21,15
66,26
90,68
91,4
17,21
17,24
16,9
63,8
181,57
19,5
35,35
39,27
66,163
18,7
46,19
36,79
59,38
33,40
69,21
71,28
28,34
52,33
151,34
41,33
94,66
77,83
92,48
50,70
62,3
23,52
42,5
54,75
20,17
72,15
160,15
152,58
26,11
153,32
21,37
55,3
121,76
95,31
31,11
30,23
89,51
51,45
119,153
76,79
135,75
88,8
57,20
14,6
39,30
41,5
27,2
33,30
174,8
121,14
183,3
44,33
118,16
69,4
27,24
62,11
54,80
27,45
61,60
92,21
243,115
53,21
39,5
25,14
93,148
111,12
128,38
215,15
109,30
26,71
44,48
73,65
85,54
72,96
86,19
64,20
77,42
28,95
39,96
28,19
302,146
184,23
108,38
30,28
26,16
31,126
51,8
113,34
98,11
50,70
15,58
19,21
70,3
97,8
27,122
17,26
16,31
31,18
67,74
60,150
88,77
174,6
257,37
83,72
251,27
41,42
22,17
62,12
132,93
51,49
29,14
76,30
73,28
63,3
71,50
42,27
53,20
84,135
77,62
178,41
47,25
44,10
31,173
16,34
34,86
56,26
80,16
19,5
17,49
129,8
242,14
77,77
27,9
149,52
51,83
59,55
23,64
78,9
29,6
188,26
79,88
66,48
97,38
76,27
53,87
77,76
31,51
180,55
67,17
126,29
44,13
101,95
31,24
17,14
101,28
85,198
25,10
47,67
148,223
61,103
89,3
89,20
130,34
49,13
66,28
53,5
46,68
29,47
161,3
135,8
39,8
87,43
38,17
28,43
208,25
96,29
43,100
298,54
38,62
19,160
67,14
51,30
53,8
29,32
79,39
25,38
31,19
37,4
33,52
19,6
42,13
104,4
25,11
65,71
91,214
39,14
36,8
51,3
153,28
24,19
185,6
135,10
30,10
24,2
26,25
78,3
16,17
48,22
53,6
23,25
19,29
101,2
25,2
37,18
20,85
18,107
119,45
48,139
26,20
78,57
105,22
41,3
25,130
28,20
43,45
29,21
94,41
79,43
59,37
18,34
17,34
24,2
186,25
61,2
73,44
64,79
156,29
37,7
18,37
23,47
32,16
157,10
18,51
27,58
107,3
96,4
53,17
74,151
26,5
64,39
101,36
20,42
95,36
19,22
46,68
57,21
18,58
74,48
53,40
167,44
54,62
117,43
167,7
46,2
53,53
139,21
108,60
85,33
132,34
29,65
22,86
287,14
20,31
35,19
126,18
83,70
25,68
100,10
67,33
53,34
124,28
95,7
105,66
38,3
27,13
17,27
209,4
41,15
28,7
25,39
76,4
53,9
23,174
92,88
20,31
115,41
85,28
118,79
15,82
74,32
127,37
15,14
57,16
76,96
15,11
48,30
295,71
64,3
127,5
14,39
15,25
49,78
16,57
58,7
40,8
27,9
112,5
24,41
47,5
20,21
34,74
33,17
30,46
142,71
25,5
20,44
15,8
175,125
40,52
110,22
36,117
139,52
25,92
52,4
80,43
104,85
37,10
81,53
58,17
16,106
49,25
70,26
48,84
229,63
121,17
25,44
66,31
22,24
49,41
40,63
83,33
98,8
63,28
60,2
159,18
40,17
29,24
81,4
34,2
284,46
87,6
37,19
17,39
26,11
82,14
121,36
30,51
31,3
26,28
46,42
78,26
83,36
110,13
104,45
133,68
19,58
31,19
122,24
81,18
40,17
40,124
21,5
21,48
110,131
36,48
31,126
17,46
17,24
49,20
36,50
105,102
125,12
14,37
100,53
25,26
127,15
51,38
208,26
30,180
92,118
123,43
21,69
141,25
72,22
165,15
20,62
23,16
19,4
47,5
63,46
24,16
21,55
167,36
38,5
70,205
47,17
30,43
71,39
39,8
214,80
20,49
110,52
110,134
18,38
38,11
73,3
53,28
17,11
65,74
118,56
74,45
42,15
72,51
71,16
27,63
89,12
66,114
44,19
80,13
33,3
120,65
164,120
15,6
65,23
60,20
74,49
27,77
62,10
40,41
83,50
29,24
19,65
76,48
28,114
60,17
28,34
69,22
27,17
17,4
88,24
32,28
20,57
91,31
35,48
152,30
55,43
15,61
53,5
27,19
62,65
15,29
195,22
91,23
14,95
130,25
25,17
36,78
92,47
100,16
28,49
111,35
74,56
104,19
47,15
73,27
57,7
56,32
44,7
28,16
118,34
45,71
35,2
47,6
92,13
76,109
29,122
118,22
25,26
24,22
55,28
35,76
37,7
28,15
52,65
20,31
25,39
75,11
32,16
40,26
28,59
20,29
44,53
22,33
50,65
62,7
91,3
126,5
22,50
83,14
18,23
17,222
137,81
27,34
29,17
55,6
49,29
103,33
88,21
78,146
44,6
18,23
165,21
17,21
26,92
60,20
29,13
73,84
46,38
72,28
60,8
142,16
35,4
42,13
15,55
178,20
28,10
139,43
119,39
22,28
67,68
42,44
61,10
90,8
36,55
58,15
67,33
44,7
88,27
16,15
105,49
37,26
38,17
35,13
53,60
42,70
41,46
102,154
22,128
245,5
21,32
39,5
29,16
121,2
55,125
20,69
60,71
19,9
30,62
68,112
32,17
24,11
191,89
70,9
32,11
90,21
19,17
56,65
94,49
32,59
83,117
16,47
134,22
18,65
99,36
41,24
26,7
40,108
17,99
83,13
67,36
52,71
70,71
30,6
18,144
189,10
69,86
28,26
81,71
58,34
23,34
150,24
25,4
14,54
30,5
43,5
40,19
239,12
42,106
42,19
15,9
33,15
36,31
63,10
34,73
50,28
44,23
163,21
19,55
51,24
82,3
204,19
124,37
183,6
156,11
97,28
84,11
110,51
24,38
55,10
20,11
235,5
97,46
209,9
76,56
39,130
125,18
80,39
50,5
33,104
27,28
189,9
26,18
27,67
27,13
26,19
14,40
14,56
15,58
36,19
28,23
180,8
56,14
47,60
43,12
28,69
222,37
28,11
37,45
199,25
36,12
236,8
18,10
34,16
22,20
82,4
17,45
157,25
23,49
57,30
151,4
20,8
47,12
159,41
47,82
15,5
25,25
78,44
73,57
27,69
28,3
44,22
95,35
108,19
15,24
106,24
49,7
120,37
69,4
39,120
108,23
49,29
182,37
137,80
54,31
37,20
51,48
89,18
22,7
45,49
49,10
61,49
35,33
43,45
40,9
100,52
145,6
91,70
260,44
30,15
42,59
47,76
101,52
43,15
187,55
206,23
27,43
150,38
21,10
154,33
54,16
45,87
21,7
135,141
17,90
62,3
125,73
26,31
94,29
37,28
93,26
18,27
41,72
40,33
55,14
63,61
50,29
31,65
23,5
53,19
91,25
54,14
30,19
33,107
36,34
69,60
34,21
17,26
101,56
41,26
66,16
125,45
213,205
101,7
56,2
65,14
36,16
125,83
124,48
17,36
17,44
21,124
16,12
46,22
25,37
35,23
38,20
56,26
286,27
132,28
26,52
20,24
87,75
42,44
56,14
101,11
107,26
30,20
23,107
26,26
40,39
89,17
53,29
19,6
35,45
66,30
38,88
67,190
83,56
161,17
37,31
59,84
20,110
32,74
51,53
78,9
147,25
37,57
21,92
49,4
169,116
17,16
18,62
42,80
22,15
14,31
64,10
59,11
29,3
94,14
90,17
25,20
51,48
75,88
73,39
109,17
25,31
40,98
28,9
30,46
132,107
110,7
18,28
29,87
28,91
108,21
48,7
235,8
24,20
37,47
140,52
71,9
52,35
93,5
105,5
18,45
41,6
103,35
61,87
31,13
16,15
78,76
39,81
66,162
30,8
109,8
19,60
43,46
28,20
79,27
31,32
72,34
15,47
15,18
40,31
101,15
17,17
63,8
14,15
37,26
52,27
33,15
93,22
70,99
128,35
74,30
20,41
14,16
107,54
34,93
42,124
29,78
47,107
113,45
218,7
19,68
52,28
69,56
38,34
129,28
68,24
28,17
44,80
59,127
112,24
25,3
175,171
33,29
42,10
57,87
19,25
192,23
86,11
61,130
41,20
20,114
47,4
39,43
256,18
119,14
41,29
43,17
52,35
26,20
57,26
44,45
152,32
84,9
98,63
39,4
87,148
27,61
18,63
14,33
45,28
160,10
121,28
14,25
14,16
115,44
102,67
62,9
28,13
22,107
29,45
142,53
184,10
24,61
111,3
98,18
71,10
59,11
20,8
105,77
38,17
45,111
60,33
17,13
25,43
104,13
190,27
60,6
30,6
28,10
29,72
35,50
61,16
22,55
62,12
21,24
30,46
19,6
44,30
15,15
24,5
61,21
72,76
38,28
29,136
71,13
63,108
33,55
27,25
152,88
122,21
41,71
21,64
27,36
64,125
64,13
117,76
76,76
23,67
34,44
35,32
16,17
77,48
17,31
76,30
89,34
63,22
17,67
37,22
33,26
61,60
70,2
25,80
56,10
52,5
135,13
21,7
50,72
66,41
32,59
217,168
98,168
289,3
47,4
20,75
26,17
29,91
124,2
55,15
80,4
45,6
70,17
30,67
90,234
32,69
52,34
44,44
73,31
16,11
39,26
39,15
113,12
118,20
16,14
61,56
32,90
173,17
39,66
17,39
183,20
23,17
87,16
99,25
35,49
92,16
37,38
50,9
32,30
33,104
83,5
77,22
15,3
66,41
149,46
35,83
83,28
37,14
15,95
43,6
17,35
52,92
210,3
28,3
21,15
88,40
152,14
58,20
65,125
79,17
35,14
37,22
15,23
31,42
48,103
29,92
76,76
62,37
33,89
89,29
86,27
45,64
76,56
162,82
67,80
85,7
79,22
19,125
132,7
14,3
22,24
37,4
45,98
64,19
86,9
93,45
38,52
186,22
115,38
63,23
54,55
50,40
86,11
131,22
121,4
14,3
81,193
53,66
30,99
20,33
16,19
63,127
64,10
46,9
42,14
30,114
43,46
28,21
18,14
23,24
74,51
73,13
178,92
31,131
43,51
49,23
63,3
56,67
18,16
68,23
39,80
61,183
35,77
79,20
32,48
153,3
153,7
61,14
54,6
182,44
40,86
62,28
54,7
32,11
171,22
40,64
29,16
34,119
82,3
112,37
224,17
23,7
125,49
84,88
27,43
140,47
97,35
51,8
20,13
18,10
43,54
66,8
50,11
58,83
46,31
38,31
53,96
58,62
71,87
68,55
84,19
129,77
28,148
23,5
119,90
94,12
15,48
145,14
51,5
28,8
112,2
106,69
51,10
22,22
96,3
116,3
114,4
53,15
115,9
99,130
43,150
151,8
30,18
34,28
62,32
37,124
45,16
107,45
65,13
18,95
73,52
24,4
45,8
161,5
63,17
42,24
58,10
79,28
171,21
167,29
20,40
36,25
19,41
48,147
121,94
141,27
46,19
27,4
19,4
83,9
46,46
24,44
20,42
122,60
31,9
20,44
198,197
97,21
29,14
32,7
123,39
33,20
40,84
35,24
16,54
122,7
107,142
35,17
22,195
142,13
25,67
16,14
70,17
14,30
204,22
37,124
161,110
35,18
14,21
31,6
138,54
100,26
35,4
76,16
26,43
21,21
28,33
27,3
261,21
28,29
131,36
28,26
24,100
83,116
94,13
100,9
18,6
55,20
58,37
119,81
78,22
64,104
24,35
16,74
119,93
23,41
79,38
236,20
220,10
129,33
170,23
25,19
16,24
54,15
17,7
58,12
15,87
48,21
18,20
58,4
45,20
18,91
130,3
54,4
14,11
20,47
115,63
105,45
88,74
40,64
149,90
17,10
53,13
139,79
26,82
30,7
44,12
112,4
142,13
30,64
100,81
45,88
107,8
82,44
119,34
22,92
54,41
58,29
107,7
79,8
52,14
124,63
71,120
48,77
111,52
124,8
140,101
64,48
34,163
38,35
17,64
269,112
94,14
20,91
36,14
39,169
36,103
74,4
31,24
16,74
43,20
55,16
64,26
138,8
145,15
56,7
115,226
82,12
170,10
38,51
14,18
50,38
42,30
76,42
79,21
30,20
24,32
51,13
140,146
56,14
51,47
52,35
18,40
100,13
84,35
29,10
150,6
36,17
175,53
59,44
75,13
29,26
37,77
37,62
55,80
21,12
16,19
154,10
22,12
62,13
64,32
43,32
48,25
80,43
20,3
25,92
221,3
149,14
50,7
136,94
29,52
15,45
24,16
230,195
30,4
73,5
75,2
81,36
35,16
49,37
41,36
26,25
136,9
80,78
16,59
31,40
19,126
18,93
121,12
105,77
33,73
33,26
122,6
139,3
89,25
115,10
40,19
59,42
65,26
56,40
16,33
161,18
117,150
39,10
22,59
48,64
17,17
19,9
57,7
108,55
94,4
19,6
122,31
58,52
21,58
45,24
52,29
42,135
120,32
106,75
33,31
109,91
41,32
52,34
93,8
72,51
14,19
31,11
71,47
106,78
150,4
24,5
29,23
20,16
38,86
32,25
49,25
64,17
27,10
20,14
67,11
122,5
146,107
64,32
194,11
75,9
20,24
41,108
26,130
44,76
79,24
90,52
56,14
150,66
103,39
51,6
42,84
115,118
73,14
102,113
25,14
62,67
31,14
21,64
31,53
26,9
42,10
25,10
60,38
66,25
26,14
68,57
129,8
23,29
95,11
61,14
37,17
114,15
36,21
23,30
16,26
110,15
70,91
58,41
24,139
125,13
18,22
79,6
49,169
38,44
230,20
78,9
104,32
35,99
168,31
20,5
27,30
36,49
45,57
50,7
47,133
121,26
51,38
25,52
222,24
28,39
48,22
128,16
84,6
279,20
16,23
22,2
14,26
81,4
44,143
87,5
35,58
37,68
28,95
25,15
57,13
93,6
42,45
22,7
32,25
66,17
15,16
53,94
147,99
81,4
42,13
105,8
72,42
69,8
21,9
103,132
134,13
16,9
19,11
77,8
20,20
19,16
43,45
31,19
38,9
18,4
151,18
84,18
76,8
125,43
88,7
90,29
86,66
287,8
28,34
23,88
19,13
42,36
51,29
48,19
73,44
169,28
92,22
15,55
24,34
29,18
22,8
37,15
71,185
45,24
28,2
93,10
33,6
37,15
14,150
19,5
32,43
75,13
104,6
22,27
31,62
69,25
70,28
54,17
25,21
21,6
93,105
129,41
47,108
25,89
63,20
215,24
186,54
64,12
74,52
87,44
27,79
54,59
17,18
113,32
15,61
16,147
121,5
64,25
21,41
137,28
25,84
64,54
33,27
44,21
15,27
113,111
123,17
40,22
50,9
227,15
149,29
29,16
14,26
122,32
50,32
31,4
107,22
40,7
57,22
101,18
27,24
31,56
17,67
77,35
55,22
95,21
70,117
94,24
30,3
152,30
34,64
15,5
31,17
19,13
21,71
15,7
31,6
33,107
17,16
97,34
127,28
143,12
170,29
67,112
61,27
30,20
52,162
17,25
51,150
27,19
33,72
43,10
21,11
40,22
95,27
74,23
33,55
92,10
129,43
37,5
24,17
25,37
25,40
29,34
16,29
15,76
32,8
51,18
61,59
83,17
31,151
74,37
56,6
17,14
23,60
87,22
77,56
41,30
18,12
176,29
30,21
15,19
50,4
35,16
19,23
30,7
45,10
18,38
83,90
65,60
102,23
75,19
67,20
32,24
38,109
73,9
30,88
130,128
26,19
91,48
16,20
44,143
126,4
102,75
88,6
19,26
44,19
31,22
37,17
31,188
40,31
33,55
76,49
69,31
254,38
23,21
91,17
38,119
77,18
18,139
164,35
109,18
144,40
42,5
70,4
241,19
126,38
44,52
23,21
172,41
20,41
152,139
44,24
167,34
32,24
144,49
113,15
15,78
36,49
18,22
29,14
36,12
59,34
154,110
176,13
19,3
27,21
41,34
17,14
55,21
17,34
271,10
44,6
31,73
27,23
60,19
74,68
19,10
69,4
51,23
77,119
28,7
16,101
89,39
53,34
79,79
107,6
140,47
208,16
22,6
63,4
75,58
71,49
32,10
55,55
136,13
22,11
57,45
134,6
97,11
202,9
21,27
200,19
20,45
22,12
71,4
156,32
163,61
44,81
45,104
29,103
39,32
76,119
102,15
16,156
52,8
70,58
17,13
185,7
18,63
17,3
25,35
29,48
72,4
33,28
56,14
55,26
125,40
44,76
132,38
56,76
42,99
59,27
150,89
39,43
44,41
62,8
23,15
23,26
16,62
23,18
25,9
22,16
44,44
49,94
127,14
141,3
32,23
22,62
15,72
35,16
56,50
185,119
57,18
67,36
43,23
50,37
80,4
143,6
16,23
38,32
115,33
49,94
47,15
37,71
23,31
206,10
41,17
22,24
70,13
19,17
163,10
58,51
70,34
65,18
91,70
108,11
43,43
45,18
214,41
36,36
72,31
26,28
25,51
115,62
21,8
120,19
44,6
72,35
42,17
112,12
64,27
81,90
92,18
91,26
33,208
18,40
122,117
18,41
26,15
79,44
28,9
24,9
22,112
59,72
33,44
18,43
22,81
112,70
71,15
103,8
41,7
21,6
108,57
70,52
47,19
15,33
115,19
70,43
55,43
111,47
41,30
119,17
97,23
71,14
73,46
15,23
124,19
79,7
88,26
32,89
20,37
30,29
45,44
51,38
54,38
21,10
21,9
99,25
164,33
56,74
47,25
94,25
25,38
39,77
42,56
79,60
83,58
74,76
40,23
47,58
25,4
80,7
80,4
75,24
27,79
24,37
24,57
117,66
31,34
17,66
15,3
15,49
29,69
18,15
36,45
45,30
47,62
21,25
136,13
51,63
23,46
28,37
53,5
42,11
140,62
36,18
64,16
166,65
132,15
16,118
20,94
21,26
45,65
43,21
43,47
76,138
70,19
26,82
30,4
38,5
18,104
247,9
29,36
61,123
94,79
86,35
21,16
19,12
58,5
36,29
32,6
20,6
17,86
30,56
76,4
113,112
131,10
29,137
30,45
77,65
33,37
35,21
32,2
49,7
99,35
57,11
113,34
143,64
26,34
275,36
77,127
54,61
52,24
17,78
21,2
19,14
53,52
108,23
40,13
69,87
49,3
181,60
117,28
37,13
29,23
41,97
44,20
62,37
99,62
301,41
36,6
59,30
97,183
75,166
86,35
67,105
48,14
25,98
47,6
18,5
67,46
54,124
45,74
19,4
18,17
47,33
37,58
152,62
83,2
88,64
20,34
58,54
181,17
187,14
135,8
32,218
106,27
82,47
104,78
73,16
28,9
80,18
115,18
18,22
22,27
61,74
80,11
46,16
148,17
33,40
48,45
61,52
107,6
82,7
31,58
23,36
64,6
80,53
72,48
16,10
23,20
105,4
52,5
263,25
20,168
38,12
32,28
14,37
49,22
55,45
42,74
21,72
24,6
18,86
17,18
19,3
137,24
110,10
235,5
20,78
14,38
117,86
148,64
34,65
38,22
31,24
21,22
108,17
49,41
29,11
74,82
18,7
25,56
65,85
73,46
159,68
26,5
84,6
20,19
37,20
91,32
18,6
87,28
53,47
77,11
26,14
25,58
33,84
91,63
65,44
43,8
15,15
27,28
81,53
35,11
59,4
40,4
16,9
26,2
35,4
49,100
72,41
57,36
50,13
16,31
80,5
73,21
128,146
32,21
111,46
79,38
35,41
48,19
30,55
16,20
94,6
71,39
28,41
25,7
19,113
128,30
134,28
38,30
37,33
137,46
49,17
58,200
168,18
195,16
79,14
308,22
138,9
27,22
49,29
20,99
72,31
70,9
17,8
76,24
152,136
58,27
91,39
22,32
23,49
101,101
80,35
235,30
21,21
70,8
69,31
24,3
37,39
48,127
21,122
129,2
30,14
45,128
35,32
86,21
19,82
37,24
35,120
99,22
91,43
76,46
77,61
61,7
23,55
44,21
18,15
122,106
56,25
29,19
88,46
17,6
29,55
78,19
53,5
15,95
82,4
203,62
17,32
23,109
47,22
102,27
33,77
45,5
69,94
61,36
15,38
99,38
40,22
43,26
36,41
96,30
130,9
20,3
22,24
41,9
50,19
36,42
19,130
70,33
135,20
55,44
26,4
77,29
48,25
71,64
122,50
14,22
41,73
63,11
80,51
31,102
107,60
15,51
138,36
56,24
46,36
240,40
113,134
18,5
37,70
30,71
18,41
61,11
104,25
53,40
28,10
94,40
65,73
34,93
18,198
152,28
54,53
199,50
78,113
45,8
22,124
88,25
35,16
98,17
41,34
218,68
197,22
108,8
34,58
25,5
86,92
82,22
99,27
284,34
16,62
211,15
17,86
105,3
45,17
127,20
63,16
52,27
44,4
53,8
90,13
20,115
33,103
54,36
114,4
121,9
29,9
39,93
102,26
85,173
161,166
49,33
17,181
26,28
58,51
24,12
186,3
31,24
36,58
17,66
33,75
53,7
19,32
23,34
89,37
34,9
59,33
55,27
14,24
142,22
14,13
26,27
16,40
98,38
17,16
61,9
91,19
100,95
15,67
19,38
179,24
20,32
25,30
93,43
39,197
52,13
55,82
32,46
74,3
57,36
32,161
23,55
30,46
41,103
35,52
66,20
38,19
73,45
82,31
19,27
49,5
55,78
77,4
22,16
32,58
44,36
101,9
18,48
38,47
62,98
33,15
23,49
36,102
153,7
39,27
33,164
42,11
23,109
41,47
29,91
16,107
87,6
22,115
188,16
91,138
27,18
16,14
40,71
194,5
46,28
90,97
90,3
36,16
103,21
16,3
139,126
17,13
27,2
14,70
16,4
25,24
35,12
112,10
134,86
153,61
17,13
136,15
116,16
129,45
150,7
72,21
151,14
39,76
28,36
55,26
44,30
105,89
145,9
82,56
15,52
113,3
87,29
106,19
140,4
26,57
74,19
91,87
84,23
76,51
36,57
88,45
18,19
30,14
26,27
25,81
31,133
29,58
30,4
52,23
28,76
87,13
23,3
93,5
28,15
35,11
77,5
44,24
17,39
18,32
112,51
130,8
49,11
75,2
68,87
29,16
75,16
17,42
87,51
102,48
32,15
98,16
78,13
42,22
43,37
117,38
24,52
46,48
20,8
41,12
138,53
32,6
92,177
105,78
165,4
40,18
24,10
46,6
20,7
50,90
14,16
41,193
131,2
55,24
64,5
75,152
19,48
36,63
94,61
55,8
20,8
79,91
80,103
72,7
215,4
37,23
39,22
59,76
66,34
167,22
24,100
142,10
55,23
39,22
56,50
23,6
18,42
80,41
76,36
245,47
138,16
77,18
76,6
145,27
89,52
25,86
167,99
16,33
128,56
114,55
26,90
32,43
169,5
32,2
30,16
28,110
236,50
62,49
25,85
117,103
15,128
68,6
50,4
105,7
35,45
73,116
111,50
16,25
64,35
83,24
31,57
54,42
26,4
121,203
172,89
20,37
19,39
153,29
24,5
68,105
24,8
156,61
61,2
23,64
36,40
154,13
60,37
34,165
24,67
49,134
43,34
24,25
34,47
62,35
24,34
56,33
30,103
20,9
271,34
149,16
26,11
20,7
26,89
17,8
86,18
26,6
33,76
78,58
41,60
134,112
153,38
109,23
80,47
73,90
59,36
39,20
170,7
113,5
44,51
93,12
17,121
48,59
24,20
32,8
110,76
144,10
56,6
43,53
39,16
96,20
100,22
40,53
59,47
42,13
14,12
52,6
17,12
52,37
15,6
28,15
27,10
43,8
33,36
107,79
20,6
20,34
21,14
46,4
66,9
56,24
95,25
119,71
50,8
17,35
102,14
21,30
19,24
59,70
112,39
41,9
138,87
18,31
50,28
74,206
15,55
35,67
24,27
56,62
64,33
91,52
15,51
177,74
34,31
19,4
21,83
41,39
238,20
14,13
219,35
91,26
73,73
49,45
164,62
100,164
129,75
133,74
56,4
29,14
16,42
23,78
85,6
14,3
58,83
26,22
43,53
128,3
121,11
35,87
102,22
14,10
61,28
34,58
172,3
96,26
15,91
24,35
30,10
23,69
16,22
80,40
174,142
57,19
35,26
71,53
70,10
94,58
81,33
40,14
250,16
39,24
64,35
18,20
123,43
31,43
48,14
66,12
64,36
20,57
91,55
160,20
83,127
55,45
19,53
46,17
27,42
41,13
70,8
20,9
19,31
28,70
16,9
34,37
62,20
77,11
21,5
48,29
152,13
222,38
124,22
59,52
98,65
24,24
64,29
58,6
70,25
81,36
47,76
15,18
80,9
112,18
33,27
15,7
127,197
61,41
88,55
34,16
43,24
39,18
23,15
126,9
64,11
33,32
52,4
30,51
76,10
25,41
83,62
209,14
31,41
21,21
16,3
55,7
46,53
104,41
78,48
84,41
38,14
141,20
49,54
115,4
92,15
20,8
34,4
51,37
98,33
43,13
112,32
15,3
87,15
87,97
111,5
118,65
79,52
35,23
62,60
31,58
47,12
44,54
51,49
128,55
45,78
48,142
49,35
49,26
23,5
95,31
22,3
43,102
54,8
61,5
41,19
71,40
24,23
22,16
59,96
57,3
22,2
14,30
39,134
43,20
49,33
27,14
44,3
34,86
52,41
37,33
172,3
60,9
21,14
114,61
34,5
26,5
80,165
116,27
266,53
36,37
84,113
33,15
63,17
27,50
24,18
16,28
161,8
25,9
110,4
24,127
39,27
28,10
114,45
121,9
28,24
39,27
32,32
48,37
27,7
68,4
52,45
23,68
210,74
35,37
37,110
143,76
88,77
112,6
23,3
26,18
22,8
151,6
239,19
75,9
30,49
27,53
60,5
95,3
55,21
30,64
58,5
87,86
22,25
52,35
41,74
202,119
48,27
97,56
72,25
16,11
158,30
39,6
51,44
21,44
22,3
30,37
123,23
141,83
43,36
27,27
26,70
96,34
123,104
18,12
154,61
37,83
29,24
60,24
60,28
48,26
59,13
74,96
27,125
121,54
60,25
30,13
60,9
31,8
30,28
124,88
49,54
79,13
136,15
16,12
14,10
95,51
62,33
116,43
15,97
32,53
59,25
190,8
19,9
155,110
38,215
259,17
115,13
102,14
19,53
62,99
40,37
21,62
31,40
62,25
65,9
30,31
59,83
163,42
80,18
16,7
17,40
73,51
82,31
78,19
93,22
51,15
20,36
115,78
37,124
93,30
58,61
99,17
15,16
36,21
44,11
68,7
21,52
22,37
26,15
105,198
71,15
41,51
30,33
161,9
40,7
56,18
20,38
122,23
142,48
73,50
143,6
94,65
56,31
44,26
56,97
40,148
100,175
48,13
43,128
23,8
26,11
91,139
22,27
74,56
20,26
53,14
57,88
52,29
111,120
192,15
28,17
64,54
50,21
40,28
162,12
64,48
131,5
96,106
78,149
39,79
28,8
23,52
39,31
40,66
93,60
67,46
53,153
70,101
88,29
40,8
57,25
78,5
48,8
42,57
25,108
26,29
50,43
41,20
92,15
23,71
45,25
124,13
255,82
291,5
42,35
59,41
21,72
108,26
29,14
23,93
28,27
120,8
85,5
174,11
53,5
15,16
25,140
122,16
48,42
165,37
207,21
33,3
40,33
87,37
27,48
84,8
42,34
42,30
31,69
15,59
42,10
47,5
48,33
27,39
28,6
59,6
31,5
117,24
97,3
25,31
33,7
122,55
38,47
59,69
117,27
43,26
15,15
15,18
42,12
79,48
23,9
24,19
51,13
35,61
19,45
121,25
26,3
94,18
87,61
89,32
20,57
73,59
31,57
54,12
66,92
97,14
83,2
31,9
42,23
116,52
29,46
66,26
45,32
59,49
149,31
32,20
19,54
16,27
42,3
43,15
22,50
90,116
32,6
45,31
163,16
46,37
96,46
33,40
14,20
70,14
39,6
74,21
75,7
17,22
44,5
81,8
16,92
55,41
72,26
171,33
97,97
109,13
141,66
51,28
79,72
23,64
59,19
32,37
17,6
41,23
83,30
172,11
26,6
102,3
110,4
15,15
47,48
24,38
22,4
19,63
31,28
23,39
59,83
40,6
19,10
120,20
37,14
39,5
49,11
35,9
73,35
27,91
41,28
50,5
88,9
121,16
71,68
121,2
97,69
55,30
33,15
117,10
57,32
51,66
95,11
79,70
63,28
32,198
69,224
44,8
23,66
91,24
42,76
136,45
72,104
93,14
33,59
28,18
104,33
69,72
22,9
80,7
51,10
110,10
25,67
46,115
37,39
73,24
78,28
108,39
49,139
48,11
61,33
98,114
258,15
262,103
24,106
100,3
37,70
48,29
16,21
31,28
36,24
34,46
25,4
18,5
41,24
65,17
45,21
143,69
49,26
21,32
43,4
20,52
73,152
103,2
62,24
34,12
22,9
45,4
51,35
135,58
33,76
57,25
106,4
38,12
30,183
32,42
56,95
120,23
18,7
109,22
24,8
23,4
52,64
128,107
20,56
108,62
18,12
76,78
187,10
33,48
62,57
43,25
152,42
15,18
44,17
62,49
58,3
106,6
14,49
33,125
55,21
38,25
28,33
92,47
89,46
41,11
61,22
64,10
14,16
188,43
119,35
71,78
123,8
79,60
29,28
19,39
26,13
72,29
81,11
24,43
63,168
84,2
14,24
109,37
87,24
19,118
19,7
182,26
53,90
48,9
57,37
22,41
39,49
25,26
20,46
34,25
47,61
75,34
52,17
45,42
58,32
33,11
85,34
115,14
69,15
28,5
78,24
27,10
18,78
61,11
25,17
131,19
103,6
155,3
127,45
47,36
61,90
65,43
54,31
45,8
18,69
50,37
31,22
23,75
19,18
45,49
104,15
22,22
25,37
28,18
130,22
22,18
97,5
68,41
64,57
24,29
170,8
41,11
104,90
21,109
44,19
18,13
84,13
15,55
66,71
50,26
29,2
17,5
43,29
110,58
49,27
68,11
47,65
36,30
136,38
129,32
134,4
16,34
16,80
128,28
32,77
57,99
136,21
17,40
50,34
118,93
23,14
41,10
86,8
50,26
19,23
39,58
88,54
159,34
63,54
50,33
131,26
116,2
83,7
62,16
21,88
75,12
28,4
16,9
23,88
57,87
168,10
56,26
147,3
36,44
43,16
92,49
20,13
48,43
238,15
27,8
39,23
42,44
90,70
25,197
37,6
48,24
89,39
27,18
60,10
110,82
179,72
41,28
47,7
36,22
41,69
16,66
30,81
35,57
154,21
26,60
50,83
16,94
59,11
65,20
52,3
20,113
64,29
74,45
36,66
44,130
79,10
22,161
27,90
15,18
43,31
192,7
48,28
23,17
142,39
112,26
65,23
99,2
84,101
22,40
40,84
15,14
26,14
171,23
73,21
47,92
87,65
29,80
65,11
16,3
30,54
87,92
53,5
28,23
14,11
71,38
160,5
23,53
37,6
16,3
47,4
143,45
86,10
61,76
89,39
116,21
34,19
69,106
67,80
110,7
33,15
88,20
63,72
28,92
31,8
21,52
26,5
80,16
161,21
143,66
51,3
153,35
33,10
41,13
15,44
28,7
23,79
261,47
189,6
46,42
113,72
186,7
73,12
89,4
135,21
30,60
26,13
47,50
28,37
39,44
82,48
20,26
63,22
44,35
106,31
19,8
35,4
80,15
22,33
20,80
22,66
23,41
93,46
51,25
52,34
41,69
78,56
21,16
33,147
73,34
88,39
21,38
125,36
51,8
33,21
72,6
34,14
177,77
33,13
42,45
175,4
14,67
37,20
127,22
39,21
15,31
20,6
54,7
14,81
51,41
70,86
96,19
44,15
49,25
48,13
76,59
57,18
26,9
90,12
91,8
168,5
102,31
21,15
47,29
88,36
54,108
70,78
38,43
37,123
106,5
98,15
29,147
26,75
74,43
33,11
38,44
16,16
25,35
16,14
81,7
37,9
127,3
85,45
78,28
43,44
207,11
94,38
36,4
119,40
49,9
16,48
14,100
110,183
15,20
15,126
116,24
41,66
33,6
37,77
55,29
90,140
23,81
153,70
52,48
70,5
32,8
23,53
23,25
197,28
35,17
133,39
277,17
35,18
75,23
64,6
42,77
91,44
81,31
25,2
17,104
82,43
21,41
44,6
44,7
104,80
111,28
148,77
64,6
72,78
28,142
102,5
88,37
23,27
28,15
25,21
67,3
70,7
19,3
121,17
29,69
29,13
23,68
148,7
43,6
55,118
43,31
218,5
73,56
272,16
62,30
58,42
26,100
114,50
36,48
17,71
147,28
146,9
42,45
55,111
47,28
61,9
192,68
138,70
61,83
16,40
83,32
35,82
52,65
21,28
175,35
59,9
119,209
19,21
23,7
27,92
103,37
119,60
96,110
56,121
29,36
36,17
27,32
48,9
190,81
70,49
88,101
16,4
17,9
45,31
15,99
83,28
21,99
130,3
71,106
35,129
72,37
88,2
40,20
44,81
17,36
22,24
46,50
14,52
60,34
36,20
32,12
30,187
23,112
20,3
122,136
192,68
34,133
91,74
130,9
133,52
45,157
26,30
64,29
88,136
89,33
34,13
19,55
109,123
91,181
67,158
32,84
61,16
38,92
33,37
51,42
20,21
15,93
36,162
92,11
90,4
35,50
49,6
71,12
31,98
44,25
73,8
44,59
75,12
49,2
19,10
27,110
72,7
89,46
20,63
38,10
41,13
23,21
31,61
92,5
26,26
20,10
57,41
145,33
110,2
36,24
29,60
38,24
24,26
49,5
95,77
39,3
19,26
78,60
75,38
104,91
36,25
23,36
92,6
48,26
90,46
42,36
39,6
80,22
103,5
25,21
89,30
70,15
53,173
84,28
128,49
49,13
81,30
152,24
15,5
19,26
58,2
23,20
34,19
27,16
32,32
24,24
78,6
33,12
19,50
75,7
178,31
15,112
134,81
66,84
49,5
75,5
51,17
23,14
36,6
119,45
54,16
33,45
59,15
41,79
57,39
29,30
85,8
17,28
68,22
16,16
73,125
62,10
17,90
23,49
94,18
18,52
21,32
24,19
115,140
88,55
16,36
24,15
71,11
92,97
18,91
91,80
73,106
45,25
57,23
17,80
57,70
27,17
55,59
40,7
181,2
35,15
23,72
17,24
105,59
22,19
42,69
62,4
86,37
24,80
126,61
138,26
251,19
68,14
195,149
141,15
34,3
19,4
145,12
18,48
25,9
66,6
16,49
95,4
16,8
25,43
84,8
28,13
79,55
110,8
158,46
17,2
102,6
131,2
26,53
98,9
69,21
19,24
234,31
102,22
171,55
19,30
180,14
226,12
36,33
41,7
75,57
23,10
37,120
107,39
18,88
31,98
97,43
26,106
104,20
41,12
56,28
38,14
31,51
19,25
51,43
15,59
147,7
28,12
83,10
76,57
119,21
32,7
27,2
48,44
20,10
55,109
42,3
15,209
34,66
18,37
94,89
105,54
15,65
149,67
117,95
291,19
80,7
33,14
214,16
27,14
193,42
177,88
24,27
23,5
64,75
68,16
31,10
36,15
81,65
76,17
42,5
198,28
23,8
17,45
127,55
146,12
38,130
47,45
38,8
125,30
143,92
51,8
54,76
169,5
62,3
100,8
33,20
79,47
64,15
55,40
85,37
14,62
27,7
65,51
65,25
16,59
234,8
71,47
94,18
20,15
17,15
28,151
46,22
14,78
16,47
190,21
46,5
65,41
34,16
40,14
103,23
41,141
58,29
35,9
168,39
61,14
46,52
66,18
61,2
15,62
109,4
198,77
93,16
16,56
93,36
44,39
17,28
83,76
28,14
77,39
19,11
36,52
65,40
18,24
120,5
22,7
46,10
33,56
58,32
18,87
79,6
27,25
41,121
126,19
23,15
49,45
17,65
56,9
25,95
52,166
14,32
16,13
17,40
21,25
15,48
68,32
75,57
71,8
43,9
52,155
133,34
55,23
132,12
14,22
35,3
39,5
49,57
102,15
48,47
74,102
69,84
23,59
42,60
157,9
47,34
71,63
102,106
42,27
25,69
52,40
145,9
120,20
106,24
40,27
50,10
59,30
109,6
66,74
31,28
97,16
129,20
111,170
22,40
75,85
49,48
50,13
89,34
90,10
22,35
310,3
101,24
19,63
83,40
164,51
50,101
135,12
35,37
76,39
89,5
38,48
34,7
105,35
86,3
178,43
53,63
49,54
32,9
113,23
16,3
71,55
35,22
19,4
19,3
21,40
57,7
40,7
35,58
94,5
75,131
154,85
79,23
35,51
72,23
26,97
32,31
38,4
55,89
14,58
28,7
28,21
87,6
128,131
25,67
22,50
24,92
65,43
34,6
85,58
25,13
50,43
107,12
116,17
51,55
30,10
52,5
15,52
55,13
25,23
69,62
62,4
136,19
82,39
84,3
33,35
115,42
42,20
77,13
64,7
59,6
26,4
86,19
20,63
26,4
58,6
64,66
136,47
84,94
188,28
24,27
49,21
18,15
25,35
31,215
22,19
152,17
65,5
100,36
76,63
16,3
44,32
85,41
56,13
157,24
87,29
44,51
75,91
61,19
54,10
29,79
17,26
47,9
53,80
35,62
16,57
36,2
54,15
28,28
16,140
182,3
75,43
63,12
16,29
31,18
63,9
159,83
25,93
31,5
149,75
15,14
119,22
27,58
16,36
40,20
110,50
70,56
54,40
18,25
35,4
88,5
126,28
19,8
15,6
282,9
154,42
132,20
40,23
83,22
26,35
29,12
136,26
93,66
23,60
41,158
17,29
27,12
90,19
43,22
53,16
15,47
58,13
82,56
33,8
18,34
36,21
21,18
63,26
36,75
28,4
38,2
36,29
82,47
26,80
126,53
186,31
14,90
278,98
29,34
50,7
15,12
99,120
105,8
139,47
23,11
57,230
124,36
102,86
51,22
60,28
75,58
143,16
96,29
31,32
31,27
78,24
26,23
59,149
25,37
160,17
65,11
139,138
74,52
39,12
18,227
97,25
34,68
99,44
91,55
14,37
107,8
48,46
63,18
129,18
17,5
91,26
24,36
279,22
142,6
31,38
27,9
30,19
60,13
62,14
260,72
92,5
19,3
92,15
41,18
46,29
69,39
35,22
94,41
50,15
70,5
15,12
73,11
266,24
52,22
14,32
52,63
27,65
65,31
62,22
85,106
129,9
39,118
15,42
32,10
77,49
52,92
93,37
33,12
47,15
46,21
86,53
19,55
65,48
36,211
30,68
136,41
59,96
38,27
24,25
65,6
269,33
28,84
64,10
72,13
43,6
63,12
61,40
103,81
67,14
213,165
32,12
32,13
26,21
82,6
46,79
38,9
15,8
101,14
17,83
47,84
25,52
132,10
25,52
125,39
25,2
122,93
46,10
92,14
59,54
29,3
60,54
104,81
133,62
47,58
29,66
28,10
27,55
50,16
41,17
128,16
160,142
72,24
18,49
17,17
148,10
196,59
69,24
36,74
94,31
100,5
82,10
25,34
38,39
24,61
14,29
22,36
61,14
19,60
52,35
51,17
101,13
51,9
79,33
86,103
23,33
110,28
57,95
60,7
31,91
114,153
84,53
142,24
102,27
115,57
77,15
96,33
35,15
14,10
161,14
118,32
15,12
95,19
191,7
20,34
30,41
62,20
73,25
26,38
16,42
29,8
22,70
134,110
137,8
102,37
101,22
26,15
52,21
41,42
36,24
29,29
51,94
103,33
36,3
85,4
35,158
27,39
106,47
99,99
96,3
23,10
15,62
87,92
92,33
89,4
46,53
20,9
57,4
36,39
119,18
67,34
35,2
154,47
24,9
30,12
35,76
42,80
76,18
69,31
33,139
43,53
138,70
54,6
115,28
72,70
26,12
90,2
22,32
15,7
51,7
62,98
175,41
53,58
186,4
18,3
150,5
82,152
86,49
61,78
251,57
19,16
47,7
16,40
49,18
84,91
19,19
101,17
71,12
33,4
219,7
91,67
105,10
25,49
55,31
59,2
153,15
36,4
73,49
61,8
36,15
81,27
198,11
62,50
45,14
30,28
39,3
55,16
27,51
27,30
38,86
164,37
50,21
28,14
97,31
66,25
51,14
46,58
75,100
24,11
32,101
149,98
164,44
179,7
28,67
77,32
46,68
188,17
22,22
59,18
125,11
169,11
80,61
49,87
155,64
24,50
27,31
16,8
123,28
23,12
45,12
30,30
113,27
101,6
80,158
16,39
112,40
111,105
29,85
20,12
28,51
29,25
92,137
63,15
19,36
31,50
54,18
20,49
18,3
34,34
277,59
133,72
15,92
38,53
126,18
47,13
40,37
47,14
101,37
63,27
124,79
20,4
79,57
112,17
54,14
65,58
75,73
70,5
33,36
25,19
124,17
20,41
231,80
62,90
84,2
54,62
35,24
104,23
34,13
43,11
122,11
29,9
147,15
67,101
68,18
52,124
15,14
35,102
16,21
33,47
33,16
132,17
66,9
23,23
58,9
14,15
34,207
75,28
26,16
49,67
69,53
71,31
74,34
34,61
33,31
15,3
61,2
76,23
117,29
33,12
71,30
164,4
65,59
56,22
23,36
30,98
152,21
52,182
15,2
49,22
62,53
24,19
18,5
161,10
72,8
17,3
47,6
233,129
69,24
40,11
149,9
42,90
31,14
33,65
109,77
167,31
26,71
152,31
70,20
42,2
48,32
37,4
170,69
124,23
101,9
82,84
43,88
96,58
28,16
71,5
57,56
16,35
45,121
72,34
33,44
14,16
30,29
119,33
17,43
23,6
41,58
41,4
35,65
39,8
115,224
43,6
114,41
27,87
16,30
48,163
89,17
39,38
25,22
281,22
25,43
25,66
26,12
42,11
225,20
15,30
38,58
165,87
123,33
47,107
17,24
43,14
65,23
57,39
33,18
157,16
108,6
167,37
223,72
25,34
23,93
76,92
79,3
205,7
40,29
84,3
14,25
41,8
46,130
96,3
30,27
26,8
239,4
48,5
113,6
143,15
109,5
15,12
132,6
31,26
36,3
178,81
14,11
172,13
107,30
41,10
241,26
63,67
169,15
102,5
99,104
106,5
15,83
15,6
20,59
49,9
24,34
37,3
164,4
57,14
30,7
22,113
44,12
56,4
31,37
48,104
89,62
69,12
110,117
98,48
76,62
49,36
187,24
48,40
29,69
191,19
139,64
31,35
46,6
40,41
97,20
16,56
70,14
74,7
14,164
31,104
39,11
84,35
93,10
38,81
43,13
20,74
40,71
31,19
62,47
50,27
56,4
105,80
171,7
104,99
17,39
143,37
51,44
27,12
25,15
60,5
102,3
19,38
182,18
14,7
105,64
72,25
87,11
52,26
27,6
46,86
113,73
31,16
183,45
79,70
26,9
16,30
28,111
76,129
65,21
16,5
104,62
43,3
80,153
100,82
93,148
158,55
292,120
241,26
35,27
82,37
167,68
114,69
29,76
85,18
41,89
20,65
211,79
21,16
63,19
51,81
77,5
70,26
32,20
32,51
213,24
14,25
38,72
86,13
139,15
40,28
58,67
47,12
48,76
216,16
35,39
22,100
16,19
92,7
60,124
245,36
49,32
45,29
102,20
50,47
58,14
27,18
25,74
30,81
17,23
24,14
88,5
61,23
103,38
34,45
52,62
65,56
18,36
88,12
47,99
49,164
72,26
124,123
33,32
29,81
56,172
93,24
149,2
228,76
36,24
100,6
42,2
51,62
92,29
143,2
32,97
23,4
24,55
39,36
105,36
41,38
43,9
139,106
36,8
143,16
41,40
103,125
25,20
46,86
19,30
14,119
26,3
61,36
72,24
115,23
56,6
121,15
20,19
56,35
20,40
15,20
94,50
91,100
129,49
123,23
15,2
41,29
170,16
44,174
129,9
29,35
157,9
70,39
16,34
15,28
73,54
23,10
15,5
129,30
119,26
15,23
52,6
64,18
84,88
29,27
31,7
34,7
58,98
47,20
80,48
223,88
21,12
17,16
15,11
68,151
92,177
107,7
44,69
43,133
21,55
129,12
176,58
174,39
25,6
82,16
21,20
180,30
51,37
75,113
89,14
147,41
52,21
47,4
34,44
163,16
23,30
110,47
185,27
94,42
67,4
37,28
39,32
25,55
57,62
72,33
36,6
70,24
36,71
29,158
43,97
78,13
31,23
27,22
25,105
16,6
32,27
43,41
93,14
22,14
75,118
51,76
202,58
45,24
152,3
17,8
43,64
193,10
47,59
19,63
39,4
65,21
18,7
127,10
59,14
38,29
27,11
32,48
35,3
49,6
33,38
59,188
35,36
79,66
20,59
21,17
144,38
22,12
86,53
39,63
16,209
18,51
54,94
35,3
118,76
31,15
33,26
186,17
81,125
44,16
15,7
56,111
72,129
27,77
40,16
64,6
93,21
61,63
50,5
227,137
65,69
67,31
105,50
62,35
20,213
37,71
19,55
48,19
14,63
70,20
15,27
41,4
16,16
31,15
98,56
130,19
139,7
62,41
67,2
104,18
33,79
61,37
34,38
17,30
63,85
258,8
38,79
16,23
97,48
64,137
46,2
86,2
120,9
144,53
48,18
32,43
56,12
97,86
28,13
28,27
107,44
21,28
74,95
89,30
21,10
125,39
38,7
20,33
88,28
39,28
53,6
35,115
102,29
54,52
153,4
48,50
25,88
90,3
148,30
229,24
30,104
97,28
191,7
107,57
76,22
44,38
14,31
22,56
45,69
40,48
66,68
141,69
18,5
16,49
31,17
33,105
63,110
17,50
103,73
22,5
33,150
66,16
58,9
100,13
34,8
141,51
24,10
34,6
41,33
63,34
22,28
106,17
173,2
82,55
27,40
32,4
19,31
60,149
17,28
49,50
111,82
14,22
62,28
14,21
57,12
145,32
56,6
46,18
29,140
23,8
18,90
24,5
35,21
61,37
34,25
21,47
171,29
85,10
16,17
40,42
80,59
44,17
55,43
114,25
155,29
30,84
20,81
26,38
26,3
25,89
169,68
52,9
37,7
77,33
110,103
81,7
94,127
18,59
66,75
30,37
155,230
41,67
18,12
34,2
99,3
29,60
62,39
137,10
49,23
55,26
30,8
56,19
38,16
40,30
20,52
69,96
94,82
56,9
68,49
38,56
88,11
99,33
161,18
59,13
31,32
21,11
45,112
91,10
59,8
108,16
162,37
60,7
18,23
41,6
83,4
83,39
64,3
33,62
87,37
281,41
26,10
16,81
30,12
67,2
55,184
130,103
25,72
102,4
14,6
115,83
34,28
44,17
137,79
89,17
19,22
32,9
15,52
27,27
109,65
74,13
19,3
109,80
33,20
29,8
46,50
68,6
51,47
42,37
89,38
96,22
70,63
21,38
19,47
31,8
39,97
70,65
195,75
66,14
16,147
107,129
14,17
25,39
96,190
89,14
39,11
114,34
38,5
53,74
49,49
60,36
18,160
175,17
39,79
32,9
76,102
56,22
76,9
43,38
15,2
44,85
29,71
68,3
29,113
94,31
30,15
104,41
36,4
19,26
47,57
27,38
87,17
33,27
41,85
22,20
275,86
135,72
44,2
41,51
60,57
80,60
241,73
51,77
105,44
68,15
17,21
40,8
43,38
27,57
28,33
122,18
41,77
48,44
129,55
21,45
80,30
25,3
104,3
137,70
70,79
57,40
201,13
32,22
102,24
50,11
33,19
79,68
19,52
28,7
17,5
83,47
62,4
20,19
151,12
44,76
121,27
49,43
53,86
142,29
132,38
35,43
20,4
62,3
57,47
27,4
24,40
60,21
41,40
96,25
197,13
144,176
18,54
61,141
59,4
34,96
58,37
15,16
127,34
152,91
55,50
26,109
61,25
25,70
34,108
30,45
33,15
164,129
25,99
30,36
61,15
124,20
201,58
85,108
47,32
114,30
162,52
71,32
16,73
54,18
30,20
94,29
38,4
47,116
150,15
19,217
124,32
22,36
15,33
107,7
77,17
31,81
159,17
299,146
24,55
59,16
47,13
25,6
34,61
37,22
40,50
22,11
64,15
61,28
14,52
91,28
39,16
21,26
20,36
74,18
63,32
51,16
195,48
213,42
71,43
77,23
53,21
24,17
134,44
18,15
42,19
17,19
23,74
30,74
195,10
49,6
144,48
204,4
95,30
192,18
109,17
125,62
24,19
22,37
21,39
34,2
56,10
197,8
39,117
170,78
25,42
73,58
17,14
76,5
20,195
98,73
99,67
46,56
69,16
55,49
38,28
121,27
18,15
15,7
181,68
16,125
121,6
66,11
44,23
65,4
86,46
20,112
78,13
33,12
65,21
51,41
33,25
31,18
27,17
18,22
113,94
21,16
40,19
59,86
15,190
231,24
126,82
124,92
22,66
16,28
83,43
175,23
15,36
121,31
64,15
110,16
28,24
36,48
88,58
160,21
166,158
74,13
19,164
27,11
69,19
55,3
75,3
40,22
51,69
28,4
24,36
271,27
42,39
30,37
99,97
27,22
140,89
80,20
53,34
110,99
29,7
46,15
63,40
243,19
15,14
44,38
95,5
63,27
95,25
157,6
42,39
43,14
49,28
15,16
58,78
21,29
35,35
160,27
34,28
54,36
119,59
20,19
31,16
23,32
61,58
26,17
20,17
160,46
33,91
43,42
255,13
26,56
14,46
42,26
66,2
60,57
51,75
59,5
100,8
53,5
25,50
16,5
36,138
19,16
61,15
14,8
144,60
20,146
113,17
17,47
41,34
91,49
56,58
45,28
88,19
29,3
187,82
36,28
40,11
43,4
46,26
31,16
31,20
31,10
83,33
63,31
91,19
149,9
98,23
96,57
29,17
24,47
62,28
65,50
33,87
53,97
27,46
94,38
17,107
24,53
17,14
112,7
133,15
64,34
169,26
90,62
33,52
15,26
81,21
54,4
67,4
21,31
27,119
67,41
55,36
35,4
16,70
44,3
29,24
107,44
29,52
69,10
111,101
102,42
36,12
27,41
36,41
26,4
39,61
105,66
53,16
46,3
37,13
67,3
18,60
34,56
28,18
77,17
21,24
25,20
37,7
26,5
93,29
50,4
20,192
21,91
161,24
16,50
94,26
23,9
26,10
18,92
49,4
23,84
109,80
54,45
162,21
41,2
71,10
17,38
18,71
83,31
56,26
29,16
94,11
51,39
17,46
19,31
17,20
17,59
167,11
212,30
61,137
18,70
42,34
62,53
47,21
20,32
47,42
215,11
18,8
120,59
142,5
16,26
78,123
99,31
51,82
38,18
190,55
36,48
150,37
158,79
28,108
76,8
206,22
24,13
104,27
45,44
27,15
95,14
151,20
16,6
75,55
97,53
64,2
20,30
24,13
110,139
50,33
64,6
41,79
34,124
29,32
18,16
16,158
107,5
46,26
35,78
92,31
137,3
194,24
81,15
170,112
18,21
97,32
23,79
17,9
22,55
46,4
55,128
41,81
18,95
74,18
74,20
33,5
26,77
74,19
56,43
16,4
109,51
14,26
84,5
102,78
82,45
41,38
210,39
234,10
55,62
145,36
44,19
22,22
113,29
40,51
28,142
15,34
144,21
18,29
32,24
68,12
22,4
28,89
124,32
187,10
18,3
169,15
28,76
67,61
97,6
60,22
18,43
95,48
44,122
108,157
16,4
30,64
134,32
49,3
63,13
26,15
15,59
41,31
19,85
114,24
50,53
283,3
54,35
109,59
26,150
23,45
25,8
35,89
48,59
63,3
86,21
52,23
16,8
64,26
27,51
51,72
35,56
22,73
129,25
58,44
49,33
29,5
20,15
36,40
134,31
62,79
95,37
39,19
27,68
15,8
89,11
208,3
31,32
173,16
76,86
55,52
65,119
100,3
118,40
18,49
17,113
24,24
56,37
87,28
42,3
43,98
22,13
63,3
163,15
55,11
34,36
106,2
131,25
34,10
86,6
146,119
32,31
27,20
57,88
104,3
85,3
67,30
24,34
39,114
66,41
49,23
50,60
112,25
179,30
111,4
41,34
16,61
56,14
210,29
42,2
17,2
52,9
161,70
53,35
176,33
27,66
17,29
52,26
44,17
88,36
18,42
105,25
33,6
76,129
103,17
22,23
118,31
136,21
86,12
20,44
123,157
88,16
56,87
52,27
120,30
69,13
60,14
40,37
96,90
87,46
120,55
37,11
39,25
148,4
60,2
17,113
31,17
70,45
37,8
104,50
17,70
19,23
75,69
80,60
64,36
98,12
39,136
15,22
27,82
54,12
48,13
51,16
31,10
91,19
128,6
76,86
22,18
40,53
95,13
19,34
184,10
16,28
29,9
97,24
66,117
44,21
42,25
57,7
27,96
103,63
30,23
31,4
40,29
228,201
14,50
50,35
52,167
40,26
27,69
162,2
56,7
27,42
18,24
40,59
35,35
82,94
45,15
90,106
42,52
68,11
157,94
16,41
34,121
14,7
64,49
38,94
20,36
97,52
43,18
67,39
58,41
55,22
18,48
18,34
14,30
21,118
45,18
16,99
60,81
30,174
57,45
27,102
53,45
150,33
124,56
93,13
84,83
80,12
108,57
35,79
25,160
20,92
26,131
28,40
42,40
79,113
68,42
111,43
97,23
136,7
91,13
32,3
187,90
152,6
16,98
174,60
119,17
46,5
44,40
102,7
20,7
37,86
35,73
15,24
71,50
83,14
40,17
53,33
174,15
116,98
93,106
71,79
65,67
86,29
136,32
25,41
62,76
148,70
43,6
22,33
43,3
39,55
88,31
94,17
158,95
56,25
70,4
37,9
21,48
64,5
30,72
47,5
27,9
42,57
42,6
19,12
28,28
59,10
19,28
110,140
30,80
29,45
32,72
105,27
84,61
114,29
31,29
58,26
20,18
43,13
60,56
18,15
75,6
22,30
89,99
82,10
43,79
32,4
129,65
112,39
56,16
22,44
35,25
84,149
17,5
27,57
25,31
105,22
129,46
15,39
85,37
71,132
116,5
19,29
15,9
30,43
39,19
43,32
45,35
36,36
71,92
95,44
54,45
34,46
48,68
41,42
16,24
40,54
86,63
40,10
300,2
49,19
24,24
39,38
81,23
49,161
20,20
54,11
27,16
49,31
59,48
38,48
79,68
69,20
73,14
23,10
88,33
138,45
84,26
19,5
24,24
232,31
92,45
50,13
48,18
172,10
123,88
62,9
82,63
132,60
183,36
17,54
110,2
150,12
25,41
39,9
21,100
29,112
102,35
28,43
139,12
37,9
117,63
51,20
54,67
16,13
51,45
55,28
37,14
40,73
74,35
117,20
50,68
42,108
78,141
19,87
17,61
73,20
15,33
29,47
66,22
65,79
65,10
93,63
14,5
54,54
267,40
24,56
47,99
178,10
95,44
47,19
35,47
17,50
21,13
19,43
15,36
104,23
62,79
47,8
210,9
22,27
84,103
34,58
29,2
17,56
73,23
98,19
19,15
75,32
78,10
41,62
40,128
76,5
241,2
20,77
26,89
19,47
98,6
161,53
38,26
38,5
84,10
82,34
31,36
76,30
31,30
99,42
21,25
30,97
161,39
114,16
41,8
100,9
59,26
52,15
138,108
61,29
60,6
47,13
54,21
28,6
29,6
45,16
32,9
66,45
99,12
39,53
18,16
44,108
92,13
165,93
28,179
17,6
20,32
29,94
66,39
43,71
152,13
72,3
35,39
15,35
130,2
15,43
53,30
37,219
50,46
41,7
45,22
36,42
28,47
70,13
14,124
44,46
39,9
40,147
105,79
25,21
96,41
71,9
72,2
61,3
99,31
55,6
48,71
38,47
73,73
20,5
30,26
42,74
52,6
29,50
33,88
49,11
81,7
128,22
89,45
123,14
29,11
67,90
122,19
23,10
32,5
50,5
190,42
31,144
47,12
23,15
44,18
24,45
29,46
63,3
27,41
101,21
55,47
25,17
40,44
116,31
49,68
36,35
49,58
29,29
67,51
81,18
24,16
47,13
71,26
156,28
15,11
83,3
41,10
253,2
32,2
166,54
68,45
40,3
25,25
67,22
123,13
61,66
60,31
18,11
79,48
94,6
32,26
33,4
111,4
72,139
68,144
21,34
51,39
32,15
66,6
21,3
35,29
36,87
63,11
95,104
57,7
16,7
78,6
15,31
49,33
94,95
108,23
86,36
24,13
23,18
29,36
35,83
35,142
14,78
34,195
72,63
24,23
17,3
38,51
40,130
22,27
43,19
70,9
183,35
52,19
209,4
52,7
109,46
62,41
108,46
82,14
199,5
50,15
52,104
36,40
81,15
22,16
70,5
184,98
70,14
161,41
117,8
148,45
59,29
78,67
28,54
68,91
45,13
25,19
16,25
27,6
47,74
81,79
95,236
117,19
50,19
87,44
92,75
78,47
140,64
24,83
19,8
120,24
169,40
14,98
127,11
81,27
16,28
47,4
125,37
21,20
24,17
43,7
25,39
62,70
19,64
27,41
22,7
224,49
89,6
74,21
29,52
72,8
216,82
33,166
41,110
56,42
40,24
55,8
16,68
122,21
70,32
114,59
16,12
63,3
53,81
63,80
19,6
62,46
65,35
217,66
16,58
32,17
20,34
69,10
78,86
81,21
27,114
59,13
73,13
19,6
31,116
238,37
59,2
85,29
102,26
102,96
39,9
38,163
17,46
36,5
28,22
146,35
14,16
17,21
54,55
154,24
81,4
19,26
41,2
16,15
89,116
64,74
90,35
22,2
68,9
61,42
136,3
55,43
32,45
142,34
222,152
28,70
109,99
19,4
84,5
223,44
55,13
137,5
81,33
101,5
58,8
78,87
49,28
74,25
95,34
94,51
19,34
112,15
44,9
110,9
42,2
24,60
40,109
28,28
102,21
115,17
19,17
38,41
27,99
23,34
127,29
114,15
47,15
113,16
28,81
69,12
186,30
135,68
57,30
46,28
75,5
15,37
35,47
87,11
44,28
111,24
80,14
22,56
48,6
59,27
35,31
60,10
26,47
90,9
27,4
67,33
14,29
81,4
30,25
118,49
25,35
63,22
23,6
21,130
32,2
99,77
74,76
82,6
62,34
134,33
41,52
57,4
72,4
22,37
59,12
113,4
76,2
23,41
96,68
14,7
35,75
60,6
18,25
69,55
21,21
102,51
38,32
72,38
110,36
38,54
38,12
49,49
15,15
27,21
46,41
65,29
22,15
73,8
64,16
196,29
72,34
33,22
135,43
62,17
32,58
58,29
49,4
43,13
68,10
95,6
51,68
43,3
31,22
37,11
83,53
24,121
24,52
17,29
71,17
120,153
139,66
92,22
105,16
33,69
83,41
81,69
33,43
52,131
55,72
88,77
33,24
54,12
21,16
61,27
35,41
114,7
59,12
52,53
125,15
62,73
29,7
61,10
47,25
20,9
70,89
101,189
70,4
54,48
92,10
47,47
59,3
71,3
84,13
108,7
70,6
75,50
19,22
14,12
69,12
65,16
103,14
63,11
137,7
247,61
118,30
42,3
51,22
66,105
52,8
74,2
47,30
32,14
29,129
285,124
59,51
62,50
248,14
15,27
53,74
54,32
115,41
61,91
19,34
95,40
102,45
94,46
125,49
64,21
97,42
126,80
52,34
60,41
38,26
44,13
68,27
47,88
34,43
31,103
50,23
22,4
32,9
143,7
117,29
26,16
75,5
62,17
26,67
247,7
32,26
115,12
24,11
21,60
28,31
206,4
99,41
16,3
69,20
45,47
33,32
56,7
61,7
95,47
111,24
157,25
27,8
44,39
48,131
86,22
51,15
192,77
64,85
20,16
80,102
58,5
85,59
39,30
36,30
68,32
37,65
32,11
16,9
100,159
68,4
92,3
183,71
29,62
42,2
59,69
91,6
36,76
15,27
60,95
19,35
17,25
22,59
58,18
38,3
46,9
20,17
109,19
67,29
96,83
123,115
20,89
54,13
41,39
32,4
23,26
82,8
72,46
35,43
23,5
15,10
54,35
72,36
48,42
38,9
145,75
51,55
165,19
22,13
43,53
49,65
16,21
120,64
14,131
22,100
73,7
35,14
22,30
55,2
18,113
34,21
73,77
36,36
122,4
25,11
134,13
33,77
36,39
41,46
193,22
88,10
22,7
109,39
47,84
19,7
161,12
55,12
149,3
87,8
61,26
115,20
133,7
198,94
50,2
26,19
32,10
37,6
89,22
58,99
59,85
21,6
45,28
44,145
34,3
55,3
31,21
20,46
44,130
90,14
45,64
74,17
17,28
32,19
146,28
25,7
76,57
29,30
15,62
31,3
55,64
297,18
40,14
34,6
31,10
39,12
18,35
61,7
24,42
37,70
24,4
75,54
63,46
139,53
54,66
50,20
181,87
16,47
41,8
74,21
110,100
15,27
62,35
43,46
136,53
150,3
72,14
37,45
59,59
51,42
37,33
22,5
114,12
56,61
51,111
92,21
23,75
70,13
82,20
59,43
73,22
41,56
77,4
139,18
40,28
118,16
24,20
30,11
38,58
75,39
100,34
76,24
43,19
102,30
91,38
66,21
18,3
47,9
21,99
23,39
66,2
18,83
79,5
82,16
25,8
104,41
215,13
64,21
22,105
74,99
23,71
121,26
20,34
50,26
35,24
19,18
19,46
33,63
144,36
66,5
18,7
30,17
55,5
117,10
29,37
41,100
21,24
105,14
32,124
77,18
31,18
116,12
39,12
35,3
66,42
238,13
45,8
26,35
125,75
39,67
72,30
33,25
39,11
132,24
28,113
40,11
39,36
44,25
42,26
148,33
31,93
35,56
69,13
78,54
108,43
150,86
43,3
26,24
90,63
15,56
137,68
95,22
25,28
28,4
62,64
45,70
23,5
21,7
67,35
132,84
33,17
35,4
68,14
32,9
20,45
27,7
76,96
54,66
83,55
42,13
127,22
69,14
200,20
234,18
100,5
51,5
21,24
63,42
29,13
91,34
22,90
228,93
44,54
60,41
213,53
69,91
120,3
30,40
70,9
34,37
44,31
32,66
59,23
48,18
17,6
52,11
63,23
51,31
19,23
59,45
39,14
127,21
51,57
97,72
67,59
23,22
31,135
25,14
42,7
36,31
32,33
15,7
62,17
50,23
46,12
74,41
182,12
25,5
27,5
72,13
19,31
36,24
89,11
15,85
34,39
17,7
20,15
28,43
19,58
88,102
65,51
114,23
101,6
23,28
21,11
48,5
55,6
33,34
54,52
42,3
146,15
124,9
17,14
18,102
27,30
21,84
25,47
14,9
23,75
25,13
27,3
152,91
43,8
39,5
20,5
19,18
33,8
19,29
90,3
19,147
88,14
45,30
134,36
24,53
81,15
229,56
19,10
47,95
69,18
31,12
77,5
16,16
43,42
36,60
70,70
125,94
20,40
31,22
23,27
32,13
15,3
246,2
46,42
60,36
56,20
98,8
212,98
35,30
44,70
23,2
67,7
68,46
120,60
57,6
125,28
91,13
80,7
73,22
141,17
43,9
91,31
70,107
15,88
115,10
80,38
148,33
32,32
17,7
77,8
26,14
47,58
114,153
40,30
75,55
112,4
23,14
14,40
24,72
16,17
133,16
82,15
65,44
35,60
17,4
64,6
65,15
29,29
64,29
138,23
146,30
59,40
18,97
14,3
66,27
39,57
140,60
45,6
51,117
100,32
44,12
39,146
128,30
90,14
114,25
40,79
32,4
164,133
23,29
155,21
62,6
42,7
60,28
21,123
42,45
45,3
51,5
67,79
36,123
17,21
297,137
30,37
89,74
21,37
50,37
192,17
196,49
53,13
81,3
61,4
34,22
113,110
63,95
41,8
124,15
29,45
16,31
22,142
110,11
40,104
14,12
104,15
124,29
150,34
33,46
74,75
51,50
35,5
66,64
66,14
26,10
51,4
116,24
30,31
27,129
54,91
51,10
24,2
88,11
88,24
157,19
17,42
28,6
20,58
134,6
66,3
95,51
93,49
67,5
30,11
32,64
15,17
42,16
19,14
228,6
50,18
18,74
49,86
293,12
32,7
71,4
113,41
24,19
61,25
119,27
68,18
24,4
97,54
18,18
80,13
25,10
158,99
85,37
170,21
47,33
30,43
156,49
64,2
86,6
20,23
36,4
42,127
28,36
129,87
163,81
51,9
18,9
40,102
218,23
96,41
56,164
16,24
25,12
52,46
190,24
123,9
49,52
105,10
29,190
32,46
37,18
39,22
77,8
58,3
26,17
108,181
52,54
34,19
81,65
19,85
89,28
15,19
18,29
21,4
16,3
130,48
37,48
73,114
17,5
17,16
27,4
190,34
158,42
24,6
46,27
70,4
125,49
118,4
43,4
78,50
96,25
38,6
17,30
77,10
48,10
46,19
159,102
27,36
34,9
79,52
19,32
39,9
146,28
112,6
19,15
58,68
32,9
50,5
96,40
65,20
42,24
32,85
143,29
16,12
71,126
84,7
16,20
61,66
97,21
165,45
59,5
27,5
84,31
35,40
38,17
24,23
126,21
31,23
18,20
40,106
189,10
17,13
85,22
15,19
68,9
197,54
63,14
21,38
39,8
49,21
60,41
79,147
62,68
23,79
101,3
24,41
132,24
85,62
27,44
23,78
131,127
25,15
139,33
21,13
90,161
73,24
111,43
41,67
16,20
21,83
41,2
63,18
28,42
241,83
76,25
213,10
21,43
39,47
48,50
114,45
48,95
179,178
199,51
95,49
105,4
36,62
82,7
179,16
28,95
58,35
101,36
74,133
14,7
53,51
14,9
85,129
105,14
16,61
119,81
32,30
37,18
110,3
118,42
15,108
46,26
17,30
66,6
43,153
54,32
91,23
216,53
47,38
65,7
50,96
23,63
108,18
38,37
20,36
52,12
173,56
58,73
67,37
19,7
84,24
25,84
80,3
17,40
25,12
37,65
88,8
56,54
24,23
38,9
59,98
247,18
49,51
181,6
106,76
44,10
22,9
73,63
22,2
42,63
67,31
109,17
20,7
247,68
167,56
42,41
24,16
50,16
52,3
22,11
167,20
22,43
37,12
42,96
137,61
124,59
100,65
32,72
40,57
57,11
23,82
214,12
120,12
116,8
35,14
235,73
19,57
24,83
15,42
56,5
48,71
17,62
274,47
140,6
215,59
56,22
70,38
63,16
15,43
31,25
14,30
21,4
26,3
30,34
124,2
26,12
141,26
56,72
40,14
15,7
74,93
29,38
40,16
28,20
40,97
44,136
16,24
53,3
139,18
16,29
82,71
76,43
162,40
46,7
57,3
85,15
64,18
14,9
23,102
90,16
49,4
37,5
57,19
34,2
69,14
54,6
59,80
20,22
46,44
15,30
25,138
28,14
25,14
121,15
16,11
58,73
38,2
40,8
34,28
154,3
58,3
69,27
76,23
214,117
25,115
17,2
26,3
76,9
15,24
17,14
14,51
48,8
51,14
45,13
37,45
28,51
39,31
23,30
51,2
42,22
115,5
65,3
63,4
36,31
98,3
124,54
34,52
33,61
62,51
97,78
56,10
107,12
55,100
52,8
14,9
211,16
23,66
74,9
39,2
26,71
42,45
19,29
18,168
45,88
127,153
92,20
28,19
27,77
58,89
19,4
36,14
44,22
64,26
136,20
75,7
146,36
111,161
95,11
57,21
47,57
169,65
25,42
183,54
83,53
54,54
38,48
126,37
90,60
86,48
19,22
37,8
61,10
16,2
35,48
64,76
27,46
137,13
56,30
228,30
224,8
24,47
208,33
27,4
110,128
32,59
61,23
238,4
36,10
169,11
45,41
24,10
56,40
54,98
23,31
41,44
68,52
29,76
154,87
29,11
19,13
197,35
133,86
17,26
190,18
41,12
83,3
132,12
17,11
14,3
80,40
45,26
91,25
58,10
108,65
22,12
47,23
43,23
37,24
61,101
57,16
50,67
137,29
63,27
152,25
53,49
47,19
162,88
106,56
25,13
136,94
96,41
128,58
22,117
39,38
50,83
15,93
38,130
27,36
30,64
21,22
39,40
35,16
104,4
35,11
29,34
104,59
91,97
48,39
126,12
75,18
40,3
61,52
24,11
70,6
16,31
34,38
91,82
64,228
82,14
20,13
77,57
103,68
34,9
73,17
86,29
53,30
162,43
23,12
108,54
80,73
88,38
225,3
30,19
166,20
19,44
68,67
28,8
57,3
21,19
50,17
100,19
211,19
141,5
32,6
27,13
55,13
95,16
142,18
30,2
24,31
171,19
17,39
14,24
108,9
42,21
16,3
35,23
75,6
23,20
61,8
29,3
147,69
22,12
112,46
52,39
38,138
84,43
189,32
64,25
50,57
37,18
14,68
27,87
134,14
26,35
62,11
51,3
30,3
24,8
35,14
106,114
34,144
70,84
32,18
224,7
101,4
67,4
56,11
66,26
25,35
92,56
17,14
143,13
27,105
29,15
68,59
23,12
20,41
14,58
43,24
49,37
52,40
67,6
38,8
35,5
112,72
47,13
30,6
80,18
82,87
50,25
38,52
24,9
183,45
88,9
29,36
134,48
70,54
64,46
35,21
29,29
59,85
23,48
29,29
170,88
54,35
90,45
178,4
18,14
46,153
85,30
84,4
80,41
34,49
33,27
50,52
22,107
137,40
151,22
24,50
112,33
97,15
46,12
47,25
23,49
151,46
17,3
19,31
79,22
16,11
118,54
109,14
265,32
128,18
207,73
31,21
101,13
58,43
159,111
51,74
103,118
93,28
66,67
57,14
87,72
184,4
26,13
159,31
25,15
21,129
68,187
15,101
45,42
84,20
95,92
46,66
16,168
91,19
28,4
21,14
34,206
28,16
43,102
57,24
25,24
53,32
60,50
31,30
40,50
56,15
74,29
60,10
39,40
25,117
156,40
252,59
53,31
15,43
31,9
43,136
15,21
31,13
90,24
119,22
70,73
61,107
229,8
21,3
73,15
104,18
90,33
62,22
41,48
24,3
124,9
53,6
47,6
23,10
28,3
78,85
48,4
234,10
26,7
145,15
26,18
45,25
34,11
44,102
110,66
220,112
50,35
37,15
45,10
198,15
23,36
88,5
19,78
42,13
40,116
114,48
105,11
86,4
46,20
71,5
120,14
50,9
45,60
73,112
132,121
26,30
45,45
20,186
52,52
102,60
58,61
87,11
63,53
133,10
81,23
28,44
46,30
119,56
16,148
95,105
15,38
62,14
152,35
180,60
45,18
34,66
59,2
17,60
118,18
126,17
128,66
63,3
60,38
20,32
29,22
16,28
46,32
23,99
17,13
34,6
78,81
42,14
15,86
35,4
146,91
47,67
67,46
28,41
16,46
16,22
47,22
152,7
152,44
24,5
15,27
31,32
68,23
77,55
39,71
82,32
46,20
31,113
110,7
95,52
84,13
146,124
90,33
27,11
36,53
188,8
31,52
36,15
19,6
18,31
21,30
28,79
24,44
45,15
94,2
62,33
112,24
32,35
37,45
230,16
27,43
30,89
70,92
192,25
112,32
160,41
46,33
37,82
29,23
71,5
62,31
41,52
27,50
87,37
36,22
32,43
42,65
54,4
41,22
65,6
56,34
49,48
51,44
49,4
43,20
26,14
54,13
21,35
171,23
217,21
32,32
90,10
46,64
42,16
102,21
33,36
50,17
72,30
25,8
19,33
33,11
29,36
191,48
105,54
51,36
28,19
238,89
44,42
15,5
52,15
37,34
28,6
68,18
55,117
51,22
38,100
41,14
33,4
28,27
19,57
67,8
35,7
59,58
38,67
108,44
205,11
22,107
47,21
97,60
84,10
25,7
192,13
28,65
16,7
15,174
77,48
28,4
22,13
129,12
29,23
72,42
65,68
112,4
74,52
78,160
114,6
51,50
103,60
86,13
60,49
14,38
49,71
25,83
52,6
177,21
60,4
47,44
47,141
18,69
39,106
43,87
262,54
55,19
97,8
23,11
31,19
38,14
41,10
40,54
107,96
79,25
30,29
14,15
26,28
133,3
91,4
36,5
22,30
37,6
78,35
16,35
74,5
88,33
14,6
15,66
104,13
29,24
34,31
25,35
65,117
37,4
44,23
16,8
28,83
60,39
43,8
52,11
22,23
270,8
151,22
82,25
28,96
129,6
38,12
27,14
128,11
57,38
32,73
98,18
71,24
24,44
64,5
14,42
145,4
67,36
16,67
26,16
28,19
23,3
79,5
104,13
249,27
100,51
167,9
20,71
85,47
17,161
20,21
23,14
36,52
45,118
41,7
34,10
30,25
35,135
93,20
89,12
93,7
54,3
20,5
78,67
16,21
140,9
176,130
63,74
54,21
18,47
108,37
194,5
130,27
48,46
81,60
17,4
17,69
128,108
49,49
53,91
43,12
79,31
197,66
22,44
27,21
99,101
96,77
45,39
36,21
34,9
75,137
53,19
19,10
47,4
21,17
27,9
132,29
22,150
14,83
114,20
94,36
145,72
60,56
31,73
74,18
121,33
22,21
47,21
57,64
41,34
225,12
16,73
136,33
20,22
61,3
55,42
83,27
171,36
32,103
92,52
109,129
19,76
68,23
44,12
49,7
146,11
102,8
29,23
180,30
30,4
101,23
21,20
242,49
87,16
41,25
90,6
24,56
133,4
89,17
51,25
25,18
39,19
134,38
37,11
65,90
44,21
101,45
183,102
102,28
83,18
17,32
132,90
51,59
158,104
134,22
39,127
46,92
29,3
49,166
76,13
116,8
227,18
40,27
37,22
35,23
39,40
33,4
23,80
52,95
30,66
81,9
50,31
24,3
54,17
17,30
132,7
196,23
18,13
25,35
161,19
101,7
30,128
88,14
105,48
33,135
80,2
26,4
214,87
47,4
16,5
21,91
36,8
122,153
54,35
34,6
201,53
112,63
27,46
18,35
27,3
23,5
84,77
214,23
150,31
20,137
87,19
18,113
41,14
30,23
16,67
76,36
57,110
28,28
22,7
57,35
77,5
37,81
44,12
26,3
64,12
87,22
65,153
18,58
30,8
56,6
61,12
44,15
97,39
66,72
28,20
15,45
178,19
25,29
183,4
215,5
108,2
14,25
96,20
53,36
49,124
293,21
56,97
26,30
34,10
40,77
30,44
152,9
21,10
64,43
31,8
34,14
169,28
90,30
85,8
18,47
74,37
34,10
74,34
69,45
81,74
33,18
29,20
40,38
40,22
22,46
92,84
165,59
146,20
19,49
55,126
19,70
91,4
227,96
40,27
19,19
32,3
26,19
20,97
208,7
42,9
59,8
39,40
38,46
65,62
14,36
167,27
118,25
60,23
72,65
14,27
45,21
141,5
79,20
106,76
136,59
293,24
57,6
19,12
132,28
60,33
45,20
67,91
191,68
106,30
32,54
36,15
83,21
27,18
21,198
62,52
53,16
36,82
64,83
125,48
63,84
104,13
45,16
50,4
61,43
86,26
17,9
16,45
20,70
145,41
15,104
33,3
53,30
14,36
33,35
222,45
27,8
51,29
38,5
84,12
24,9
138,5
23,4
64,105
239,5
34,19
23,26
42,4
95,52
52,101
23,140
103,3
105,29
148,14
85,12
52,15
32,82
68,6
66,11
16,16
30,8
65,22
34,96
53,34
30,78
35,23
65,22
28,36
86,4
71,24
56,81
15,72
17,39
92,3
54,47
29,111
31,36
36,105
120,34
172,92
27,67
75,4
68,7
149,13
19,8
24,2
133,7
80,6
59,8
108,28
33,11
69,71
15,81
16,27
91,44
36,34
17,70
58,12
15,124
158,62
123,4
15,94
122,16
90,30
40,18
31,28
239,17
36,4
191,33
185,41
62,8
48,26
70,37
23,85
16,53
46,17
19,55
86,10
28,6
83,47
86,38
91,3
21,20
58,49
60,4
27,120
20,19
29,61
62,49
36,76
156,113
80,37
61,66
82,7
50,7
39,8
56,9
150,7
88,19
33,9
97,167
122,18
19,33
124,37
130,14
25,19
19,15
113,82
146,23
125,11
100,34
17,65
120,2
31,5
29,59
14,39
46,66
123,8
57,46
52,54
69,89
29,19
16,11
64,10
69,80
14,23
28,79
44,16
22,28
66,67
132,11
17,34
62,53
15,48
93,77
126,3
61,235
147,33
50,6
43,10
25,9
76,21
15,16
18,13
16,11
138,25
64,54
103,79
44,31
20,29
78,15
34,177
48,28
72,47
58,66
51,32
62,15
135,124
16,87
72,50
49,90
96,3
15,38
83,38
16,14
91,47
62,39
55,38
24,11
37,62
38,13
141,77
24,3
61,123
122,12
38,48
225,42
38,8
153,29
50,36
65,78
41,14
27,33
54,53
67,6
135,6
18,132
34,70
98,107
102,16
52,5
26,70
99,156
33,174
36,56
40,47
49,5
72,92
92,12
84,17
87,3
46,125
48,26
91,18
168,26
56,113
97,86
68,109
41,43
55,66
90,10
82,43
60,97
32,6
117,97
33,16
84,30
14,5
22,80
44,113
130,30
63,66
53,4
220,24
218,14
40,134
84,45
99,13
57,13
30,93
22,57
16,133
69,5
15,72
19,24
93,25
124,98
68,31
14,39
41,6
29,49
28,111
23,2
80,15
32,30
34,11
139,12
33,26
60,15
63,19
57,47
95,42
33,213
204,27
27,9
22,27
33,30
77,31
22,9
15,32
67,26
42,18
119,18
19,25
16,8
18,19
78,41
108,41
15,26
35,2
65,17
154,11
86,35
91,8
24,79
35,35
67,26
28,8
63,71
28,106
129,9
17,46
40,3
17,25
56,29
27,25
99,47
43,11
22,27
16,22
74,44
65,84
69,12
51,40
17,50
17,17
37,50
64,8
101,9
147,4
24,6
39,2
54,7
30,60
46,52
25,174
111,20
35,3
18,40
46,23
35,75
53,78
51,33
73,25
49,42
30,68
73,59
28,9
45,72
86,11
28,14
136,37
99,46
61,20
35,11
75,53
31,3
118,147
153,21
95,73
23,9
34,39
97,43
15,8
42,3
35,108
54,22
19,27
28,44
74,19
122,28
28,63
19,20
31,7
31,10
30,30
53,3
18,15
111,30
72,2
64,77
31,40
58,20
67,7
38,23
87,3
87,103
16,5
40,3
39,20
40,25
57,15
183,115
91,5
212,39
31,114
22,47
37,33
65,39
41,43
27,15
75,44
85,4
68,13
22,75
88,67
35,9
41,24
27,15
33,90
105,28
89,55
31,34
21,38
26,55
116,34
26,125
30,46
42,28
46,40
87,105
85,41
76,63
84,25
22,17
30,22
28,3
33,7
16,11
46,48
32,51
20,91
78,5
43,40
56,52
108,56
150,136
14,14
264,41
113,8
71,5
36,152
29,6
16,88
25,67
71,78
55,44
21,42
36,118
18,60
57,18
17,42
38,56
19,48
35,79
26,89
34,203
167,50
132,42
16,5
206,9
43,95
42,9
32,4
43,151
41,26
61,20
59,170
113,19
78,227
69,33
35,44
219,43
46,5
28,6
28,58
46,20
41,34
110,3
131,7
46,111
152,53
114,10
20,57
39,19
146,50
53,3
15,143
18,98
93,20
74,21
79,73
92,19
45,88
66,21
28,98
88,17
38,6
105,3
18,28
134,54
252,47
119,28
30,8
50,14
19,16
35,8
42,8
30,6
112,12
41,30
23,48
99,154
59,26
16,14
69,3
90,33
42,40
25,38
86,20
54,49
130,65
63,51
85,121
67,30
26,5
28,8
54,70
52,26
132,3
33,93
31,46
117,12
134,27
140,58
14,14
123,90
95,64
151,69
25,48
28,49
15,19
34,53
65,22
125,10
21,19
44,82
54,4
74,3
33,13
66,18
87,35
104,23
59,8
38,31
49,7
55,7
30,25
30,6
72,26
92,20
95,23
29,31
24,23
90,27
118,12
16,44
30,23
18,34
33,8
20,53
34,45
150,117
38,84
65,34
19,9
21,4
35,22
113,54
39,25
56,9
31,18
36,36
68,25
46,36
131,36
150,3
55,5
18,31
16,42
71,67
60,16
115,8
20,40
94,21
199,71
30,23
41,17
107,21
28,45
136,34
86,21
30,4
20,61
18,53
264,4
20,125
245,38
86,47
88,24
30,80
197,13
77,65
21,12
112,34
23,40
101,73
81,26
68,15
23,62
123,12
43,40
16,21
97,119
26,19
16,6
68,14
19,25
65,72
15,12
23,45
21,83
25,22
49,40
16,51
138,155
29,43
26,4
17,30
64,13
15,4
34,34
84,8
59,46
80,16
47,52
95,49
14,87
49,7
22,44
217,64
15,73
77,95
30,3
51,14
126,9
84,10
49,168
110,10
30,3
23,3
43,4
36,3
59,26
183,29
89,119
54,24
21,46
41,121
99,46
30,20
47,32
16,24
249,29
60,49
15,30
97,75
61,51
75,31
139,12
145,44
50,92
33,22
130,24
22,86
164,37
160,11
89,4
101,11
88,105
50,14
100,3
27,4
34,7
175,11
66,32
29,12
46,15
118,46
112,21
99,12
97,30
35,124
69,22
91,38
85,44
58,14
21,3
46,113
31,12
24,4
34,64
19,38
26,114
137,138
143,69
65,27
94,50
40,47
16,118
60,9
58,4
43,57
34,44
123,65
60,9
81,46
32,38
35,75
35,31
69,39
57,5
17,7
79,30
26,8
57,32
26,35
86,54
49,42
22,18
79,71
36,31
107,5
31,7
19,45
24,3
174,60
42,31
132,4
49,31
28,27
19,17
34,14
29,80
29,8
17,29
21,2
34,46
45,82
88,15
58,51
61,4
28,54
24,19
102,5
41,7
56,16
26,31
38,53
17,56
73,72
36,46
19,4
15,37
24,6
105,2
36,22
75,118
112,22
23,6
21,53
56,81
15,37
138,26
79,55
14,6
132,11
157,4
37,17
17,78
57,138
100,13
17,37
76,62
46,19
218,17
77,16
76,157
54,3
44,47
40,4
241,20
39,5
27,34
40,16
34,16
29,73
156,91
53,15
310,32
30,6
17,30
46,39
22,9
53,104
80,48
18,69
126,15
161,75
47,3
110,8
69,14
32,18
191,40
98,9
101,14
61,23
16,202
131,13
61,39
21,6
66,21
49,15
35,48
49,6
15,23
21,45
128,55
158,3
199,17
122,38
31,11
56,12
116,30
14,38
34,22
121,3
52,27
57,160
30,21
139,44
42,14
92,16
57,31
99,17
111,14
129,97
15,15
121,12
28,15
24,25
24,35
50,195
271,3
25,121
50,28
128,34
20,41
18,32
22,3
15,4
146,34
135,11
36,58
63,46
32,6
45,12
49,23
42,26
110,51
60,6
175,44
107,60
170,97
41,105
62,59
205,57
28,9
138,29
58,2
59,2
82,11
23,41
25,105
78,52
118,194
43,34
32,5
24,6
19,14
23,4
120,17
39,114
39,25
37,52
24,30
38,61
34,47
29,25
46,59
37,12
18,53
72,6
65,13
31,58
62,13
24,4
33,7
59,55
124,5
28,43
78,13
31,19
19,20
20,37
34,36
32,151
21,20
141,87
90,89
18,63
89,61
35,80
43,25
45,14
65,39
46,30
39,16
119,10
104,6
168,23
41,17
99,11
53,11
58,170
20,21
37,82
21,17
79,10
42,5
53,2
126,25
87,80
24,56
189,69
70,40
18,3
22,20
29,38
18,204
68,39
20,27
42,59
110,32
22,17
23,11
117,31
17,23
19,36
22,47
46,193
59,77
37,7
104,3
157,16
30,84
33,32
56,17
21,72
15,65
35,24
28,119
276,23
60,50
53,49
20,84
55,79
60,9
100,20
59,93
37,80
248,77
59,4
35,43
65,40
25,33
28,15
181,19
59,42
282,52
94,4
104,26
72,16
35,24
44,11
28,115
102,188
123,76
164,31
117,20
34,2
94,57
15,13
31,87
89,54
188,62
61,101
59,115
16,16
39,4
23,29
278,17
59,16
25,22
139,5
190,50
139,57
94,11
183,10
27,4
42,14
17,56
19,38
27,50
17,4
149,135
18,64
16,39
22,4
35,89
92,15
80,157
39,9
39,57
196,8
55,35
47,8
34,26
26,8
62,2
43,7
16,48
17,23
26,24
36,8
18,21
39,9
21,53
180,5
140,90
34,67
114,44
44,11
88,45
27,18
70,67
75,26
58,6
135,28
35,39
125,3
14,5
75,9
66,9
41,6
102,18
41,5
30,18
28,10
113,120
86,22
61,227
98,48
100,53
79,48
109,36
64,57
116,3
98,58
17,68
69,44
107,180
43,62
18,26
47,122
96,39
24,20
49,41
53,58
15,40
74,26
69,62
95,5
64,42
52,3
62,12
29,52
63,121
71,37
36,2
110,18
31,11
109,23
28,2
27,7
32,63
87,50
184,20
24,24
49,6
31,40
59,19
44,60
42,36
22,14
49,77
30,27
21,60
18,37
39,58
18,5
58,4
138,33
51,13
45,28
21,10
18,30
14,65
20,17
18,25
36,121
30,13
14,43
36,31
23,55
45,20
29,9
75,14
33,22
24,11
19,8
56,59
27,19
54,61
58,37
32,33
16,43
120,102
41,60
125,133
18,48
37,31
65,48
43,22
40,39
248,33
34,7
47,2
50,97
109,17
142,11
132,9
28,130
20,4
98,40
63,33
19,31
218,5
97,23
96,58
167,44
56,20
29,47
16,6
36,55
22,9
71,61
30,70
51,142
152,16
152,2
58,61
83,18
15,10
32,110
66,98
25,36
16,141
39,5
97,18
17,12
20,10
38,86
76,11
72,178
156,14
64,13
119,26
32,19
60,175
60,10
110,16
51,46
130,64
98,42
15,63
123,16
24,72
159,9
30,5
64,45
61,9
75,19
101,13
69,49
86,26
124,12
47,10
17,72
158,11
96,58
85,63
14,26
114,28
32,112
61,73
27,3
68,26
110,4
71,34
17,77
16,10
73,40
186,11
63,21
44,17
60,56
38,92
23,4
172,36
28,49
176,29
238,19
148,40
18,17
98,25
111,5
22,11
33,14
94,34
18,59
89,4
72,36
61,26
15,53
48,119
54,60
54,60
63,106
51,11
89,134
20,24
43,45
23,96
110,30
18,19
205,21
38,14
18,111
60,30
149,22
178,41
50,4
29,17
20,22
78,5
210,29
48,61
48,10
70,59
26,3
83,12
20,30
23,24
84,46
52,5
125,23
66,32
30,10
50,10
50,28
60,113
67,16
100,60
85,67
21,46
23,41
80,23
50,19
28,9
18,73
62,28
64,5
41,47
204,13
24,22
183,19
96,37
88,14
38,6
21,102
23,88
107,38
25,44
117,76
28,6
116,8
131,41
21,53
19,68
63,63
33,17
41,27
88,51
37,34
62,51
32,23
117,38
25,56
134,14
63,82
55,48
20,155
64,25
94,233
33,83
59,18
199,32
92,12
21,83
52,4
188,18
93,14
52,40
20,8
49,70
67,57
151,33
74,97
17,26
36,31
40,14
51,80
41,35
18,36
23,6
52,10
16,110
119,42
52,5
124,50
22,29
33,41
118,7
19,51
234,14
21,84
73,42
27,41
17,8
92,58
42,57
252,23
32,2
32,42
39,62
32,24
52,105
39,3
20,39
97,87
95,72
21,3
90,8
37,38
39,10
85,36
62,4
50,48
17,84
36,39
152,35
27,53
151,43
89,182
74,32
79,8
23,20
26,50
26,23
32,109
102,5
29,15
41,3
247,79
44,3
187,16
47,7
20,53
51,15
19,14
39,40
87,95
83,53
15,99
64,18
35,30
64,18
33,50
141,4
43,13
112,98
38,21
28,49
28,65
40,2
129,43
140,12
71,20
129,28
38,4
31,52
21,8
47,16
40,52
109,6
24,10
59,10
52,64
84,17
45,55
197,88
22,28
49,109
29,28
47,9
222,45
111,13
74,15
122,61
79,9
89,24
64,50
42,8
307,57
19,56
76,38
104,43
51,5
70,20
55,134
46,119
104,10
172,25
90,30
14,28
43,5
22,30
19,38
14,33
51,15
43,8
61,15
73,83
56,7
42,22
34,37
61,39
21,6
47,29
103,19
102,77
21,3
20,11
61,39
16,106
166,33
41,12
61,37
90,26
42,9
84,31
19,18
45,60
124,13
29,30
54,33
48,31
31,11
62,51
80,31
26,50
33,5
42,12
64,8
73,100
106,5
54,37
63,37
115,55
45,35
40,12
42,84
24,9
66,12
53,46
63,8
15,13
29,3
21,10
61,91
45,36
25,16
108,26
150,34
290,61
67,61
19,60
148,70
126,43
80,182
39,104
34,4
28,43
37,12
40,40
20,80
23,41
90,201
67,3
98,79
194,28
92,7
69,53
107,29
23,7
76,7
116,73
80,5
38,23
72,7
29,11
19,4
37,31
60,82
82,23
48,25
46,8
15,6
21,20
17,133
32,5
86,24
53,46
14,41
56,46
20,13
133,72
121,19
55,169
120,77
121,21
15,199
32,46
33,4
17,115
199,2
34,7
41,15
160,28
34,122
200,21
40,16
46,89
80,26
131,24
37,7
30,19
136,5
17,29
27,29
39,63
120,54
192,16
45,42
22,19
43,38
79,3
132,28
26,20
130,174
55,7
32,5
23,10
55,144
17,7
16,5
18,22
50,30
20,44
56,64
74,20
20,7
31,115
23,14
31,32
17,24
297,53
96,65
67,13
94,61
39,13
18,7
37,5
18,56
34,86
136,22
30,63
124,28
123,42
17,96
34,66
69,6
75,33
45,44
40,13
42,21
63,83
57,102
61,13
143,70
88,63
67,19
45,39
128,96
117,54
102,35
98,40
152,40
79,34
44,3
52,32
153,4
44,17
18,18
118,29
138,34
29,15
92,49
84,36
34,10
70,46
76,8
22,20
119,25
57,37
35,84
121,11
24,9
43,59
44,39
43,21
65,31
50,14
23,51
122,66
68,6
36,43
42,21
114,61
21,65
65,15
34,79
76,7
214,11
37,36
82,29
18,6
17,13
74,13
28,34
53,17
42,57
39,28
59,51
30,55
22,64
76,25
44,112
69,26
39,5
17,15
65,8
271,88
47,70
28,64
50,52
53,51
145,13
97,34
15,60
92,11
52,32
22,215
238,66
58,36
24,25
109,20
108,67
80,82
106,12
60,56
33,23
90,25
100,8
27,73
34,22
62,29
233,14
20,21
18,6
67,7
188,23
87,12
41,3
17,15
16,48
97,34
71,7
228,44
132,13
15,46
47,38
115,4
75,16
17,8
23,11
153,38
32,12
38,3
146,37
34,6
36,37
20,42
23,18
89,3
16,7
38,21
44,6
119,11
32,84
28,6
114,36
17,22
20,13
22,89
52,34
53,17
143,53
86,11
58,130
90,21
95,62
161,31
50,9
23,28
63,23
16,43
28,50
53,36
80,29
27,99
203,40
46,46
67,25
26,5
119,68
16,91
29,62
74,76
115,14
82,70
30,144
33,31
76,39
122,17
210,17
17,13
31,61
222,44
42,80
111,25
151,18
45,8
73,43
18,9
26,133
103,12
48,13
28,40
97,105
35,5
59,6
51,24
100,10
80,4
135,200
47,10
19,16
110,5
52,27
51,47
28,47
54,109
23,88
51,7
38,25
28,27
46,17
28,53
15,69
59,42
40,57
53,81
110,44
31,45
72,83
21,3
44,72
114,20
19,58
71,63
19,26
19,4
54,46
54,36
21,9
16,60
27,9
18,36
32,58
61,46
64,150
63,17
53,54
19,4
47,15
17,30
61,61
149,49
142,123
87,14
60,19
20,25
54,65
23,10
72,38
59,28
113,30
102,72
36,94
46,123
17,11
55,13
37,10
33,82
79,15
15,130
33,52
30,125
28,147
51,25
103,75
32,21
16,23
54,6
138,62
101,158
67,11
70,74
116,12
40,73
91,15
38,26
74,24
192,6
55,3
89,42
16,54
84,14
51,27
104,8
40,94
55,31
76,50
115,6
79,17
95,165
24,32
91,15
16,58
46,25
108,55
23,42
137,32
23,17
39,27
17,55
38,47
86,18
57,21
97,38
94,27
42,5
50,5
65,76
19,50
33,72
117,29
17,15
14,11
75,18
56,13
49,28
95,44
19,15
62,48
92,20
36,7
55,14
20,39
39,48
69,147
86,38
60,33
37,5
25,30
32,15
257,52
39,27
20,46
145,5
114,78
15,56
62,10
56,7
96,23
52,109
18,4
64,32
111,15
29,7
211,25
27,14
68,35
51,8
32,10
34,64
33,6
20,16
56,59
14,107
66,5
101,24
19,23
60,12
31,57
72,84
28,6
67,18
32,50
95,14
49,21
22,2
84,22
27,90
125,63
16,18
19,7
33,66
50,81
50,42
16,44
28,44
21,84
78,96
259,12
86,50
37,52
51,10
18,121
23,22
95,10
66,28
27,2
55,10
17,31
63,4
43,60
66,4
77,63
113,18
60,8
51,46
23,55
14,7
61,49
24,31
61,57
142,35
69,2
36,37
55,75
95,84
25,54
151,21
32,89
35,79
52,88
71,52
88,38
145,59
78,38
41,9
18,202
56,89
66,40
39,66
91,43
35,8
92,51
54,52
46,29
23,21
51,8
60,20
83,86
34,39
16,38
119,30
141,9
22,4
47,71
101,16
15,3
136,20
89,20
19,24
90,3
53,54
111,9
35,85
111,23
39,2
54,4
131,25
101,30
20,31
54,38
32,73
85,41
90,51
22,15
92,38
32,14
35,3
14,36
54,14
36,70
165,68
87,127
148,59
36,50
46,21
61,182
90,16
217,14
92,14
50,8
43,37
20,7
57,55
42,57
151,7
47,24
33,3
56,36
29,23
114,109
53,35
23,57
15,52
55,50
65,48
111,61
36,61
278,71
132,67
56,62
39,20
79,85
57,2
29,48
67,21
19,16
33,57
32,41
75,4
97,16
47,9
17,19
118,33
67,13
18,37
28,169
73,36
47,102
30,13
29,43
32,4
49,18
31,38
88,12
29,5
49,31
102,19
72,30
62,52
41,5
80,20
15,6
125,10
27,45
41,17
89,5
41,16
88,12
17,59
43,70
53,10
59,89
84,92
106,45
135,24
173,76
46,86
176,37
207,67
90,7
51,27
22,33
16,5
53,55
17,81
104,8
173,50
24,47
74,8
50,88
50,16
66,109
31,44
18,42
57,31
14,25
45,20
15,20
50,118
58,36
43,4
29,28
92,46
130,92
43,4
44,25
60,6
52,26
33,97
17,16
18,15
45,10
23,52
34,10
72,6
35,38
78,69
34,75
51,27
52,27
16,54
105,57
56,17
203,3
63,6
80,59
151,42
163,13
187,15
28,11
28,44
45,229
151,18
35,80
27,55
48,11
23,104
28,6
51,14
115,10
57,57
97,6
24,138
39,5
53,28
71,29
37,10
50,34
41,30
97,27
101,28
31,19
136,22
63,71
34,43
102,87
96,8
62,17
61,10
52,34
95,67
30,53
15,127
25,108
51,33
251,7
45,61
41,30
30,35
23,22
37,123
78,15
24,14
104,20
66,5
26,62
41,36
155,19
34,40
112,25
44,42
209,8
30,17
20,157
51,53
17,19
171,25
33,61
73,30
46,8
32,154
15,75
22,54
71,152
154,8
175,35
25,3
61,52
32,36
66,21
166,32
63,24
60,9
39,27
46,135
121,9
14,11
67,116
19,27
42,5
167,108
176,161
175,4
16,8
28,48
33,74
24,54
17,9
86,44
66,25
49,38
22,8
29,49
300,59
17,15
38,3
24,8
193,102
56,5
17,6
16,7
25,26
48,3
84,7
17,27
80,7
58,126
69,29
64,6
50,16
47,76
135,30
42,35
35,125
76,10
19,150
84,72
156,28
131,132
48,89
101,46
22,143
25,10
25,10
53,16
24,50
70,20
24,3
31,10
60,8
83,17
53,15
22,4
75,10
88,13
76,89
123,213
145,17
14,16
92,28
104,41
41,15
28,2
18,76
51,15
30,83
23,10
97,33
60,14
71,36
27,9
35,17
44,16
40,89
26,5
51,3
21,36
55,106
30,16
40,8
120,33
65,23
93,47
34,30
57,57
24,4
160,58
83,16
107,78
238,70
18,69
62,83
17,26
22,60
32,74
87,60
131,20
66,92
42,6
20,74
73,63
48,31
35,40
63,23
24,16
41,9
22,133
58,64
130,30
214,27
34,12
103,29
51,7
77,50
61,34
59,16
106,11
19,59
15,10
49,10
39,72
21,149
19,29
96,28
70,35
30,40
30,26
94,60
176,22
41,22
92,25
57,45
100,8
49,77
46,15
79,89
42,33
39,30
111,4
209,34
14,47
18,92
119,17
47,35
23,13
46,95
56,69
86,67
113,8
56,11
14,35
59,54
55,54
20,93
81,33
17,120
112,6
30,3
36,31
30,25
24,12
105,7
198,94
71,15
16,58
36,87
75,89
14,68
16,45
76,31
16,26
20,3
17,13
18,13
228,34
23,16
52,21
56,6
59,43
22,17
21,69
66,54
16,55
61,37
40,7
117,52
19,4
50,14
49,36
16,131
51,16
17,18
30,8
44,17
15,72
28,18
197,52
124,100
57,4
32,28
77,19
94,117
16,143
57,7
14,23
59,16
29,97
107,64
23,39
43,39
15,121
98,2
46,102
30,67
115,37
32,150
105,7
97,5
21,61
18,22
75,53
36,3
77,28
91,4
23,81
24,26
35,128
20,10
47,4
42,45
89,46
29,8
15,76
55,103
119,21
58,19
179,29
32,26
46,11
48,40
24,22
21,118
21,4
27,33
123,4
19,18
42,22
64,36
85,16
62,6
152,15
142,3
33,77
17,73
67,41
60,42
78,15
46,7
307,5
19,49
54,15
40,18
108,44
78,5
59,46
49,27
94,63
14,3
27,47
40,34
68,13
29,44
59,66
73,12
50,6
139,171
26,89
39,18
101,67
29,110
108,52
15,42
32,3
42,11
76,12
31,162
115,10
66,7
138,72
19,37
228,29
35,9
51,10
28,30
49,14
64,43
47,66
69,22
33,3
32,15
87,45
16,9
79,30
67,16
86,31
26,9
80,38
28,20
84,3
43,12
36,4
39,9
21,8
31,37
56,72
20,2
54,88
76,82
15,19
83,15
15,56
109,52
65,8
18,7
37,24
230,100
56,18
16,56
231,68
14,127
71,26
46,77
47,95
91,28
60,25
97,34
80,35
20,32
39,24
82,9
17,22
21,14
39,49
202,26
26,4
23,24
30,35
142,14
58,177
60,107
86,38
37,146
36,83
79,100
31,57
91,63
131,59
88,47
21,9
48,97
59,36
170,55
106,55
127,11
25,43
20,6
43,3
63,40
56,13
59,23
75,16
28,8
20,42
44,27
114,93
19,16
24,7
21,38
72,71
62,37
15,57
189,86
148,66
115,20
102,159
59,96
145,34
62,11
92,74
141,17
168,34
64,40
146,14
47,9
30,3
260,90
22,111
52,48
25,3
66,23
37,48
72,16
33,37
94,12
73,143
27,10
158,180
23,22
16,39
31,9
67,43
19,25
69,61
15,21
26,28
93,5
41,96
70,58
20,31
20,74
24,78
15,5
88,4
41,16
77,7
91,45
261,4
47,12
103,48
38,79
67,71
60,10
40,19
16,115
123,28
16,36
50,8
38,2
24,94
32,14
43,30
136,8
60,2
44,3
53,89
51,90
26,29
110,16
25,42
29,77
130,20
37,58
15,17
17,52
16,32
48,8
74,20
33,81
66,8
46,18
210,26
89,78
17,4
210,159
80,5
79,50
145,37
18,25
30,24
45,7
78,41
23,19
50,14
95,10
36,172
105,47
44,31
94,6
49,44
30,64
22,38
32,7
29,20
166,49
52,20
91,15
51,12
18,13
30,78
83,103
47,207
85,49
22,5
116,21
37,21
38,12
29,16
35,17
42,13
39,71
41,4
27,61
123,3
215,13
27,135
155,39
84,31
125,29
49,135
45,69
135,46
246,52
64,7
74,27
165,14
67,24
31,29
98,24
24,14
14,87
26,70
27,20
28,9
15,25
64,38
14,62
33,16
19,24
37,27
68,20
62,3
18,25
158,68
56,101
30,20
38,30
29,6
82,34
15,20
29,31
28,15
38,28
122,22
15,22
56,14
85,11
68,35
24,33
37,19
43,49
126,58
58,25
44,103
33,118
65,17
41,28
56,38
33,19
82,13
71,33
89,115
38,38
191,110
17,54
41,59
20,10
195,31
51,22
105,82
81,42
71,4
94,16
146,54
17,16
63,64
33,34
116,5
31,38
27,3
23,41
35,24
79,101
109,51
82,5
43,28
175,68
40,104
36,42
20,138
42,5
36,63
43,35
121,14
271,99
43,13
34,26
87,5
17,55
20,29
35,31
78,3
35,124
18,144
24,7
35,17
17,35
121,27
19,97
230,3
120,10
31,34
64,13
150,58
41,37
31,87
85,10
62,131
27,81
15,5
17,31
26,10
24,7
142,60
59,80
30,5
89,17
58,31
118,16
27,33
47,109
123,80
101,16
68,34
80,72
32,6
156,93
37,31
73,53
31,3
60,41
47,22
112,14
109,39
97,77
71,17
26,30
16,70
25,204
37,33
33,16
57,12
14,49
23,67
21,13
54,40
85,8
40,10
49,11
49,13
104,13
68,6
179,32
66,20
70,12
60,48
34,4
44,63
121,19
36,38
39,29
16,136
64,159
50,41
55,8
21,7
83,77
44,93
39,15
43,4
50,4
251,64
25,35
71,54
71,8
47,5
64,4
33,20
75,43
110,2
24,5
65,46
93,28
95,30
26,94
30,17
17,114
24,26
32,11
44,86
125,20
123,90
35,20
23,32
15,6
20,28
67,17
60,30
50,64
108,103
81,27
18,23
23,29
34,22
158,28
17,27
68,22
31,50
81,6
286,90
217,86
40,3
32,22
20,4
74,44
60,10
137,11
165,8
50,11
139,29
94,22
34,14
62,16
26,2
44,64
111,17
42,20
103,17
172,4
15,35
28,20
36,80
141,60
27,65
128,28
139,94
98,12
17,82
146,25
23,21
60,19
76,17
36,11
26,130
30,18
32,10
57,31
23,8
88,9
45,5
27,16
38,29
63,8
26,19
58,17
15,15
133,114
25,70
33,4
31,17
20,20
40,158
122,39
39,131
37,16
46,51
115,13
16,45
30,47
111,78
18,6
47,22
77,14
26,34
123,18
18,120
51,8
50,37
35,12
162,13
15,25
31,53
96,4
100,30
97,9
220,24
75,119
53,78
53,20
111,15
76,92
16,59
100,70
64,9
20,11
56,8
70,23
125,74
159,30
79,68
149,68
40,4
23,5
15,59
66,57
114,8
133,180
84,36
56,13
67,40
20,24
23,67
122,9
23,94
21,18
72,27
21,26
24,18
49,55
34,60
68,8
16,70
22,5
24,6
15,7
37,59
59,35
72,104
47,18
84,65
22,93
19,41
181,9
108,60
25,6
40,55
149,154
46,55
26,151
143,82
39,106
15,41
26,54
96,8
16,79
82,27
153,61
20,25
93,28
109,26
138,28
31,20
15,9
61,93
236,23
136,35
120,68
26,13
60,26
25,25
56,12
26,119
35,25
23,9
74,13
41,2
58,15
79,32
120,3
144,5
72,19
32,5
94,17
14,78
83,9
36,86
69,42
145,9
20,63
62,17
39,28
75,121
55,152
123,3
56,95
100,44
21,21
74,50
155,16
18,79
61,10
25,42
158,22
49,18
20,122
61,43
28,78
44,41
37,4
83,4
98,69
95,3
51,69
156,10
49,26
121,15
24,6
104,30
279,31
43,16
97,6
33,19
134,28
28,40
60,4
194,23
147,4
45,27
20,19
87,24
51,73
37,8
20,62
34,10
55,91
96,68
83,46
160,3
95,34
87,29
62,2
102,6
126,57
16,45
14,7
40,99
59,21
54,4
26,14
76,37
40,70
168,44
36,18
46,26
145,8
24,17
93,8
49,65
123,113
30,25
35,57
185,4
199,17
113,50
15,38
33,11
73,43
184,148
271,54
34,49
152,5
100,36
32,85
24,59
85,9
44,6
99,11
119,30
20,5
27,14
15,31
44,42
40,31
91,6
66,33
32,84
27,135
78,14
110,41
93,24
38,62
21,128
16,13
83,16
48,89
60,115
34,68
54,83
21,40
69,5
77,13
32,29
81,34
64,41
84,18
50,67
81,57
34,7
55,27
104,9
67,34
102,24
209,5
51,3
70,14
32,25
55,24
99,70
123,26
160,58
38,84
110,27
53,42
18,16
249,33
18,21
17,49
39,67
32,14
94,24
53,44
45,54
77,76
35,64
18,50
26,42
28,23
23,134
47,3
46,67
190,10
42,10
56,73
41,66
22,105
53,46
16,121
64,12
26,38
42,13
84,8
49,39
37,8
49,49
199,7
58,2
44,22
23,23
30,21
40,18
35,13
176,23
121,9
64,116
73,16
32,55
27,30
135,20
44,4
29,4
68,7
30,33
23,11
35,101
31,19
22,37
74,24
69,38
144,74
118,73
171,42
43,57
223,52
93,87
20,37
78,12
161,7
35,138
55,12
157,32
31,41
65,70
36,13
108,142
32,23
99,160
18,62
143,44
51,25
135,13
146,47
43,15
104,99
19,9
53,76
58,70
49,48
100,5
32,5
20,46
34,38
26,20
67,66
127,125
88,60
56,13
59,108
38,2
142,14
31,3
40,26
167,45
181,6
20,19
55,10
26,27
47,117
46,72
44,3
64,41
61,13
61,53
18,31
47,64
61,18
65,66
14,53
24,99
21,6
55,85
18,6
16,80
217,5
36,102
45,3
56,64
15,59
129,16
17,21
18,66
47,14
50,99
97,49
20,107
129,73
15,12
215,9
40,3
28,89
118,9
25,77
100,91
105,10
22,20
77,26
56,15
16,31
84,61
91,64
44,6
30,19
83,69
159,40
105,65
113,9
37,25
49,74
23,21
124,53
196,24
124,29
59,7
35,10
17,31
106,16
41,6
50,40
139,13
74,121
18,16
23,8
167,3
62,95
74,41
25,64
23,21
16,9
16,64
48,54
85,48
102,56
60,54
30,53
29,3
26,44
100,4
36,26
103,50
15,115
61,56
88,33
126,7
34,46
26,20
136,40
24,115
32,7
36,33
41,11
64,13
198,41
37,73
240,133
65,13
77,26
27,106
20,3
76,43
24,82
99,104
108,43
27,4
47,51
62,35
40,12
31,14
17,47
52,26
52,78
34,20
56,14
26,36
60,38
268,27
61,6
16,49
69,75
199,52
83,66
55,37
101,4
61,25
139,12
119,21
17,94
85,54
48,5
29,57
67,212
115,33
236,32
15,5
65,10
45,5
20,19
24,61
75,8
84,4
37,16
114,8
20,82
37,39
19,26
31,6
49,10
44,46
31,136
114,17
151,12
48,14
35,52
154,5
41,27
82,54
60,16
78,92
110,25
66,14
27,5
38,80
193,13
47,64
19,26
46,24
31,18
104,27
64,50
70,15
16,15
178,16
193,113
77,109
30,7
55,3
27,23
20,11
193,52
93,35
122,41
53,20
114,56
17,46
50,2
105,6
38,42
104,40
74,27
92,16
77,9
96,77
44,13
70,12
63,206
69,25
38,27
26,9
52,27
35,6
21,129
126,8
93,9
66,92
122,29
25,7
40,17
21,3
42,8
49,3
147,78
31,7
32,39
185,9
38,103
76,13
30,16
43,2
61,70
98,49
72,14
102,30
19,86
20,138
26,60
51,75
19,7
27,3
202,60
40,27
70,36
24,10
136,126
69,45
87,11
72,58
146,68
23,7
204,38
28,4
225,10
75,19
52,91
36,13
25,76
48,44
19,27
29,20
87,42
133,7
133,37
30,41
34,11
203,27
114,6
25,157
24,19
41,4
230,140
152,50
58,121
70,49
86,8
99,53
91,31
60,42
18,79
87,45
89,9
90,28
65,64
80,16
48,5
113,11
58,34
116,26
33,80
15,106
38,36
28,86
43,65
163,8
20,10
115,88
35,21
131,30
57,9
66,17
64,5
73,14
37,102
83,10
101,54
25,16
205,15
52,51
15,34
90,113
27,89
79,72
63,3
17,49
16,3
99,36
43,36
155,11
84,19
50,60
106,2
138,67
40,52
147,46
15,25
24,21
24,38
85,17
53,3
19,7
70,38
46,78
23,55
140,29
36,52
88,73
48,6
85,5
46,32
14,4
40,6
57,22
247,9
113,37
56,16
21,24
117,32
120,27
229,13
28,24
34,125
20,22
121,85
19,118
15,45
22,59
26,10
45,24
67,21
33,21
103,6
81,13
132,25
105,87
28,60
40,34
116,19
34,14
79,4
37,50
17,29
71,85
236,4
135,92
86,73
83,34
152,32
75,34
55,22
31,97
95,3
58,29
19,25
28,15
46,28
33,49
64,159
18,79
36,28
28,3
22,43
210,7
144,20
53,88
34,46
179,26
64,9
45,42
77,153
41,37
25,179
75,43
48,33
35,126
35,19
24,5
55,5
44,17
15,59
18,11
24,76
56,8
44,12
27,87
27,22
75,83
17,37
53,5
37,10
16,38
24,11
119,64
40,11
30,97
125,66
28,13
202,44
111,18
23,25
57,30
16,35
50,58
34,12
51,6
86,149
22,47
137,2
97,145
115,12
70,12
24,77
64,85
23,81
33,6
49,3
50,57
52,75
210,48
14,41
26,38
23,12
63,18
103,18
39,26
56,10
16,35
87,20
35,10
40,113
133,25
53,90
21,37
26,8
129,13
55,65
20,39
28,36
165,4
24,8
55,9
46,19
88,33
90,146
81,11
51,25
100,101
25,74
40,8
42,5
62,3
84,21
83,25
96,34
24,23
23,80
135,22
119,65
84,14
24,35
149,18
39,87
47,52
78,46
65,14
71,12
96,36
64,39
28,104
20,160
19,13
178,36
27,8
92,33
33,36
51,18
55,134
35,34
21,15
54,14
64,76
22,28
47,21
153,8
46,37
51,8
32,23
24,14
18,34
119,10
41,65
21,10
29,5
48,82
22,118
26,12
45,30
33,20
26,31
159,56
95,81
31,9
29,3
41,5
35,30
33,35
79,31
31,60
153,35
50,92
21,44
22,22
42,52
65,3
25,2
83,5
44,2
97,118
19,39
40,52
42,76
33,24
31,4
27,16
103,4
74,41
50,29
15,4
169,42
39,68
119,8
196,32
36,13
86,48
37,4
20,35
21,26
64,29
156,107
37,19
46,80
77,43
108,130
27,26
16,30
90,72
41,32
37,39
22,138
75,19
151,8
110,10
23,63
88,4
74,4
58,32
83,12
44,73
55,27
18,128
34,92
30,37
41,19
24,38
15,55
90,14
27,14
76,115
51,59
41,37
102,21
129,94
39,7
83,74
54,103
17,19
118,9
53,15
93,44
88,3
43,71
34,23
112,37
73,47
105,8
41,72
23,46
88,14
43,63
121,12
19,25
103,24
100,70
91,37
69,73
65,90
34,18
36,36
83,22
17,14
175,3
78,155
112,12
144,9
26,3
19,25
80,59
49,60
63,37
33,25
19,71
62,3
38,15
40,109
21,13
69,12
79,9
42,18
47,72
33,11
58,39
16,52
122,21
36,5
22,59
27,32
69,58
69,21
26,100
171,7
133,113
51,4
19,31
24,115
18,14
24,32
172,46
33,100
18,8
65,110
29,121
40,18
76,57
30,13
63,13
35,44
43,104
35,118
43,69
92,36
44,29
20,80
21,10
178,175
38,49
137,46
254,88
107,59
44,68
109,15
77,30
87,2
23,10
170,10
189,194
24,34
122,47
72,8
205,51
27,54
19,20
108,12
35,5
23,14
74,5
51,21
30,46
110,107
24,52
27,17
49,12
21,21
98,35
32,13
26,133
32,12
43,57
29,14
27,7
132,19
128,80
51,2
73,13
88,31
95,58
15,32
58,55
208,29
14,6
23,84
21,32
44,54
35,123
14,62
87,4
101,118
18,19
116,30
30,101
66,69
93,65
66,31
89,58
18,7
68,27
97,8
49,4
24,51
59,13
71,33
27,15
18,104
25,4
51,36
114,89
21,63
34,12
19,16
74,9
17,8
37,72
132,17
247,78
136,45
39,23
189,37
68,57
158,66
83,12
32,31
28,8
129,76
80,18
38,6
45,77
30,46
37,39
27,22
84,8
100,19
30,21
108,9
76,4
102,9
31,23
74,16
70,98
19,24
73,24
51,41
31,116
130,24
72,131
105,34
81,16
123,4
22,97
19,7
94,19
32,190
24,31
36,28
24,7
16,89
37,17
18,68
51,65
24,39
17,51
77,10
38,68
100,5
25,61
53,35
16,5
39,8
60,67
43,120
63,4
79,79
74,46
37,39
143,39
84,6
116,50
51,6
149,22
55,10
42,23
49,52
39,36
16,99
17,44
39,35
84,3
47,20
104,10
87,15
15,3
19,54
81,106
21,84
92,163
14,3
28,42
17,5
16,36
56,5
116,50
30,128
198,17
75,25
121,75
38,12
45,26
31,41
60,15
38,105
51,3
196,46
45,9
28,10
59,7
44,38
87,23
39,62
47,35
82,21
129,38
96,10
28,9
23,4
78,10
34,133
127,69
103,21
43,15
49,31
21,29
58,65
44,4
28,10
115,14
148,29
20,14
55,45
75,52
96,102
78,12
47,22
70,36
24,37
61,84
47,23
50,37
50,5
40,13
69,8
53,12
28,21
33,21
75,10
109,16
37,98
167,151
27,21
53,18
23,185
19,6
16,16
23,44
20,47
28,9
220,12
49,15
42,3
131,48
124,32
61,6
169,32
225,75
72,12
175,83
42,2
36,40
137,36
24,81
30,4
31,37
210,106
23,13
23,14
41,48
39,13
43,25
126,17
105,74
110,19
134,18
78,34
25,12
159,3
56,35
119,13
70,17
67,85
91,103
215,5
58,36
72,4
72,29
29,16
34,33
22,69
58,27
18,3
27,55
60,89
47,202
27,44
77,3
66,5
124,16
17,35
61,53
22,76
93,4
32,5
98,64
15,48
32,8
93,24
224,3
148,25
35,96
118,13
36,12
48,26
69,19
85,51
47,43
34,97
37,149
27,48
21,10
18,27
87,76
23,41
137,55
128,46
143,5
15,43
166,10
33,29
73,28
46,34
21,31
41,48
52,3
21,70
154,17
40,2
194,34
51,113
26,57
143,190
17,11
27,12
112,136
137,22
158,68
19,17
23,4
18,7
72,53
37,149
15,16
69,62
41,101
15,26
195,13
32,47
23,83
52,10
60,17
71,83
28,54
35,22
14,146
15,14
97,14
25,35
73,95
51,46
88,7
35,56
64,23
21,2
41,12
79,37
117,11
20,197
18,4
105,15
115,9
42,53
48,84
16,30
62,86
21,70
51,124
39,38
48,137
45,53
54,26
20,17
71,17
31,45
73,189
22,90
28,11
24,20
30,52
90,23
133,55
160,14
109,124
34,10
77,6
59,61
67,36
28,54
121,2
139,105
57,23
30,59
58,12
130,110
40,43
82,23
20,51
17,51
57,44
61,7
107,163
87,44
153,33
30,106
50,27
122,9
161,26
23,72
19,63
124,125
92,67
55,40
102,29
47,8
77,5
54,5
111,9
46,10
38,29
154,25
181,23
67,28
41,113
94,47
35,59
61,25
51,94
89,39
14,18
101,57
47,30
216,25
123,17
75,28
43,17
24,2
148,10
101,26
220,49
15,25
41,33
85,154
87,67
30,62
31,142
67,18
37,11
68,10
43,3
42,28
22,12
219,12
23,7
23,15
51,75
28,19
15,3
41,9
40,8
46,9
81,6
152,3
29,41
43,72
36,78
47,58
81,12
52,7
27,39
44,57
40,28
152,11
31,15
56,13
19,62
31,79
110,71
17,47
21,93
36,13
86,67
52,68
33,231
15,23
50,75
40,75
57,68
41,14
100,3
34,17
37,29
43,25
24,74
118,9
41,81
35,20
139,23
31,25
37,51
20,57
20,22
34,38
65,36
63,4
22,12
178,7
45,22
74,55
14,12
301,20
25,47
38,57
59,32
41,19
39,49
77,6
16,11
18,47
30,5
61,13
73,14
98,58
22,36
47,5
150,17
23,30
36,19
102,13
58,45
27,8
31,20
21,18
17,8
178,4
45,43
64,12
28,89
28,22
26,9
24,65
135,70
35,31
55,31
45,2
41,43
77,107
54,33
27,112
50,17
78,109
40,74
37,43
72,29
14,19
44,15
50,30
73,20
62,147
33,57
119,30
83,19
22,23
73,15
37,29
20,36
19,96
169,13
16,32
103,10
34,6
16,125
41,26
119,75
25,41
89,17
17,22
100,25
168,40
87,18
46,33
120,19
30,28
15,57
26,15
45,16
123,27
152,13
86,86
214,17
18,95
119,19
35,90
42,42
137,99
39,25
94,17
29,9
18,59
63,39
43,38
72,14
48,8
25,96
113,17
27,48
18,15
57,6
92,6
86,16
49,19
35,49
21,18
29,100
29,16
196,22
74,12
47,4
89,25
132,20
64,50
139,5
20,20
84,12
41,66
164,5
74,3
37,90
118,59
259,19
16,128
142,69
104,50
307,70
25,72
30,4
132,24
299,90
69,11
16,69
42,43
104,10
88,24
20,65
42,25
73,42
26,9
46,110
29,31
284,18
92,35
59,49
86,28
132,9
44,17
43,23
91,75
62,37
131,107
20,65
28,35
91,16
31,31
120,15
21,18
111,20
82,7
156,87
18,32
42,66
37,43
15,138
51,6
41,3
72,98
120,9
123,19
202,27
170,152
23,44
25,21
14,49
20,99
73,17
42,55
86,29
67,64
27,59
23,25
28,28
20,6
30,51
85,7
35,6
99,17
110,7
49,75
105,9
82,21
28,28
18,37
90,22
72,6
101,51
64,27
31,6
30,30
150,34
84,8
27,40
119,84
87,11
144,28
57,75
19,20
72,24
34,5
22,15
24,13
123,9
51,122
25,28
32,22
22,15
31,33
28,15
32,91
88,22
52,24
133,62
39,22
81,46
85,17
17,33
19,77
164,154
129,38
89,68
35,84
106,152
15,44
16,23
17,74
168,3
29,18
15,10
98,52
14,30
99,127
199,4
223,15
97,15
14,198
72,71
63,29
74,75
101,35
69,42
159,62
17,17
18,66
31,18
18,27
59,12
54,5
57,20
74,69
132,33
131,4
81,33
57,48
18,18
27,33
44,85
38,3
21,60
42,115
147,21
132,24
15,11
59,21
25,176
138,3
119,37
20,8
42,73
66,22
35,2
17,37
54,45
43,3
32,16
19,23
16,25
15,111
33,77
51,53
41,74
21,9
15,17
209,19
55,4
24,29
18,31
40,12
101,4
78,23
118,6
70,23
65,49
87,9
24,34
17,6
97,172
141,46
35,109
76,5
15,29
24,11
67,52
34,9
30,11
32,14
48,36
233,5
38,73
178,59
42,6
47,14
40,42
15,15
57,32
15,104
98,67
74,4
39,43
116,30
79,19
32,34
62,21
204,13
195,37
106,230
80,7
31,8
214,10
68,30
57,50
222,57
114,13
28,79
237,63
272,23
16,16
98,17
63,4
118,11
307,11
55,35
56,18
53,151
16,14
84,28
87,78
55,4
94,8
64,46
93,30
80,141
61,6
94,13
133,8
53,24
48,89
30,69
60,11
83,19
27,12
150,19
26,19
50,63
33,41
16,26
251,62
110,3
151,50
18,54
208,34
51,22
20,26
91,29
34,23
46,38
240,70
37,27
83,11
18,14
161,86
129,16
99,12
74,2
68,31
33,31
21,54
73,67
157,126
20,6
82,74
85,30
79,23
65,53
45,14
89,57
102,10
91,29
94,6
82,71
85,15
27,42
117,19
50,27
16,20
33,6
226,60
94,12
28,12
29,8
35,48
95,90
22,16
14,30
87,2
60,20
145,51
77,4
28,84
15,22
38,33
27,28
42,33
17,11
64,13
81,5
34,8
62,23
77,13
83,15
67,11
53,4
148,7
59,3
77,10
19,26
116,3
56,41
151,68
48,15
51,14
32,77
16,37
30,3
23,36
23,22
273,20
74,11
157,34
115,25
64,11
53,35
35,77
20,15
33,11
142,48
17,46
24,59
17,3
35,20
49,154
35,103
43,17
36,33
31,66
57,19
52,9
136,18
85,41
144,36
77,21
44,35
169,27
72,6
40,71
17,30
89,3
101,4
87,148
29,71
18,51
25,20
68,88
14,66
33,50
23,10
61,38
103,37
20,60
44,78
82,41
116,17
18,31
85,45
36,35
133,23
74,35
81,59
79,17
19,29
19,6
45,8
48,6
65,62
18,26
37,58
34,22
94,20
45,87
69,52
105,4
31,103
133,5
17,54
91,12
167,9
69,37
20,4
39,25
15,7
48,18
18,3
100,12
45,101
60,20
21,50
71,15
84,102
85,8
35,68
20,28
55,110
24,19
15,27
49,75
16,52
84,2
77,3
78,6
33,20
17,21
36,3
198,32
61,61
48,40
84,3
97,22
99,94
46,26
93,123
21,26
15,24
15,80
83,10
26,68
83,27
49,57
135,17
211,55
85,34
48,12
139,12
46,27
187,30
144,12
56,26
65,11
31,45
74,7
89,12
59,34
50,34
182,36
20,30
24,21
34,31
35,19
84,20
27,49
49,66
42,56
24,25
31,82
37,36
54,28
17,14
152,23
117,11
19,84
98,61
21,16
45,23
163,24
104,23
19,3
38,3
82,23
95,53
20,18
141,53
15,20
64,13
30,12
50,4
17,5
120,37
40,60
44,112
66,16
133,8
134,33
122,5
91,24
62,61
31,34
47,6
23,40
112,70
133,33
156,9
19,36
22,42
47,123
20,119
19,9
73,61
115,57
27,39
50,36
80,58
57,9
69,39
42,7
63,19
49,22
76,15
21,56
17,59
76,59
19,69
24,70
37,4
113,33
76,37
14,83
84,97
31,2
27,107
79,84
208,42
112,9
35,13
130,26
61,21
32,19
125,45
184,43
17,7
38,37
85,29
132,129
80,53
48,28
45,77
190,32
66,29
110,21
150,16
40,35
130,22
17,36
237,42
24,22
45,8
18,8
16,26
41,41
94,18
223,46
46,16
62,36
101,34
28,42
54,17
22,5
17,59
53,13
98,4
31,33
36,8
35,92
63,14
87,51
38,13
37,53
44,21
17,25
49,11
27,33
108,81
107,27
109,24
42,70
27,40
22,101
64,59
20,24
43,4
28,150
70,28
67,4
40,27
32,39
46,19
36,21
16,42
57,22
58,14
58,19
122,13
15,71
34,72
72,19
27,83
98,60
134,48
49,7
69,26
18,84
90,17
84,72
65,96
110,15
28,16
181,111
97,37
59,17
118,36
30,8
52,8
43,57
154,70
87,106
89,32
34,33
87,9
14,48
19,17
39,4
136,10
38,29
23,61
32,13
210,14
39,23
17,11
37,25
43,149
17,13
270,5
57,16
41,15
195,24
75,73
55,43
75,6
26,41
72,48
51,84
43,5
26,59
36,18
43,40
74,64
27,49
16,14
47,139
38,49
36,20
151,9
26,16
110,24
26,6
29,216
34,52
74,14
26,15
76,5
29,21
160,6
106,70
24,9
28,26
45,24
165,43
44,12
84,20
26,7
36,56
85,10
21,10
20,2
18,16
41,41
103,33
44,67
125,106
74,28
45,11
250,11
27,46
30,34
44,42
21,10
43,9
61,10
136,9
22,26
30,5
18,19
36,21
15,37
42,19
84,36
18,43
38,4
70,55
132,8
28,66
26,50
135,31
38,55
24,16
29,41
72,7
23,2
219,16
208,37
36,3
20,18
66,80
49,5
100,10
43,8
63,9
26,52
23,49
57,36
15,60
27,12
198,7
91,14
46,28
65,17
46,27
162,50
25,19
32,3
107,25
68,22
22,7
25,70
60,9
46,3
26,15
33,15
22,26
124,13
121,81
75,68
18,22
110,8
101,57
39,6
46,45
16,45
17,22
235,8
101,37
259,40
27,38
114,56
149,16
17,29
63,16
56,2
128,99
27,115
14,70
117,73
15,62
17,29
66,18
156,23
134,78
72,44
58,19
140,56
32,96
22,22
64,48
82,7
28,15
23,76
23,7
71,11
16,2
57,41
28,53
18,7
15,68
55,35
37,103
29,4
56,11
29,12
28,21
96,12
140,10
68,72
30,29
63,111
33,30
22,27
61,69
26,21
44,41
138,46
73,9
59,8
43,16
73,11
148,14
31,15
63,10
75,22
213,17
141,171
35,31
31,71
53,33
51,30
40,48
78,41
29,19
255,26
76,20
38,37
19,48
21,31
54,62
47,15
168,8
22,8
22,8
77,24
25,27
52,6
41,35
21,8
29,5
31,65
42,34
103,74
177,24
29,4
27,5
56,25
62,27
71,13
58,36
49,15
72,5
36,13
69,18
15,139
142,89
37,16
14,15
37,39
238,15
204,24
49,4
47,24
138,9
192,70
46,49
57,18
278,89
15,16
58,5
67,24
47,42
68,39
25,91
85,14
14,16
24,16
18,8
71,25
95,25
19,6
63,58
59,10
34,38
60,16
51,75
16,71
58,5
203,44
175,103
26,13
78,19
37,37
32,116
76,30
33,10
139,23
272,42
112,11
56,33
61,29
159,14
90,24
83,7
43,134
51,46
74,13
49,101
16,40
31,42
87,2
199,67
96,83
37,86
74,3
37,41
52,43
31,78
40,18
105,24
68,17
25,84
24,12
24,37
48,67
67,60
182,72
65,14
18,46
58,4
24,19
67,63
38,75
30,45
68,19
292,135
59,26
62,3
27,68
66,87
84,4
31,126
26,6
14,74
40,12
197,26
65,77
39,54
48,11
83,14
19,28
48,4
58,97
78,8
121,38
39,26
16,7
46,4
114,44
53,36
20,52
40,50
17,16
28,48
26,46
72,13
111,13
173,2
33,35
61,79
25,21
220,20
41,3
76,77
28,101
170,54
30,61
68,98
94,37
35,20
51,3
130,30
20,4
51,19
36,6
41,33
52,4
129,17
60,104
50,46
66,9
55,69
19,75
123,2
71,75
21,163
65,194
55,20
44,55
105,4
101,41
19,11
64,13
28,117
16,5
16,3
25,5
282,54
45,38
54,9
15,59
17,9
35,8
69,63
91,26
38,47
86,43
120,12
78,45
25,4
50,10
68,21
23,58
130,14
38,38
52,112
128,234
86,28
16,19
34,11
58,4
129,42
127,83
105,51
31,17
31,23
106,10
67,28
43,37
17,3
58,46
53,15
176,24
96,8
101,43
27,12
27,47
69,4
36,14
46,25
45,4
34,77
37,6
34,24
58,33
34,11
87,13
91,5
40,18
20,83
28,13
32,29
42,60
227,49
32,117
44,17
99,26
236,10
19,3
39,85
131,45
37,35
66,48
21,8
105,90
99,26
85,12
79,45
22,20
142,42
52,11
58,70
27,36
18,25
35,63
56,9
48,9
149,7
20,18
53,49
26,95
26,48
69,24
101,19
14,17
43,89
33,31
124,38
81,17
118,26
59,25
42,28
32,30
31,91
20,90
48,26
43,23
67,5
18,8
25,7
70,14
35,6
41,17
19,24
28,13
51,49
124,7
30,64
46,46
106,37
72,6
39,31
29,47
87,27
31,65
19,7
30,128
26,5
15,42
19,7
38,24
59,53
47,46
39,89
32,19
79,69
45,22
36,50
20,28
83,10
77,3
64,3
15,166
46,81
67,70
36,101
23,49
32,6
20,23
71,4
22,37
16,36
41,34
95,79
120,10
36,44
86,135
94,67
26,17
154,43
44,102
15,35
52,12
22,27
89,30
86,20
52,19
267,94
32,21
35,85
93,21
100,85
27,33
80,95
17,28
83,27
30,98
89,12
96,121
54,15
80,36
22,8
183,36
134,78
66,19
22,62
36,6
82,99
66,21
39,17
31,21
19,17
48,12
24,22
33,103
159,10
42,37
14,93
29,31
38,11
186,21
29,86
110,30
96,14
34,12
18,15
42,57
15,8
86,24
104,2
47,43
67,144
39,36
50,30
29,32
53,19
102,4
25,11
25,55
106,68
33,26
45,39
16,13
37,13
16,35
68,39
30,44
193,87
28,18
28,146
154,22
86,112
77,75
99,8
36,28
78,3
107,17
47,75
52,40
87,63
59,75
159,51
84,54
31,24
39,40
20,48
104,19
42,12
34,11
88,86
30,85
111,5
126,37
15,9
135,51
52,28
68,26
90,19
111,8
67,23
31,137
46,64
56,9
104,29
51,6
16,109
17,28
171,17
27,74
109,34
31,113
17,20
74,157
39,13
148,22
27,66
85,36
47,11
239,37
29,70
47,12
43,13
25,19
44,22
87,6
124,38
38,24
48,51
18,135
41,8
47,2
43,37
249,33
18,14
129,23
162,5
76,22
88,130
85,56
59,33
73,45
94,32
21,11
31,103
171,91
34,18
44,6
38,69
35,8
85,7
67,44
81,44
103,23
176,3
71,70
24,26
84,23
32,47
18,71
22,11
25,23
116,44
21,71
26,33
108,6
135,26
47,37
141,2
167,5
37,53
38,23
18,27
19,54
26,17
45,5
132,39
32,3
45,65
82,17
41,28
20,136
17,27
175,22
48,8
62,8
42,53
47,48
30,13
118,3
76,53
58,10
70,8
19,36
62,89
105,78
101,40
117,32
76,15
77,117
67,56
74,4
52,61
58,39
171,50
98,17
16,21
38,36
38,82
41,67
84,11
34,173
145,11
17,46
64,2
75,15
53,16
24,27
233,52
100,3
183,43
18,80
54,37
73,8
50,25
56,117
60,11
52,35
27,5
41,66
150,71
239,37
32,36
55,60
219,4
24,41
88,23
30,23
86,48
43,141
84,80
22,8
82,55
105,5
18,22
24,2
14,4
72,12
57,22
21,64
199,21
128,51
83,71
15,6
20,79
67,34
49,35
67,14
15,45
245,45
152,9
16,38
15,33
33,10
47,27
38,56
40,29
36,47
29,74
18,17
17,2
37,32
19,6
45,30
164,11
113,10
14,32
54,169
86,131
47,70
139,25
18,63
112,28
18,27
48,162
63,22
46,81
66,58
114,29
19,36
16,11
111,35
216,32
25,28
96,36
152,71
38,4
67,44
267,16
175,5
56,12
50,7
23,21
24,20
124,26
17,39
115,42
34,32
14,134
16,23
22,10
47,45
40,9
79,63
15,50
151,60
125,5
52,92
48,14
52,7
21,7
161,4
270,63
40,2
19,4
18,6
18,4
65,224
26,46
53,54
15,7
30,20
28,10
19,15
19,182
16,53
52,132
70,37
64,39
16,25
34,59
56,54
17,19
29,26
77,10
111,12
46,51
306,3
28,40
151,51
49,16
114,26
17,54
85,54
31,88
61,14
92,89
22,55
24,31
52,5
14,196
64,29
45,33
114,13
91,31
53,7
34,51
51,16
96,74
38,5
50,32
48,5
94,81
145,27
49,4
31,18
93,3
64,18
24,8
71,155
51,147
98,112
29,15
110,4
27,26
146,3
18,16
17,22
42,13
36,2
53,22
97,169
15,48
16,7
28,9
24,18
40,22
84,31
36,6
130,34
18,7
26,118
23,16
39,128
59,38
90,13
111,7
153,236
43,8
102,110
105,101
52,19
17,11
75,33
118,2
58,10
36,7
76,69
75,12
19,16
44,30
36,48
31,28
61,7
45,4
71,4
45,15
27,28
18,90
24,46
48,50
37,2
66,47
37,22
101,2
125,22
72,4
21,39
36,7
52,88
36,40
38,66
69,62
82,7
18,8
22,35
33,43
56,59
51,28
58,7
15,9
23,13
48,8
48,33
74,35
18,9
64,6
40,150
28,40
92,4
50,5
19,19
33,76
86,139
18,59
76,9
62,24
30,30
116,48
141,39
18,8
52,23
88,7
56,11
48,15
29,29
54,9
30,28
120,5
130,71
173,31
54,4
113,12
133,7
18,19
41,109
69,52
14,50
36,10
73,5
42,116
66,82
36,25
122,3
15,10
60,81
22,63
92,32
46,29
94,7
28,112
76,49
81,18
287,14
58,8
63,84
119,15
32,7
51,18
98,5
60,53
18,78
58,75
37,44
22,41
77,42
44,19
73,51
119,15
17,20
31,28
190,12
57,18
19,42
28,33
24,4
26,4
15,7
120,9
33,68
81,34
35,49
70,30
41,6
77,9
23,4
88,107
44,63
70,32
182,49
41,8
29,44
73,25
130,20
54,75
16,13
43,4
135,17
126,17
37,29
156,90
33,76
20,65
98,8
77,64
47,2
26,23
15,36
101,26
14,23
18,39
45,41
187,2
164,57
53,22
75,16
104,48
148,72
51,21
37,35
20,8
103,67
125,6
62,22
23,57
74,47
36,45
90,129
34,46
90,41
31,8
41,5
37,43
87,9
36,142
121,8
84,8
64,16
35,24
26,13
72,12
181,9
43,4
59,63
132,196
107,36
18,18
23,4
16,47
14,20
51,14
36,17
41,14
33,27
59,29
86,42
140,7
121,6
153,13
74,73
210,35
92,34
22,15
47,13
113,29
74,14
30,32
115,69
36,24
191,11
61,20
17,13
86,9
24,33
110,50
30,143
49,28
116,3
26,39
37,17
96,9
17,14
124,62
80,109
38,155
16,30
50,3
59,21
51,14
64,35
59,55
37,6
85,18
53,59
23,27
137,20
69,17
43,12
181,53
43,12
22,12
21,46
26,18
86,103
58,4
64,28
28,62
30,8
237,189
95,40
20,149
47,30
44,36
119,41
45,19
25,27
97,29
20,14
103,51
118,49
45,19
58,32
24,8
92,4
31,61
159,26
34,18
21,8
56,24
41,5
47,4
44,40
130,20
93,58
60,8
32,22
39,18
64,157
40,46
110,12
76,103
52,31
21,72
114,12
24,5
85,5
16,79
112,34
16,95
95,108
20,7
50,2
64,28
25,72
73,3
31,90
24,24
42,52
43,60
220,15
48,27
33,136
90,51
139,15
16,89
100,42
23,74
37,5
132,96
59,33
16,43
110,46
34,16
25,31
17,4
116,22
15,3
47,22
15,17
29,5
32,17
98,33
108,37
15,168
155,29
62,5
76,35
18,24
101,74
47,95
113,54
68,44
30,41
42,4
86,87
18,11
119,52
47,27
26,9
115,22
36,9
101,65
52,15
64,7
100,20
50,47
46,24
141,2
34,54
40,26
55,84
52,80
21,51
30,7
16,9
63,31
46,28
30,36
17,35
137,22
23,18
88,5
45,27
15,19
25,4
44,12
165,55
51,162
98,80
72,64
277,13
46,2
73,16
35,103
155,10
61,77
31,10
37,90
64,21
210,17
127,13
31,75
78,5
15,16
71,47
63,30
59,16
122,37
46,52
119,24
15,9
38,28
37,47
43,25
233,47
62,4
37,73
59,88
26,35
77,15
30,27
17,22
53,38
24,14
102,83
34,9
25,83
199,3
42,75
128,3
114,29
24,26
53,79
22,113
83,11
35,53
40,4
50,12
43,22
26,19
32,33
96,28
44,20
84,40
108,70
102,11
43,17
166,30
40,23
48,15
49,3
31,37
16,39
61,53
263,74
100,28
56,36
22,17
132,4
34,6
102,140
33,47
18,35
18,15
75,13
24,17
86,90
77,50
33,19
48,20
35,16
45,55
43,26
180,55
37,10
68,111
116,41
108,39
34,16
56,13
37,8
48,7
66,29
57,179
40,18
43,81
95,29
65,46
81,16
23,47
46,41
39,35
33,31
45,125
20,11
50,47
78,8
69,4
28,10
118,39
54,27
19,41
56,11
91,70
112,4
26,81
49,23
24,40
174,74
32,57
36,3
50,8
66,2
30,76
43,63
35,43
45,11
136,11
30,13
39,54
149,6
118,93
226,15
124,11
211,5
124,10
41,16
32,68
35,43
231,6
15,13
93,76
22,14
49,22
35,14
27,64
220,8
191,8
66,41
102,32
52,47
114,94
92,16
37,178
73,8
38,20
24,4
76,55
51,35
19,116
38,21
72,84
148,8
99,82
100,78
88,6
43,24
33,3
16,23
47,26
30,9
106,6
46,94
40,3
69,41
30,4
50,76
29,28
21,3
24,67
123,57
75,32
21,68
62,7
15,21
77,70
29,157
70,7
59,7
16,5
68,17
33,3
122,7
66,118
42,27
61,13
25,4
14,19
245,26
48,11
68,26
103,46
154,14
71,88
74,13
63,61
57,34
33,128
30,5
33,119
15,175
80,25
24,11
166,57
53,22
49,31
42,55
37,23
38,49
148,23
27,18
79,11
134,55
47,69
45,34
42,17
297,14
68,62
25,41
23,7
135,3
32,52
71,13
18,174
80,11
25,7
139,37
43,88
45,3
31,31
36,26
27,4
24,20
25,17
65,21
19,39
27,25
31,11
28,17
91,9
32,76
44,63
16,25
31,104
37,81
39,4
55,13
39,43
24,53
33,19
45,20
123,22
22,51
154,41
29,14
41,3
90,7
55,13
25,2
29,31
61,39
18,23
27,22
135,133
41,12
141,24
68,36
94,60
22,41
235,14
215,6
45,22
48,3
68,69
67,42
46,41
118,10
88,27
88,16
146,21
110,90
116,30
39,191
45,6
150,4
24,3
94,16
97,25
29,12
142,83
17,8
141,69
42,78
166,60
23,68
22,52
26,21
106,35
46,73
71,68
51,3
84,17
155,70
162,23
50,52
18,7
96,7
60,101
26,111
109,6
37,55
33,6
49,4
199,162
17,7
46,33
139,48
57,17
19,19
69,34
15,206
170,4
83,29
51,39
44,11
23,21
14,24
26,14
25,47
29,149
45,29
46,67
76,44
116,7
86,105
112,10
97,114
30,16
25,133
51,6
63,9
194,37
53,8
27,13
38,35
46,16
43,52
27,155
74,39
51,31
32,11
74,184
14,7
29,6
110,39
117,93
26,5
62,26
17,79
79,20
28,26
47,22
75,21
23,37
87,3
50,19
22,12
22,67
105,43
54,5
25,7
45,9
145,17
212,26
73,69
23,21
56,26
125,29
135,39
19,46
64,6
66,21
19,5
54,21
75,11
24,28
160,3
23,8
27,66
29,66
187,37
61,17
35,64
97,14
51,19
54,34
30,13
66,10
31,106
72,29
110,155
29,65
75,5
178,49
113,27
43,28
27,13
73,20
38,19
41,4
41,23
79,101
116,14
17,34
15,4
20,106
234,22
102,33
31,42
39,10
19,3
204,8
15,28
36,19
28,8
17,27
51,6
21,14
24,46
163,30
68,83
40,14
22,61
30,46
116,74
26,90
70,3
18,18
68,9
19,46
22,2
99,37
45,16
49,34
48,34
268,22
122,23
83,72
74,25
117,4
28,75
84,137
167,47
239,125
75,11
101,60
18,19
26,21
309,160
29,49
30,21
108,71
107,45
99,160
52,28
14,19
85,13
77,13
133,28
19,16
158,132
153,13
34,17
28,103
32,3
41,17
70,12
107,29
89,93
36,15
21,36
58,78
18,70
14,22
91,35
15,56
63,25
64,47
189,5
65,17
18,24
34,73
94,135
34,5
29,87
20,10
22,16
16,20
19,63
51,28
27,101
89,129
85,4
17,6
16,10
15,18
204,28
82,32
92,10
104,10
25,15
15,33
23,5
40,14
19,10
51,29
59,65
39,61
26,42
82,25
38,28
30,71
16,98
44,25
96,47
90,6
31,56
247,30
14,4
101,87
39,19
15,16
35,7
77,97
15,7
34,101
259,46
14,25
81,25
28,22
96,33
132,72
71,7
19,16
220,17
19,15
74,106
246,12
21,50
26,43
64,31
37,34
52,9
160,200
16,32
48,63
46,53
83,8
113,12
203,42
33,31
19,79
34,93
19,20
29,57
27,20
88,34
27,103
226,67
43,22
72,102
41,7
24,174
25,90
39,31
21,17
32,8
43,13
30,85
30,64
90,115
27,7
25,38
108,37
71,57
122,14
43,35
50,14
31,30
62,5
36,13
35,16
67,83
18,6
85,30
22,40
55,44
46,8
52,19
175,73
139,10
24,45
235,17
26,70
71,104
223,38
42,23
70,29
36,24
42,23
75,65
75,45
35,64
56,26
62,9
82,21
30,44
44,4
48,18
35,35
51,9
21,7
69,42
16,88
19,40
28,59
36,11
25,31
119,10
66,65
29,59
39,59
24,91
20,25
29,15
34,11
66,90
15,21
64,154
17,3
73,78
19,52
138,36
104,7
84,70
14,37
170,9
51,17
18,22
28,62
79,98
88,41
82,25
23,58
55,11
29,195
238,51
164,14
56,12
23,14
18,103
51,85
30,92
67,8
56,14
55,4
27,45
35,19
59,7
46,16
24,48
251,6
196,27
26,46
90,60
67,2
100,106
39,41
15,30
105,55
23,83
18,169
165,2
80,13
28,122
18,12
37,33
33,25
131,43
35,14
29,51
24,45
64,6
32,32
22,3
57,16
126,76
58,7
167,28
20,3
123,52
111,71
85,95
129,4
50,35
19,20
28,8
123,53
33,15
30,40
152,40
174,36
24,41
30,8
76,14
35,21
177,19
48,10
71,20
26,77
42,26
23,49
64,16
49,14
15,6
58,89
38,22
57,15
82,33
90,32
22,22
14,4
19,38
34,18
109,20
32,9
17,37
44,72
24,19
17,15
179,9
47,38
64,16
18,37
54,32
50,33
132,55
60,11
22,10
61,28
21,23
57,61
30,2
31,22
111,25
77,3
42,41
41,133
95,101
83,42
54,42
99,7
24,14
18,47
130,67
95,119
121,7
32,18
60,80
82,26
50,45
93,21
70,28
22,41
23,3
32,104
79,9
131,27
120,118
63,42
22,11
103,32
35,118
148,14
15,29
46,12
30,11
191,61
158,3
44,171
68,39
18,58
18,86
30,34
57,60
59,128
24,95
41,20
116,50
50,8
46,7
180,105
23,7
76,13
34,51
184,5
125,26
101,38
35,42
37,27
125,54
150,5
129,14
210,50
153,41
27,13
128,81
57,8
38,30
73,27
67,34
16,18
66,8
93,21
98,71
128,17
15,48
113,72
29,76
77,46
76,2
16,151
89,7
111,69
32,11
131,62
174,69
253,140
23,52
26,69
27,124
96,70
154,33
172,50
53,19
37,4
217,14
116,13
38,33
87,19
151,29
76,17
25,5
65,38
57,11
96,18
83,53
15,22
196,179
50,36
63,5
44,8
47,16
26,64
17,29
100,32
74,7
80,12
60,60
31,59
14,19
169,10
105,66
77,124
34,22
21,41
92,22
20,20
15,7
148,55
18,87
23,6
95,2
39,7
107,24
79,40
179,19
46,16
92,46
80,14
35,76
57,40
103,154
21,9
31,9
34,45
17,10
39,3
88,13
17,71
27,112
47,14
43,63
71,55
15,15
16,13
59,3
53,4
202,42
223,6
54,3
34,47
116,12
94,41
17,26
34,64
35,36
20,12
147,49
16,155
69,36
244,167
24,8
59,15
72,28
39,15
87,19
29,4
77,21
16,26
16,187
25,64
96,2
52,3
94,27
22,73
48,7
76,29
57,23
90,9
59,38
64,48
22,20
23,50
31,4
15,18
81,39
69,31
152,78
144,65
156,86
28,63
62,47
109,51
118,113
138,15
57,15
58,17
45,59
45,21
20,11
114,6
70,4
75,6
139,99
31,40
44,20
162,2
106,18
228,11
38,60
167,14
67,61
24,185
210,41
121,79
43,23
212,36
42,96
45,18
56,11
150,45
33,12
92,8
93,13
56,23
96,49
66,46
17,48
59,31
72,88
132,12
291,33
108,70
37,20
101,67
67,12
33,38
29,25
40,87
95,19
64,121
64,40
17,26
29,3
102,17
61,58
87,75
64,58
37,34
37,75
35,12
134,5
41,7
128,62
60,4
59,60
37,201
20,16
45,6
65,2
15,10
34,59
16,3
17,126
127,88
116,11
106,42
53,117
57,3
26,36
19,3
63,7
51,7
24,38
145,3
31,28
104,24
16,76
40,4
160,26
55,6
87,7
57,125
32,70
28,14
71,81
16,3
65,7
40,39
16,65
48,19
52,24
43,34
91,17
75,5
26,52
84,4
49,11
229,64
77,7
35,26
27,40
18,43
25,30
50,9
64,34
72,54
20,32
50,17
85,24
125,28
30,55
14,76
20,19
44,77
70,50
103,37
22,20
81,182
85,54
58,11
108,25
23,5
137,7
42,11
28,53
58,29
18,57
31,3
84,3
15,64
51,8
44,12
83,92
41,17
66,37
65,7
43,32
25,20
61,46
107,19
40,17
16,43
257,75
148,2
41,35
29,89
33,65
46,12
101,13
15,18
91,63
64,44
72,37
26,54
29,116
100,3
16,51
23,47
99,2
16,25
49,16
54,67
62,42
39,43
44,2
55,33
81,74
20,10
107,67
18,3
18,90
17,20
46,29
55,28
16,43
21,24
102,3
209,7
17,34
53,10
26,35
37,38
58,12
16,121
40,33
63,230
134,31
50,58
22,123
42,14
23,3
88,3
75,19
45,166
167,27
47,54
55,33
54,17
85,64
42,69
198,3
121,18
83,22
63,13
66,26
33,17
31,9
27,69
31,79
39,125
69,6
57,65
60,78
51,61
29,12
14,10
40,43
27,9
93,144
68,2
70,21
65,104
72,22
46,5
67,19
131,76
29,106
72,169
57,70
84,32
42,30
50,78
90,67
15,15
67,121
41,124
28,51
22,12
29,23
22,104
40,3
58,29
58,165
68,75
67,7
14,8
38,13
29,38
60,14
31,17
38,41
31,39
62,6
151,81
150,25
34,28
56,76
24,18
55,44
35,13
27,15
99,90
22,5
14,31
56,111
23,94
61,78
29,45
145,68
44,49
77,5
68,32
39,55
121,12
19,12
140,22
20,51
36,38
40,14
47,7
154,15
199,5
93,4
81,15
142,89
54,21
126,19
64,43
233,13
18,165
76,80
59,3
67,54
55,36
15,101
39,108
65,50
129,2
98,13
68,34
68,21
16,27
101,93
213,87
78,114
31,70
14,31
80,13
36,19
57,10
23,22
50,24
19,11
53,72
34,32
29,14
193,9
67,12
18,27
62,10
28,40
145,2
103,80
45,16
16,119
39,59
63,45
115,134
68,114
67,53
33,6
70,17
61,18
41,6
49,59
32,114
95,60
24,31
82,103
37,13
63,4
16,4
94,48
42,99
149,47
84,42
79,21
37,100
52,45
172,33
32,14
20,13
133,72
33,28
20,55
145,14
16,74
15,19
112,37
18,5
46,28
95,65
78,37
17,18
39,37
27,50
90,6
26,12
22,56
16,31
140,33
47,33
28,45
142,6
261,23
18,11
15,38
101,14
125,7
33,12
24,5
58,4
166,95
134,6
88,41
67,6
100,9
37,4
38,65
142,17
27,11
63,2
212,6
120,47
54,36
52,8
141,48
38,43
56,26
34,9
75,10
147,2
34,31
82,57
124,7
164,47
44,4
41,79
67,103
29,5
39,14
133,9
23,51
50,19
28,8
110,23
35,20
15,7
53,128
115,26
18,27
93,10
30,29
25,131
23,33
18,137
16,26
33,4
206,6
27,19
97,8
67,37
100,41
24,28
53,74
38,16
33,23
112,39
59,36
210,6
15,22
61,11
24,21
99,92
43,94
56,89
24,29
40,15
35,37
90,84
37,68
158,13
53,10
28,69
51,44
93,55
56,64
18,11
34,34
69,58
30,24
166,24
61,35
83,77
19,23
23,6
46,94
19,62
59,16
15,9
110,12
15,22
65,106
194,19
167,4
29,12
60,14
62,22
162,7
28,86
64,8
40,102
120,2
67,104
56,19
140,58
95,24
89,8
131,21
25,68
18,68
19,25
76,22
38,114
19,3
17,65
67,59
48,37
22,6
86,82
105,6
45,32
57,41
60,60
118,40
47,25
45,7
97,66
62,8
116,41
37,14
57,52
304,7
45,54
40,12
22,66
27,34
27,25
18,35
62,7
130,10
95,3
261,29
118,73
54,20
39,38
73,12
31,40
18,13
120,2
121,135
100,14
130,111
21,67
190,181
30,56
27,27
32,41
23,4
18,44
203,72
59,118
16,92
31,151
72,9
130,38
15,58
127,43
34,148
69,22
24,12
25,19
16,11
61,37
32,6
82,14
24,9
81,7
133,54
22,20
63,12
24,21
27,3
139,14
131,4
82,40
77,75
71,112
72,13
27,10
41,4
26,10
33,64
54,7
169,34
24,18
45,7
28,24
54,29
19,42
16,51
95,9
17,16
120,7
59,3
37,2
35,38
40,7
17,77
33,7
26,34
23,83
33,36
27,24
31,133
34,3
24,73
77,8
64,10
86,14
66,51
50,10
88,117
43,7
48,33
97,81
22,15
72,8
21,16
82,15
164,62
92,38
136,11
67,110
276,3
31,40
74,20
130,15
42,37
83,21
64,16
49,71
18,7
97,67
16,41
79,32
20,10
181,27
32,50
55,23
117,27
44,22
24,40
21,19
41,22
32,148
103,60
27,11
33,64
77,16
113,21
21,52
17,12
92,12
28,39
18,40
21,52
39,7
36,12
64,32
63,23
42,19
79,68
29,93
84,21
76,16
26,40
105,51
54,3
90,28
53,7
63,13
47,3
20,12
83,30
56,23
123,55
42,25
101,54
194,18
127,9
26,7
73,28
25,31
56,21
84,69
16,81
37,29
84,25
50,37
196,147
22,24
37,31
61,122
40,60
74,88
159,34
27,37
147,28
258,13
41,22
40,5
30,44
26,160
92,9
108,41
32,2
18,10
159,115
26,17
81,43
35,67
113,94
29,9
16,90
100,6
126,14
32,5
175,46
128,19
182,26
31,5
69,4
108,3
37,43
61,21
24,51
56,19
178,100
29,11
33,42
112,18
66,72
18,81
93,104
27,195
15,3
35,18
115,23
64,22
89,25
106,33
83,156
119,121
30,7
14,31
48,117
32,29
98,25
44,14
72,23
28,12
105,18
118,35
19,44
25,21
70,43
57,133
20,46
54,70
95,15
34,56
222,55
112,9
48,53
62,6
25,48
40,74
110,53
127,28
14,71
30,10
57,74
19,96
22,10
28,46
14,163
28,102
215,114
75,19
219,21
93,95
96,5
39,8
161,66
87,160
106,123
31,4
37,28
108,51
33,49
19,6
117,16
64,69
108,5
32,24
97,20
22,36
45,5
88,18
26,10
50,4
45,5
41,56
78,21
52,83
59,17
20,92
80,4
196,24
163,64
74,33
119,34
63,67
57,172
21,5
118,21
36,36
16,18
50,22
23,17
82,28
40,24
125,32
91,32
17,50
23,5
15,3
145,22
69,24
49,50
158,10
31,3
270,62
15,59
297,61
105,37
35,55
301,7
110,12
98,15
42,42
125,93
25,7
49,90
27,16
97,74
20,4
31,12
76,96
18,69
140,57
76,17
16,8
85,2
32,8
104,52
21,22
133,68
102,40
44,18
54,27
119,11
40,79
17,37
81,6
121,36
47,18
139,26
177,37
22,6
149,40
44,4
23,42
50,5
14,47
112,4
97,3
94,11
72,14
180,2
98,29
126,50
130,55
55,19
29,3
47,96
89,22
112,91
88,100
73,12
24,42
14,34
58,9
25,20
59,6
154,9
134,191
17,22
126,15
80,86
20,30
88,32
46,142
14,118
27,16
77,29
111,37
15,71
130,20
67,24
68,114
46,38
94,16
22,48
36,105
116,62
87,84
18,34
110,88
14,29
55,40
27,90
29,137
89,90
96,11
48,33
57,115
55,147
116,29
30,25
19,32
46,25
46,15
30,4
24,24
54,10
82,18
35,20
68,16
64,58
22,82
183,76
48,3
39,46
31,11
14,11
20,21
66,7
17,13
126,35
44,18
24,31
47,79
49,72
112,37
45,3
42,44
15,15
14,88
74,59
21,5
23,62
48,15
112,63
83,81
81,10
130,27
73,5
136,42
61,37
21,55
85,4
87,20
232,59
38,2
177,51
142,33
52,10
19,40
46,26
84,66
21,10
51,12
55,78
16,2
203,11
84,48
25,61
70,22
37,18
21,12
45,9
29,75
60,11
65,50
185,21
114,10
21,15
58,51
18,74
235,9
43,44
250,7
50,56
82,43
52,13
34,11
33,50
56,62
89,12
20,41
32,12
17,41
37,4
22,28
92,44
18,70
266,13
25,68
44,23
77,16
22,7
147,15
222,46
103,80
45,6
126,6
68,13
24,25
77,16
43,4
88,36
59,117
106,49
115,9
65,54
15,79
23,24
76,48
72,21
85,20
43,46
93,3
72,46
30,19
174,42
112,114
146,11
130,46
25,29
245,23
28,6
75,21
33,103
15,6
291,29
38,10
14,39
63,23
50,23
132,34
97,37
39,39
35,20
157,44
42,3
88,15
61,93
24,18
34,30
32,19
233,75
61,9
36,190
66,15
147,67
28,11
151,67
112,40
17,51
40,74
63,3
114,17
55,29
87,20
15,77
124,59
55,20
37,67
30,54
15,83
75,14
49,62
95,45
63,17
309,72
88,36
29,38
18,22
25,12
34,13
36,3
187,79
43,75
159,85
158,33
28,153
39,25
19,58
18,14
30,17
133,110
19,24
97,25
16,31
182,52
52,22
16,31
40,52
14,11
101,8
18,144
24,23
37,24
46,6
182,10
78,26
21,109
58,124
50,55
141,16
45,99
14,73
45,5
129,32
133,2
48,70
22,145
132,19
183,10
25,35
30,44
29,10
43,7
184,16
32,19
31,164
74,90
88,91
125,23
69,70
112,54
56,7
28,88
283,40
64,13
17,3
93,39
37,41
34,54
53,88
63,8
15,16
36,22
80,136
20,51
137,11
145,21
36,24
24,48
69,50
51,22
16,32
56,64
18,5
40,21
168,109
26,21
24,7
47,19
25,38
21,5
37,132
36,7
34,12
63,4
141,47
29,21
87,10
80,50
104,56
90,30
103,52
183,21
21,12
130,77
39,7
56,27
114,20
57,3
50,54
19,37
109,22
201,30
239,5
33,12
54,65
24,53
56,21
37,4
22,46
66,2
31,71
36,11
70,3
124,3
22,38
18,10
34,20
20,27
23,40
19,59
119,34
37,83
139,3
42,3
75,4
16,11
230,43
42,18
95,90
181,36
107,11
33,4
47,121
59,19
63,6
62,6
40,10
48,7
19,33
24,10
111,5
139,38
25,45
17,50
26,30
200,13
34,57
80,27
50,42
21,62
26,128
16,20
29,18
149,37
58,113
31,151
16,7
31,34
152,75
100,35
59,5
43,33
56,58
93,169
139,23
36,31
175,7
36,68
28,27
31,4
17,7
28,5
69,45
68,49
142,112
16,44
37,66
14,32
259,8
165,30
22,28
60,30
23,57
20,26
40,138
30,11
35,51
32,11
189,34
52,10
36,102
142,60
142,7
60,107
36,6
16,25
106,3
27,31
28,64
22,46
45,19
42,13
115,71
46,36
22,177
101,80
34,37
32,11
26,64
113,17
146,23
122,31
41,18
33,42
54,10
108,24
41,14
204,23
17,36
109,28
16,36
79,159
22,42
14,38
33,26
25,12
147,12
39,20
23,59
146,74
15,36
85,104
23,18
28,46
18,8
29,22
71,3
40,41
22,77
20,15
186,47
26,21
29,119
154,39
95,53
113,3
43,136
47,112
126,56
58,58
62,32
22,49
107,27
107,35
32,3
56,5
27,65
66,35
56,141
71,11
17,17
35,15
88,88
118,94
89,147
59,3
28,7
69,121
47,168
50,89
99,35
32,10
36,13
50,66
20,49
38,13
17,75
87,51
47,88
99,162
85,82
187,45
19,34
26,2
78,7
98,16
75,105
65,52
46,14
33,13
48,50
44,69
32,24
231,97
162,49
161,102
97,20
36,30
34,29
29,14
62,15
80,20
21,9
15,33
79,54
40,21
69,18
81,23
65,4
157,56
63,42
55,17
73,10
16,24
59,47
29,58
59,39
26,67
34,36
16,11
176,83
48,10
39,9
67,31
68,17
271,40
24,105
80,25
64,16
24,37
191,56
103,48
79,93
51,7
51,47
69,22
75,34
151,3
52,105
58,15
68,5
80,128
50,63
287,35
76,6
44,82
82,8
54,37
27,78
61,13
153,42
19,17
36,38
76,19
22,5
45,120
46,7
132,34
64,122
45,27
183,73
23,34
52,155
55,70
30,6
22,20
128,53
95,3
16,14
84,14
20,37
65,16
61,34
34,144
116,42
35,65
50,3
20,12
100,29
63,4
57,6
86,31
58,128
67,69
119,10
20,22
66,63
32,86
78,114
61,33
23,47
34,20
98,24
83,2
144,19
48,63
152,25
28,13
27,4
26,86
189,15
151,28
186,80
37,53
29,67
36,47
69,9
47,3
22,14
69,38
22,63
26,60
32,78
15,15
249,5
39,26
85,132
82,95
15,26
101,29
66,67
28,10
31,35
31,70
80,66
125,11
75,8
126,68
32,6
201,10
58,45
53,54
59,13
142,34
33,52
126,46
42,15
59,15
23,8
63,47
23,29
87,41
73,26
81,8
86,6
19,36
23,2
124,65
20,57
43,24
22,15
143,92
57,5
20,9
44,71
46,113
23,8
78,22
41,81
38,20
28,16
125,24
16,120
17,6
109,39
50,38
43,12
37,10
17,3
35,15
15,17
75,40
148,3
62,7
40,32
104,15
64,11
103,50
63,21
87,52
21,9
53,57
33,117
48,7
137,11
25,90
59,57
130,71
23,13
24,8
43,3
139,41
59,11
54,49
31,87
47,70
29,26
36,44
67,26
85,23
80,12
79,5
119,8
43,47
97,5
24,4
28,7
140,22
69,43
23,123
79,11
15,25
96,12
97,63
52,10
35,44
46,103
45,43
197,30
40,20
63,45
163,2
69,5
46,55
52,28
15,17
60,19
65,26
101,19
51,76
163,94
32,24
133,58
51,7
137,41
84,54
103,53
259,110
65,16
58,52
37,33
29,29
46,47
17,13
34,17
79,51
67,6
44,23
68,51
47,27
161,15
40,109
251,41
21,95
43,18
128,98
64,15
130,3
74,61
164,27
91,33
16,2
65,171
84,5
61,7
52,8
25,11
51,109
75,3
144,18
47,10
65,53
14,81
48,20
83,7
56,71
31,87
106,75
95,33
36,20
48,14
17,47
92,105
46,56
19,41
65,10
42,23
86,46
18,154
61,26
82,75
65,17
280,90
50,66
65,23
39,16
137,85
39,42
60,77
49,40
127,114
36,21
35,18
32,6
52,68
23,31
69,36
30,16
38,14
70,88
27,53
39,78
22,25
61,69
37,36
28,59
95,9
15,101
48,16
15,69
47,115
14,26
30,47
30,21
65,47
47,8
40,48
97,23
57,130
54,4
18,36
33,8
51,60
67,55
31,5
26,39
121,55
23,11
23,14
34,88
31,84
90,132
64,5
82,15
54,29
202,101
79,77
87,24
38,88
29,52
35,5
30,63
155,28
59,47
75,6
181,19
111,63
39,33
262,108
60,40
37,75
30,24
18,48
33,12
43,16
52,8
138,24
25,18
248,72
36,57
133,61
121,13
62,5
22,38
86,23
33,35
65,49
88,9
121,76
66,11
66,16
15,2
48,54
30,51
21,3
34,51
58,12
34,5
14,44
135,8
49,49
63,18
85,28
33,28
33,45
46,70
75,4
34,3
42,48
34,104
193,44
47,24
23,59
116,5
53,17
128,12
65,52
106,142
62,36
51,11
21,180
94,8
83,33
158,36
24,26
29,7
23,120
22,4
41,61
65,87
26,39
39,5
24,56
42,16
15,13
97,11
26,54
282,3
136,28
89,2
34,54
33,2
85,62
114,18
98,18
35,66
122,97
73,130
18,12
21,26
28,26
57,8
45,24
79,3
92,40
62,11
110,7
75,6
61,7
30,90
49,152
39,5
74,14
69,41
18,25
156,124
16,18
102,39
44,9
24,16
29,9
114,4
70,37
29,42
22,22
61,6
35,39
14,25
203,19
16,8
116,73
143,45
108,78
23,39
44,9
112,11
97,3
55,28
16,23
30,20
104,20
17,35
16,33
37,16
73,5
19,29
67,97
82,31
216,12
80,40
129,28
21,29
43,2
19,28
16,25
23,128
51,27
34,5
35,33
37,21
111,41
65,93
29,8
148,28
40,28
27,26
26,76
62,36
62,8
58,81
57,82
28,8
69,88
61,26
57,105
96,61
19,146
180,29
24,91
47,32
121,50
16,16
17,22
31,203
43,28
111,12
18,85
17,35
28,4
80,84
26,4
40,10
108,30
46,8
35,22
81,11
45,71
40,29
86,122
21,27
193,3
25,41
26,10
39,12
17,18
82,5
111,96
147,23
60,7
58,107
48,10
44,20
152,16
59,11
41,12
27,28
41,20
23,16
46,36
38,72
63,65
19,81
180,48
60,19
32,4
68,9
113,20
72,42
71,12
56,4
59,49
35,16
46,75
97,10
47,32
32,40
85,32
62,41
41,38
40,30
130,54
160,60
47,37
170,31
143,27
117,25
33,2
52,6
70,21
17,16
22,46
137,55
25,3
31,128
22,37
40,19
66,56
38,20
24,51
215,15
31,27
173,31
183,48
50,152
95,74
25,4
44,7
28,34
210,71
67,23
46,13
59,6
89,73
145,42
75,21
72,77
180,38
72,47
35,20
21,17
22,19
49,123
160,117
37,121
96,161
119,3
27,17
18,6
118,50
76,10
51,81
19,3
16,69
45,162
21,30
43,2
40,6
35,6
42,24
35,41
67,161
22,91
33,67
34,33
27,7
18,6
32,18
21,16
40,25
27,3
77,24
124,24
171,26
97,6
59,19
60,126
21,14
81,96
96,30
47,29
16,5
15,61
89,71
97,19
29,48
17,13
32,67
77,11
112,51
16,126
74,37
35,3
18,62
78,115
33,9
287,60
37,7
35,95
62,3
35,45
66,17
51,4
48,10
20,89
23,92
26,48
39,78
81,45
33,58
22,8
48,5
58,124
81,13
30,160
182,33
232,35
64,18
41,68
30,35
19,82
55,16
90,9
64,36
65,23
59,54
19,32
76,36
148,12
73,55
16,62
85,5
89,25
56,46
18,43
39,58
27,11
66,12
48,8
64,43
168,61
15,11
85,107
20,20
97,45
46,86
48,75
71,7
84,21
65,12
45,18
63,97
44,16
88,15
66,13
39,11
118,12
100,68
23,20
53,88
115,9
36,14
76,32
23,45
196,21
90,3
91,4
18,37
64,24
95,29
59,38
46,17
106,152
43,133
58,17
19,23
19,90
51,38
46,10
119,4
16,83
61,29
39,79
160,49
61,48
40,53
25,10
154,14
63,89
23,41
173,37
139,40
262,13
39,27
42,19
46,55
100,31
35,113
108,40
36,112
57,133
35,18
31,42
71,54
164,5
31,3
32,13
125,28
26,120
95,20
160,66
73,24
17,19
164,52
20,37
127,69
47,29
31,36
172,9
26,17
33,76
135,21
16,13
136,41
36,30
40,52
41,40
24,41
69,44
32,35
48,16
194,10
48,92
39,22
18,12
62,26
20,76
19,107
103,179
31,69
91,2
25,2
22,34
28,5
59,65
98,44
19,7
18,17
42,37
28,9
107,3
83,5
182,17
28,51
16,12
81,27
55,70
89,94
15,132
14,62
58,14
54,17
16,135
135,27
36,12
16,59
116,56
15,63
71,7
91,17
42,25
49,11
58,28
134,51
20,37
24,87
163,73
141,19
103,48
69,13
27,37
18,16
16,110
87,15
149,25
70,71
26,61
56,5
55,46
173,11
42,2
36,50
37,14
21,15
22,107
131,3
37,85
92,16
92,33
27,60
129,15
16,47
20,119
51,40
31,17
50,89
153,22
157,13
40,6
38,9
74,15
71,76
45,10
43,69
145,10
40,108
33,29
28,38
110,68
75,50
32,27
66,33
17,10
32,97
38,76
87,17
21,38
44,3
66,8
92,20
67,100
17,4
130,48
25,46
51,107
28,23
16,110
125,24
150,32
16,23
30,52
14,6
20,26
83,21
16,89
66,71
83,57
56,9
126,14
169,12
18,48
63,84
99,46
168,26
64,14
158,33
94,17
75,15
46,11
33,56
22,53
54,95
29,12
80,43
87,15
66,139
16,83
86,83
16,87
55,74
16,101
15,31
49,99
25,16
75,2
17,114
74,14
114,6
29,26
53,50
18,11
26,60
58,37
44,139
177,16
64,49
60,71
15,4
20,46
174,27
69,25
22,22
31,62
61,17
34,21
52,8
133,54
48,14
31,56
151,51
140,13
131,22
64,6
75,11
229,60
69,36
40,73
122,76
39,16
86,8
29,12
24,28
23,31
27,4
82,38
41,72
63,5
36,5
42,34
86,12
20,60
42,118
43,15
50,131
80,43
32,122
72,6
63,19
121,72
47,80
58,3
139,69
42,83
35,117
17,18
72,14
42,3
166,30
29,13
62,90
21,4
105,42
48,21
32,35
26,10
33,73
153,31
26,32
15,3
77,13
42,7
62,92
61,20
55,54
24,76
22,11
47,31
47,24
15,20
58,32
79,86
56,54
59,3
111,76
99,90
16,28
100,2
120,41
39,3
36,26
128,45
28,4
20,12
164,9
20,2
16,111
52,47
42,19
118,75
150,5
22,77
34,8
47,17
38,7
86,96
55,59
41,6
34,21
43,55
21,92
95,20
90,73
111,59
62,101
131,46
36,144
71,18
91,9
65,56
87,52
107,122
39,73
15,29
33,42
76,49
15,8
36,3
27,41
86,127
51,29
38,3
73,8
18,113
19,5
17,73
85,32
60,44
114,39
52,24
22,11
35,8
47,7
27,157
25,6
20,32
24,103
63,62
202,27
46,38
83,12
35,77
85,3
57,46
74,32
18,114
99,32
101,40
91,22
51,6
24,25
40,2
39,36
147,9
66,32
17,8
39,14
23,8
80,15
79,5
41,8
40,2
63,34
71,58
70,11
45,11
50,3
71,5
213,126
93,15
116,48
90,108
16,27
27,163
17,9
68,178
164,4
34,19
206,68
204,66
212,42
32,27
133,10
98,68
51,37
37,11
34,163
34,70
74,14
77,12
48,53
67,17
95,100
74,14
45,10
79,28
55,49
64,8
51,14
33,79
30,10
31,39
82,4
98,28
28,178
18,90
247,10
66,84
32,19
102,106
88,31
227,25
112,9
42,3
15,10
22,31
57,23
58,6
144,13
52,8
15,62
17,101
221,99
21,36
27,19
123,84
50,10
120,11
46,28
20,52
41,38
82,24
49,4
157,19
201,39
88,70
84,86
84,29
76,45
22,4
51,11
35,137
18,35
75,102
39,28
124,52
60,11
59,203
233,18
23,40
88,3
61,5
28,15
42,58
30,96
132,77
68,34
72,5
63,3
115,8
74,46
30,206
77,18
38,30
137,126
22,2
18,97
32,79
59,49
39,44
76,136
16,14
38,2
16,13
108,29
16,65
250,31
61,13
66,54
99,38
76,38
92,34
44,14
153,20
81,49
47,58
20,65
78,9
61,21
214,8
60,90
63,15
23,11
107,10
99,29
45,70
20,12
41,6
34,11
22,72
26,64
82,66
27,17
24,62
45,31
87,57
105,35
34,46
28,11
100,42
109,4
113,6
165,6
74,43
75,60
66,41
100,6
101,5
19,14
55,24
37,13
57,3
42,48
23,45
216,5
149,8
251,8
68,61
132,3
229,33
60,4
109,15
24,33
41,16
162,116
93,12
91,52
15,36
46,11
21,38
15,21
17,31
46,10
31,60
87,15
67,19
21,4
85,6
112,11
14,55
21,5
93,59
68,16
37,19
117,84
27,17
30,42
112,53
16,57
88,13
40,23
70,6
69,50
30,22
236,31
46,23
38,6
14,2
55,3
53,6
85,115
22,35
182,25
71,3
45,39
48,78
61,18
50,40
65,49
228,19
68,10
24,75
17,16
89,13
43,25
131,20
237,46
51,10
24,76
49,21
54,8
85,13
83,38
82,27
80,8
21,91
38,40
31,57
39,49
63,80
100,9
48,19
67,50
16,3
44,56
146,4
56,113
62,12
20,60
59,103
16,78
129,33
36,41
61,63
22,10
159,4
52,19
144,13
18,3
19,44
40,21
72,10
139,11
59,78
115,77
47,101
123,77
213,17
80,7
50,84
57,78
85,71
73,11
109,31
46,83
41,18
77,16
23,67
34,24
54,94
59,3
14,144
40,4
56,13
117,6
128,49
29,17
33,25
124,16
54,75
112,22
39,143
24,12
140,80
83,53
48,7
20,13
36,67
84,40
52,4
22,13
43,7
72,11
50,16
16,14
29,122
40,42
96,95
119,6
41,17
52,20
32,58
78,85
26,59
62,17
67,24
73,65
18,31
26,44
137,33
118,35
34,47
28,26
53,66
64,24
101,17
71,2
31,17
36,23
140,55
115,9
53,27
57,84
74,39
122,60
23,75
105,36
15,35
14,8
32,10
64,81
24,22
60,3
81,89
22,41
75,5
68,24
15,134
29,58
136,61
20,18
66,4
136,62
29,108
33,35
58,6
64,101
41,48
50,20
21,9
32,23
91,21
32,41
45,7
21,50
24,108
39,28
19,10
24,15
19,211
37,9
40,11
34,17
52,50
59,51
42,24
32,14
57,14
82,7
31,66
53,20
128,204
75,24
67,38
26,24
30,34
32,4
42,30
78,51
200,31
36,19
17,46
230,88
205,6
98,45
35,9
56,53
55,78
52,22
20,22
64,115
28,68
28,53
65,2
112,34
51,6
37,7
43,90
61,61
28,12
153,50
18,87
107,69
92,14
91,4
51,51
32,9
62,16
37,35
233,39
89,46
103,7
57,70
47,112
36,44
30,15
30,4
28,25
232,27
27,42
81,56
30,18
83,41
28,3
26,25
84,32
24,70
40,18
20,7
142,42
16,57
75,33
105,43
87,14
126,68
37,4
37,58
74,68
106,157
28,26
17,63
36,143
61,15
17,28
19,58
42,31
43,32
138,4
33,12
29,8
14,2
76,9
45,50
22,101
54,58
138,35
93,21
115,90
64,12
80,39
135,16
31,91
41,17
29,61
80,98
42,16
25,58
216,65
48,49
89,81
42,50
87,120
140,41
110,24
172,36
58,2
40,5
65,9
15,5
53,14
113,44
206,8
15,10
79,99
16,5
29,118
58,101
88,40
188,3
21,38
36,50
53,53
35,37
95,20
23,47
42,90
18,27
83,109
163,14
28,5
24,88
87,4
26,48
43,11
67,28
33,9
51,9
17,9
17,24
17,78
52,15
79,114
119,32
19,11
28,161
30,8
106,7
16,10
103,23
153,26
135,42
16,102
16,10
42,27
33,25
46,53
51,65
16,28
93,7
53,35
135,34
82,6
18,21
20,156
15,180
135,3
50,5
29,13
31,46
132,9
147,49
15,8
98,30
103,62
178,52
44,44
57,16
95,37
50,30
26,15
49,75
103,9
110,8
15,4
90,93
19,27
78,12
76,10
18,41
79,8
128,30
20,20
62,44
25,46
91,4
90,4
114,68
102,18
25,67
206,22
78,26
152,18
51,33
38,4
61,11
145,19
27,40
19,9
38,11
74,12
16,53
100,56
96,12
42,21
56,63
54,86
63,35
45,48
124,46
71,3
78,26
53,113
94,88
25,84
55,103
34,51
23,17
202,7
215,32
21,42
52,9
158,32
179,19
25,121
57,58
53,60
24,10
17,11
24,6
59,7
21,12
17,43
42,69
58,16
39,27
72,35
24,8
77,7
197,19
25,55
16,69
202,53
126,87
32,8
48,20
21,16
104,5
190,45
35,61
16,27
15,33
17,4
23,4
82,5
173,45
32,20
17,10
32,22
52,10
26,16
30,32
38,52
65,34
107,181
62,180
87,3
104,68
20,105
77,70
16,22
62,50
24,85
56,103
35,3
16,60
58,16
90,14
54,44
136,3
75,3
42,4
21,51
58,6
36,46
71,81
19,32
174,38
33,81
103,6
29,106
167,152
26,7
105,23
47,13
31,31
57,86
40,111
172,13
55,54
88,7
145,14
131,6
32,26
58,40
26,16
82,92
150,102
14,10
132,54
47,5
21,32
55,18
159,59
18,27
76,16
74,19
36,12
52,8
74,54
47,22
40,12
63,35
263,60
62,48
87,29
46,39
50,10
106,74
45,109
90,12
48,127
30,21
130,16
120,2
67,206
34,30
41,21
66,75
72,3
19,110
14,49
57,53
25,22
25,54
34,12
45,53
35,33
57,25
37,3
43,12
42,15
100,19
24,56
15,55
35,42
126,9
109,27
77,6
30,4
62,6
76,42
14,49
138,8
22,2
44,7
267,82
121,84
31,11
77,73
112,13
59,37
30,64
51,26
86,46
39,53
62,50
163,31
39,29
103,6
15,78
101,8
30,46
224,27
122,59
27,7
170,96
60,7
201,72
14,28
104,90
36,15
127,128
55,21
66,10
74,14
69,72
20,30
32,13
45,119
19,56
105,5
85,130
71,87
157,34
56,35
64,12
71,24
157,7
26,14
57,84
24,79
58,7
25,55
124,5
54,4
20,16
56,91
48,55
43,23
73,62
28,32
16,25
43,6
31,86
95,5
71,65
27,10
119,33
103,39
24,18
34,54
22,21
40,84
46,21
151,57
54,70
115,19
21,4
45,8
32,18
65,18
57,61
15,60
153,30
15,16
46,82
16,28
14,17
17,120
38,56
61,7
38,45
67,8
66,3
114,19
89,49
45,30
36,28
51,168
33,6
97,23
88,9
197,24
43,33
70,60
144,36
57,6
35,23
18,8
98,23
42,2
22,119
55,47
21,82
48,10
86,20
78,18
171,19
20,98
25,14
161,45
29,36
114,3
173,45
48,3
34,30
80,38
29,45
58,4
20,65
36,20
168,31
18,31
31,32
45,58
150,161
165,6
18,124
96,76
121,11
93,68
92,36
52,18
21,29
78,24
72,11
92,59
31,30
18,13
24,62
99,10
86,10
110,7
36,21
19,21
49,57
22,10
27,7
62,124
19,34
22,18
22,32
16,9
27,41
46,63
44,17
63,23
34,21
19,30
24,26
86,61
89,39
59,59
40,28
33,6
21,11
18,44
92,61
38,45
308,18
39,18
29,54
44,12
64,11
57,10
40,21
197,3
51,32
31,4
68,40
31,11
63,7
57,33
111,62
36,30
45,122
30,4
34,10
30,88
15,77
119,18
139,85
69,24
47,43
95,3
103,2
43,21
39,21
261,55
79,82
24,9
66,49
46,97
19,20
19,3
22,31
30,6
73,10
42,15
71,8
58,44
55,27
43,9
35,45
72,9
39,104
59,88
21,28
156,4
144,120
91,70
38,36
203,9
141,15
43,27
92,10
30,19
63,117
26,163
82,21
89,46
64,14
58,9
24,16
31,10
23,92
108,12
188,58
83,38
32,47
19,20
42,6
46,3
43,112
88,8
134,33
17,14
69,112
131,17
21,65
17,52
189,23
60,45
78,15
179,39
43,112
102,8
173,3
60,53
33,29
91,42
188,9
25,5
30,30
60,17
15,32
16,14
78,42
15,146
53,109
194,38
37,102
26,4
117,117
72,37
26,56
124,17
30,2
88,41
47,25
84,5
128,104
23,31
168,5
45,8
188,6
88,44
32,158
83,87
101,83
15,34
95,16
105,2
22,32
27,73
17,17
88,44
25,10
21,70
60,8
112,9
16,13
33,13
69,148
51,46
87,31
26,62
188,3
47,11
68,9
14,51
17,61
25,40
110,11
84,126
58,12
47,27
66,36
184,8
59,26
62,20
22,64
44,22
114,94
28,21
39,6
137,41
125,33
87,9
71,12
22,38
46,61
74,126
18,17
74,9
38,116
70,43
30,8
34,8
23,24
16,52
34,25
43,16
30,66
93,98
118,5
17,49
48,22
32,6
28,59
111,22
17,33
20,29
20,133
47,71
59,6
20,32
41,27
19,33
51,7
15,28
36,4
34,48
105,80
112,46
53,117
16,78
62,93
84,24
88,31
78,12
16,234
70,22
34,22
66,10
22,21
25,159
19,40
55,64
80,8
42,5
18,24
25,32
44,58
19,30
54,27
67,55
20,42
105,10
101,49
37,70
137,98
27,55
31,93
113,145
105,71
95,134
31,29
105,51
152,25
18,8
84,21
83,13
78,19
26,32
43,19
38,26
176,8
25,31
23,128
22,38
29,85
18,27
124,73
149,10
25,30
64,44
31,30
61,17
119,29
60,28
73,15
45,7
50,8
99,49
42,147
15,19
62,104
33,11
43,51
207,14
21,39
87,37
32,19
24,5
46,17
71,58
23,22
263,3
16,3
87,33
27,23
40,20
23,29
40,43
16,20
126,83
42,30
137,13
87,8
19,37
26,47
37,6
45,42
194,19
123,10
23,67
100,41
63,18
134,54
36,7
72,20
22,79
39,17
39,105
35,18
41,44
39,8
109,31
82,8
35,10
38,23
50,7
57,12
93,9
56,9
222,28
77,4
59,12
17,61
30,77
43,133
36,63
66,23
36,32
30,16
30,4
34,8
34,29
124,17
30,22
21,9
104,107
53,12
14,21
49,19
90,21
47,15
42,31
118,132
38,115
244,35
39,183
141,43
278,7
15,16
142,72
35,9
186,61
27,17
120,85
52,201
59,5
41,9
32,5
58,35
20,12
27,13
23,11
34,6
41,47
33,48
115,86
34,14
114,59
29,50
73,66
155,19
19,18
32,48
52,18
18,87
20,52
95,28
48,68
70,64
75,44
96,66
17,22
48,52
71,97
168,26
51,44
163,94
166,33
32,9
94,36
52,15
28,17
27,119
97,30
71,30
124,9
50,26
72,5
110,28
63,19
19,4
158,116
53,30
29,9
165,5
32,25
123,8
177,196
107,26
33,26
19,61
110,30
69,71
42,84
26,31
26,4
52,30
36,50
84,7
122,74
43,6
36,12
112,27
23,25
32,46
22,7
18,47
69,42
59,58
23,88
72,11
47,48
41,28
55,7
29,18
24,22
131,44
85,26
22,115
75,29
25,55
104,23
32,65
58,30
34,8
23,5
46,25
47,13
49,5
22,16
14,6
89,22
53,110
40,15
197,51
16,4
188,17
135,12
25,26
23,49
78,43
20,41
59,61
77,54
34,26
20,29
121,14
24,10
42,10
23,64
78,15
40,62
60,55
147,42
75,10
161,83
43,8
67,17
35,28
121,42
56,2
95,5
38,83
24,67
17,41
145,22
84,4
41,40
97,23
25,11
286,82
186,40
76,10
71,11
21,2
35,158
82,39
21,54
129,66
24,5
113,2
22,39
35,208
24,34
120,23
93,31
23,5
36,50
48,12
32,22
17,3
89,55
20,18
43,14
14,13
17,23
63,14
21,43
110,6
76,42
95,66
70,101
166,29
61,11
73,4
57,15
34,185
30,22
155,148
36,114
141,33
120,56
32,13
30,5
25,4
92,14
68,55
31,11
17,25
28,25
22,32
226,7
41,24
57,41
19,4
49,44
21,7
37,38
27,19
59,117
65,10
129,58
15,25
51,3
34,14
78,15
118,28
22,116
88,92
60,28
23,32
33,90
62,34
62,110
105,67
28,20
34,48
54,74
31,8
98,38
39,39
205,4
48,23
23,54
27,20
131,15
27,66
53,77
35,28
30,20
134,24
28,136
45,51
82,4
80,48
18,24
29,16
68,91
19,5
47,75
47,15
39,120
78,20
44,72
201,9
39,53
126,209
37,11
29,3
77,28
97,4
53,23
49,12
114,15
44,20
15,16
88,73
74,69
67,153
147,8
66,31
48,28
56,8
32,48
40,60
130,4
126,22
38,44
164,19
42,55
28,8
52,34
52,29
70,37
88,41
129,21
65,18
113,5
51,13
22,20
82,41
52,6
222,28
42,53
36,46
123,29
48,29
158,83
82,17
49,101
76,41
29,7
40,22
109,37
182,37
93,78
41,41
48,28
152,18
113,10
47,81
41,13
45,55
73,6
72,65
75,55
70,54
208,21
58,32
40,75
60,10
29,151
43,9
41,28
217,22
78,19
45,8
59,79
22,38
99,19
50,132
37,81
83,16
70,42
29,127
82,82
15,10
36,69
146,68
20,3
25,105
161,47
51,58
32,11
122,3
28,43
100,69
99,49
94,19
15,3
87,56
22,30
69,30
26,48
41,16
26,3
157,38
107,30
29,43
73,184
66,20
152,17
155,48
37,25
75,38
84,9
39,56
68,8
103,4
17,3
23,8
59,39
41,10
35,18
28,42
166,85
85,19
35,23
136,32
61,21
23,42
121,28
125,35
54,51
33,10
37,46
65,7
76,142
33,25
115,21
124,10
40,26
72,10
89,82
24,14
94,74
91,102
67,5
63,52
93,10
40,5
114,85
51,45
30,9
89,86
53,3
18,30
116,48
19,9
16,70
49,55
131,23
28,26
28,20
100,6
29,13
20,3
98,19
194,3
64,40
18,16
150,9
27,84
150,36
134,11
31,10
128,49
104,77
85,30
66,3
27,24
24,92
72,7
51,39
99,39
48,9
93,16
91,47
21,133
35,5
19,26
90,6
69,31
28,12
34,14
287,31
59,82
64,51
58,70
16,21
74,20
102,74
42,8
39,90
151,45
179,22
199,141
91,87
54,62
28,19
110,8
41,8
14,22
22,83
17,147
95,16
68,28
23,29
33,45
84,16
78,34
30,17
113,7
71,54
41,13
23,40
167,115
230,20
59,59
26,3
17,91
39,10
179,36
40,114
84,74
19,37
112,12
92,14
115,36
67,49
23,65
27,4
156,60
37,88
60,95
45,3
72,3
211,20
153,17
105,10
101,84
38,22
14,25
86,58
79,89
38,45
34,9
22,41
84,13
144,25
43,38
96,64
105,30
62,37
54,75
61,8
116,45
21,59
208,3
19,28
112,50
206,21
17,64
36,17
15,8
88,44
26,35
111,22
71,121
25,44
23,29
24,4
35,38
198,19
36,31
130,60
48,68
130,15
54,45
18,13
25,38
37,80
77,12
113,52
22,4
93,79
182,32
91,5
135,38
72,45
100,29
16,79
162,49
18,46
51,37
41,18
38,33
67,107
219,96
52,6
25,61
26,75
177,20
17,11
114,73
91,52
73,29
63,2
29,42
27,12
18,23
62,47
20,3
29,27
122,8
24,26
18,239
44,47
199,70
76,13
51,19
42,15
175,15
34,6
41,48
37,5
28,6
19,51
88,19
38,13
165,118
80,18
157,2
43,44
61,22
38,57
161,6
273,4
29,73
190,27
92,22
78,25
22,15
33,5
37,4
180,24
73,128
20,43
47,90
15,11
87,105
202,7
82,73
27,71
129,127
35,28
80,19
44,11
45,101
49,137
82,54
33,4
89,30
48,10
19,28
181,22
41,11
23,24
42,26
43,7
27,49
18,6
25,161
58,8
94,64
120,71
33,19
66,31
29,35
178,56
176,4
134,26
76,24
146,33
43,17
76,29
53,28
24,95
36,7
157,6
22,122
72,8
40,31
37,5
62,23
49,5
20,24
274,8
33,54
164,24
106,6
26,12
67,47
14,38
107,73
200,96
155,115
108,52
74,31
22,8
23,14
151,32
168,56
27,25
31,11
89,15
62,39
25,17
69,60
96,35
31,64
80,21
39,5
175,27
40,20
38,63
29,115
94,43
26,3
155,36
18,68
98,25
115,7
49,10
97,3
61,74
156,67
41,31
61,125
194,29
54,31
21,6
85,54
40,23
106,3
52,5
23,43
89,32
23,92
53,84
79,35
166,18
62,13
144,87
45,24
47,41
14,101
74,20
19,35
28,32
53,79
16,50
116,7
36,225
40,6
108,20
111,20
108,40
59,81
134,18
16,32
34,11
264,38
16,39
20,30
165,12
18,60
104,47
29,40
21,24
15,10
75,7
126,45
65,18
23,14
19,5
45,26
74,36
164,17
111,21
74,2
48,142
15,15
19,6
43,19
31,19
266,36
23,25
107,64
80,64
57,49
22,17
21,38
27,8
84,4
166,56
44,62
52,4
91,9
41,75
83,2
68,66
29,14
166,14
165,87
104,23
50,92
28,95
146,78
14,34
33,26
83,22
267,40
30,47
73,10
58,43
69,25
161,48
97,11
64,22
55,140
14,15
32,22
40,43
88,11
19,23
88,38
32,20
33,34
37,81
24,21
214,49
36,25
64,77
71,12
48,5
25,117
144,143
63,40
24,37
48,108
112,39
50,18
112,6
32,61
141,9
118,108
37,71
31,12
55,25
75,14
52,19
34,70
37,32
74,16
26,36
125,69
238,2
29,5
107,48
15,32
25,3
42,88
21,23
159,146
86,138
75,54
70,25
19,34
15,24
62,56
15,80
51,25
66,8
33,42
22,11
16,5
20,3
56,6
28,4
30,19
88,4
47,5
107,13
66,21
35,11
105,87
42,74
33,15
16,22
113,11
150,8
36,58
71,12
24,39
57,45
79,84
64,51
38,9
219,76
47,65
46,10
116,38
112,109
18,4
16,17
180,18
300,100
148,131
190,3
129,23
16,19
113,49
42,11
38,8
71,2
147,23
69,183
40,128
35,57
39,15
70,26
129,42
55,7
17,4
22,42
122,16
21,87
51,94
24,12
14,21
34,95
39,5
60,71
96,73
34,36
71,20
18,64
215,80
168,23
21,37
21,3
78,58
40,36
26,5
71,96
85,4
46,23
38,6
112,25
76,15
72,110
19,37
35,3
18,118
84,22
25,24
43,11
17,33
104,23
118,19
18,15
108,49
34,58
36,36
70,44
112,3
156,36
74,46
64,11
19,71
78,24
66,5
137,34
205,119
166,24
21,36
189,46
86,4
22,14
72,77
41,43
22,24
46,35
19,36
186,15
122,3
100,6
32,15
81,35
100,26
17,24
108,57
44,10
34,35
20,66
84,10
35,31
56,71
83,94
27,76
24,21
31,5
30,114
87,23
26,36
50,51
108,9
132,128
79,21
17,5
136,11
211,19
93,58
96,46
39,23
23,27
16,45
30,65
26,67
17,4
56,2
76,96
52,65
120,42
50,2
19,90
31,227
94,90
53,50
28,64
73,14
130,39
39,80
53,16
15,2
34,108
44,19
117,64
72,9
57,14
17,21
15,10
59,31
17,12
18,49
29,54
46,46
35,58
16,73
68,44
43,8
18,122
213,26
14,32
28,4
56,109
144,12
33,39
113,71
49,29
19,102
81,19
51,4
58,165
106,41
27,6
37,27
36,17
84,15
17,47
90,8
75,56
20,40
37,65
121,50
124,121
137,24
82,63
41,59
132,22
15,4
77,3
54,21
158,27
55,102
58,15
19,24
16,51
59,8
61,26
88,37
260,33
130,4
53,7
121,26
40,22
17,22
64,8
104,13
72,21
43,98
22,5
55,44
24,23
138,15
79,38
102,70
19,81
47,26
111,163
36,144
102,60
17,45
17,33
43,39
105,93
20,13
19,68
48,47
91,21
54,24
26,37
239,27
29,26
15,12
76,101
147,11
18,15
23,5
73,3
77,8
30,10
28,2
17,128
42,48
186,40
41,22
37,53
89,75
30,63
85,6
56,3
89,4
25,35
105,19
17,5
112,71
48,13
235,9
107,59
47,45
43,21
51,7
29,182
23,7
144,84
34,11
22,3
25,5
152,89
51,18
175,168
65,46
24,44
51,60
33,8
18,7
155,53
50,76
24,57
104,52
26,18
42,10
188,186
47,21
60,32
50,36
93,26
43,40
54,6
94,47
125,22
44,3
33,6
124,17
81,28
71,66
66,50
22,42
18,44
50,6
91,53
29,82
95,25
61,111
206,120
119,22
85,83
24,51
22,70
75,16
42,41
22,38
97,21
25,29
23,39
15,4
55,54
42,47
97,109
46,25
24,117
52,5
29,15
103,47
15,25
26,41
127,27
40,3
57,13
40,22
70,44
80,6
67,35
20,8
84,102
126,51
16,4
93,40
22,44
154,217
31,35
15,119
44,6
64,27
154,64
29,36
64,68
178,47
102,25
39,55
64,31
30,19
189,12
35,58
23,7
20,145
50,3
25,7
35,27
152,9
31,58
15,31
29,6
65,78
24,8
144,5
102,46
86,7
102,13
50,64
67,34
31,29
192,47
78,24
21,24
20,78
51,7
28,12
32,57
68,13
63,66
83,40
20,102
288,25
39,18
35,21
60,85
54,32
26,20
29,2
76,78
21,56
79,30
55,21
91,47
135,10
58,74
17,43
90,83
37,11
44,5
76,10
27,5
22,62
80,24
99,52
14,46
55,80
35,33
68,20
88,76
132,21
62,82
19,11
14,73
74,4
18,36
75,14
127,4
28,60
196,34
57,9
122,30
35,154
103,45
235,43
68,9
23,5
20,19
54,68
148,39
83,33
44,64
28,14
26,95
46,17
60,8
38,56
58,37
98,2
62,61
15,127
109,13
24,34
123,39
86,25
39,39
97,58
51,16
58,58
135,11
53,142
22,10
196,58
16,12
26,7
90,45
21,83
17,78
35,6
39,5
19,13
27,37
70,35
20,49
23,81
16,6
93,119
48,109
36,42
41,24
53,12
40,34
36,6
42,26
23,10
36,42
21,9
28,95
22,27
21,21
184,3
92,7
45,69
105,40
31,200
96,72
20,89
30,6
64,42
37,23
36,9
146,54
21,16
257,50
133,22
77,27
25,44
22,13
48,16
15,18
34,4
60,3
69,13
205,5
130,11
21,2
17,4
124,100
119,24
16,58
56,17
136,4
108,99
19,5
69,120
43,31
232,56
72,22
42,14
45,60
121,38
29,59
70,4
148,11
53,26
17,29
41,2
56,28
163,2
70,15
24,3
103,11
57,45
43,32
29,8
48,16
52,28
61,4
73,90
44,75
55,13
15,8
58,43
56,21
33,15
161,53
32,18
33,3
157,104
15,4
124,83
65,3
23,23
258,71
59,15
19,45
94,10
150,32
26,64
148,12
43,72
161,8
102,26
55,8
126,3
88,78
179,32
95,71
69,4
64,24
71,9
18,47
163,49
72,11
61,24
117,58
25,60
199,35
55,21
40,136
43,30
43,15
23,22
35,41
101,58
16,116
32,8
83,38
59,93
35,28
29,4
70,34
15,25
145,28
165,33
27,16
69,7
75,19
97,72
23,16
34,11
125,3
162,129
81,56
57,27
52,25
22,40
45,9
152,4
58,35
17,27
18,102
41,21
28,50
32,22
25,79
80,7
138,17
32,3
121,29
40,28
60,84
55,100
18,22
17,81
22,91
57,27
181,18
51,5
24,88
15,6
53,26
26,13
16,7
148,70
73,71
17,28
107,12
37,35
194,38
15,16
36,78
46,6
18,27
17,121
97,14
159,16
66,36
21,7
40,10
94,28
20,8
22,4
97,70
16,45
32,24
26,34
34,5
31,5
75,41
38,74
44,18
28,6
20,82
18,18
30,48
107,12
40,28
43,69
94,98
157,45
19,27
84,16
38,55
65,82
66,19
35,127
15,117
139,18
67,4
54,162
98,9
20,37
17,21
18,46
76,9
57,102
72,108
48,64
82,89
65,93
44,34
230,96
78,37
65,80
27,38
23,4
34,16
19,40
28,8
14,12
52,74
56,29
33,13
101,53
33,14
35,35
16,19
54,40
83,26
106,31
16,56
40,75
117,199
94,16
82,74
27,52
71,17
130,198
17,41
46,25
42,55
119,6
56,23
48,3
60,3
19,5
63,18
162,91
16,19
36,5
22,11
44,17
76,49
17,2
20,8
34,21
53,10
38,64
36,10
38,29
23,8
28,30
25,61
26,6
21,76
113,24
160,16
33,23
38,75
129,42
23,97
46,9
21,47
125,4
21,16
222,26
66,12
47,34
94,9
30,32
28,2
51,16
203,86
16,74
139,98
59,61
15,26
80,18
49,14
118,41
20,14
87,48
107,41
58,16
40,71
19,4
57,56
44,51
122,97
77,77
43,9
67,81
18,7
28,10
25,30
65,45
48,25
37,80
49,36
81,29
123,60
27,7
54,8
62,51
53,77
70,115
14,22
54,33
81,37
29,32
53,25
15,18
133,66
119,12
30,24
110,34
31,21
38,110
16,42
215,14
42,16
60,38
64,24
94,42
68,5
89,23
28,16
49,40
24,16
34,10
27,19
39,186
52,25
72,8
73,34
22,95
51,20
16,32
28,18
75,33
134,4
99,25
57,28
47,78
65,19
37,9
82,30
81,10
40,75
46,3
18,21
49,5
59,116
27,59
29,30
38,3
15,30
23,38
15,15
47,54
42,48
24,81
42,12
137,11
47,2
15,39
115,38
149,3
47,45
16,26
49,29
51,30
95,7
45,6
17,150
89,62
32,124
44,139
72,148
153,61
21,56
178,138
19,19
72,40
100,21
45,8
69,5
24,28
26,42
21,7
133,4
52,78
78,73
81,14
26,151
45,122
24,4
77,25
68,10
22,146
122,15
90,39
15,3
43,28
74,28
27,16
25,3
63,19
76,12
36,42
108,12
119,22
16,27
18,17
82,30
73,35
25,59
94,16
41,3
108,93
66,87
38,2
35,75
14,4
33,138
53,11
115,7
60,15
78,5
21,59
80,17
115,50
27,29
46,66
36,55
46,16
20,60
31,41
20,13
30,33
130,36
17,15
25,7
16,14
58,119
173,34
71,57
138,24
15,52
21,7
27,10
55,3
46,164
35,140
49,106
27,4
31,39
156,4
56,143
21,64
70,26
207,63
20,20
45,80
127,24
80,61
21,63
41,47
61,24
25,64
46,28
21,13
73,102
27,126
115,100
16,76
55,103
17,53
60,41
37,43
39,40
104,56
54,10
76,3
35,9
138,45
63,43
19,30
22,12
18,32
103,12
34,31
92,19
86,3
72,230
31,27
25,13
21,14
21,31
66,10
20,20
18,14
20,36
30,17
221,3
38,84
50,50
60,34
162,10
43,3
46,58
41,18
91,171
115,204
28,6
79,97
16,39
43,134
240,64
61,18
56,2
65,11
27,71
25,63
164,21
40,81
39,59
113,64
23,11
24,18
21,29
136,51
20,66
66,18
101,63
111,66
63,15
39,22
55,129
76,44
234,38
30,16
15,67
154,21
70,6
25,18
110,7
123,61
48,65
23,24
37,13
19,29
39,7
20,15
62,87
153,35
119,34
128,20
18,27
27,7
260,42
23,30
22,3
36,75
18,5
44,13
44,12
81,23
34,21
26,80
50,43
152,68
47,44
104,18
65,62
37,40
60,76
42,18
133,36
151,57
75,25
22,19
40,33
65,10
47,25
22,13
127,34
42,22
29,37
33,51
103,21
29,167
17,46
27,69
29,12
18,55
83,30
37,11
38,5
185,19
25,47
80,39
33,28
17,22
28,46
152,90
89,24
84,7
63,6
52,5
35,14
27,60
23,56
17,20
57,108
89,73
45,16
32,142
118,14
16,41
288,9
22,24
56,112
90,8
82,5
108,4
100,26
34,62
43,13
85,2
29,15
31,90
51,30
139,5
80,21
124,65
168,30
27,4
16,12
109,96
64,36
181,84
20,63
63,6
128,29
100,104
54,29
131,199
45,142
48,5
69,17
38,23
42,5
21,40
74,9
14,118
27,33
59,17
44,44
33,99
87,38
57,16
199,75
23,29
73,122
74,79
22,54
72,28
14,58
138,22
160,36
24,15
102,19
115,27
48,58
20,37
116,115
98,4
31,23
27,61
77,113
41,27
80,13
69,46
36,19
82,24
86,56
16,18
136,73
45,57
26,135
127,79
28,8
75,10
132,3
123,37
18,73
30,142
117,8
219,17
62,143
53,37
16,52
106,26
113,20
87,12
57,10
32,34
29,44
140,174
34,29
95,24
89,133
18,13
79,25
37,47
20,44
32,39
30,9
49,3
55,35
26,29
14,7
45,25
26,20
24,2
16,169
16,56
20,27
99,202
19,6
21,148
50,6
41,116
134,21
30,18
66,211
63,20
25,29
111,18
65,13
46,14
35,16
70,19
200,36
34,12
58,9
55,34
56,30
37,21
26,7
90,13
65,9
130,35
155,14
128,13
34,48
14,82
41,58
54,11
28,39
142,7
25,132
25,99
55,103
17,140
108,14
20,18
31,15
41,33
32,50
199,19
17,53
70,40
54,51
79,20
15,40
115,60
88,39
30,47
99,34
183,26
62,45
95,60
97,149
16,49
69,8
48,23
41,18
126,11
115,103
39,8
18,10
99,32
63,11
83,80
118,9
61,4
36,7
25,7
18,40
70,4
32,23
54,82
88,17
61,13
56,21
51,6
185,27
69,56
39,5
47,4
215,55
41,11
55,19
46,37
19,8
52,10
16,3
114,14
48,47
53,171
38,12
113,21
43,230
109,7
76,61
18,54
53,74
51,58
192,110
268,88
30,32
73,64
44,76
47,38
60,54
35,62
151,40
61,2
68,63
222,74
64,89
16,39
16,5
36,92
114,20
53,38
50,26
70,25
101,68
89,8
17,14
17,15
21,7
22,10
40,38
186,4
24,48
133,149
105,49
18,53
82,39
38,7
93,94
29,43
146,26
48,45
32,25
61,62
129,30
69,96
249,53
26,47
40,70
27,87
27,158
35,3
141,10
97,21
29,62
18,75
147,63
158,24
24,10
63,69
20,14
106,26
38,76
34,10
53,34
69,24
33,55
75,33
19,34
96,45
60,66
123,4
55,32
19,42
16,10
86,6
32,145
36,48
23,18
42,36
117,17
87,14
36,3
53,25
20,56
18,91
139,92
38,4
99,3
23,8
36,29
24,141
43,116
89,94
54,36
20,9
141,43
76,14
55,6
49,5
159,18
30,4
17,56
24,10
62,8
39,7
72,38
44,12
99,12
49,16
50,97
32,27
18,49
66,24
27,8
90,40
27,96
141,11
118,25
21,26
48,15
39,120
26,15
141,57
19,45
26,15
50,119
22,55
25,16
25,68
77,30
66,61
123,13
36,169
41,146
24,38
76,32
15,40
18,5
58,11
222,64
28,11
118,22
78,12
34,43
43,17
42,8
34,76
91,3
22,66
89,19
45,52
28,7
41,4
51,38
24,134
116,96
46,96
39,105
52,104
83,81
28,24
105,30
28,78
19,52
109,7
43,22
20,14
22,7
34,71
44,16
28,44
179,63
87,7
153,58
35,125
142,7
23,19
71,18
38,10
63,33
48,32
23,86
205,41
40,16
71,8
20,64
82,36
23,3
89,16
112,13
125,41
111,52
22,10
29,24
81,16
98,49
37,76
117,40
38,26
17,32
49,15
39,67
31,92
22,4
57,37
35,89
57,9
42,12
32,137
21,64
108,19
33,114
102,3
21,46
185,20
40,6
84,10
16,41
83,72
60,47
33,23
71,10
112,61
103,60
28,151
46,48
75,18
40,53
84,14
41,26
20,28
91,59
26,45
125,48
39,9
115,48
18,59
51,2
29,35
35,28
31,170
92,25
107,41
25,134
28,35
189,6
29,46
129,18
46,13
70,19
18,35
72,24
48,76
54,128
114,71
31,10
34,27
73,10
147,25
97,30
21,18
17,11
25,42
116,36
73,8
27,53
19,73
115,12
157,26
30,121
144,29
54,67
67,10
99,19
18,71
45,16
132,40
29,58
54,39
46,12
43,82
15,16
19,25
55,3
69,14
56,36
22,43
31,66
69,52
22,20
116,68
50,22
47,32
16,2
23,77
150,20
28,13
88,16
18,6
84,86
95,43
84,17
22,88
179,22
65,27
34,41
113,89
56,8
75,24
44,56
104,152
58,45
26,14
168,10
38,6
42,26
97,2
46,134
120,13
50,22
38,3
23,4
40,5
52,40
48,68
49,94
74,43
133,18
43,2
34,31
85,48
30,34
18,43
207,108
27,11
41,16
36,63
32,52
69,9
15,7
30,47
30,11
50,27
131,35
34,23
17,14
78,125
15,22
26,51
210,3
81,14
128,3
29,93
114,8
27,50
112,18
41,9
88,53
28,4
22,41
79,23
64,111
76,79
118,131
54,42
139,12
56,32
18,79
23,21
65,41
94,24
101,119
29,25
27,67
57,6
132,46
64,4
37,51
60,4
19,25
118,28
55,118
16,15
52,64
89,13
19,5
47,7
130,8
124,3
26,9
31,26
45,93
68,7
64,68
37,24
19,55
30,19
61,18
109,6
19,97
91,12
37,69
122,16
54,66
39,51
46,55
19,23
26,11
83,39
118,18
15,37
25,23
18,6
91,34
132,21
40,24
53,10
25,54
37,9
33,65
104,18
18,24
36,96
53,232
28,34
91,238
98,20
73,19
78,68
191,28
73,131
182,4
64,17
34,17
89,130
28,80
24,30
85,146
19,23
75,13
55,26
18,88
19,25
30,4
18,70
25,20
119,12
51,60
51,21
65,150
58,17
36,15
37,40
158,14
30,5
74,2
63,31
24,4
50,23
119,8
48,3
85,39
24,91
62,119
91,15
42,73
19,8
100,64
81,54
48,14
40,30
21,104
79,12
141,7
131,3
17,21
15,48
143,21
22,35
33,15
120,44
35,5
29,4
51,25
20,30
98,8
121,13
92,37
75,55
99,24
29,48
28,9
53,3
41,7
30,45
25,101
43,8
33,4
34,42
15,14
21,5
116,32
77,10
25,12
15,4
54,13
52,24
51,77
21,36
84,56
25,38
26,31
33,63
55,80
136,12
145,45
217,3
64,38
59,134
72,4
15,21
24,7
105,3
120,26
27,57
74,63
32,21
229,52
37,8
16,28
122,37
23,100
32,13
21,65
114,41
18,23
48,84
48,7
41,39
35,50
78,62
64,55
112,70
109,11
44,2
23,31
42,25
16,4
32,63
20,48
26,24
16,79
30,8
54,13
18,52
34,59
56,28
14,80
49,31
50,5
227,30
48,37
20,33
54,43
58,24
30,29
41,43
40,9
140,41
63,12
20,34
48,121
115,12
18,4
41,28
88,3
46,10
26,20
102,14
50,13
81,5
29,7
91,53
104,29
179,3
47,36
96,62
20,18
25,33
24,75
46,3
39,11
20,17
27,91
27,20
23,41
23,32
45,87
54,18
25,33
90,52
48,29
101,127
92,11
91,122
16,26
15,30
31,22
15,50
23,53
78,78
20,5
15,6
25,19
15,18
72,9
25,43
58,23
219,16
27,51
119,21
111,67
61,2
28,47
24,9
50,177
40,10
35,11
152,4
139,33
78,69
39,45
63,205
64,33
23,27
128,178
143,70
47,33
110,52
109,3
88,20
157,13
93,88
20,20
20,68
132,135
51,81
35,43
25,20
24,49
31,20
73,64
22,40
51,17
64,18
31,6
68,16
40,22
20,50
77,102
74,25
48,42
35,12
39,15
26,6
70,15
103,10
43,56
121,5
86,53
56,67
117,13
24,47
28,25
44,30
107,18
117,3
75,135
30,16
184,64
35,12
21,16
38,4
71,16
19,55
48,38
57,13
175,56
40,31
71,19
69,4
34,24
81,39
43,13
27,22
56,20
66,21
28,29
16,36
72,55
246,50
14,58
15,9
19,26
128,6
29,159
29,89
65,115
15,3
107,43
25,5
33,38
30,33
49,71
41,40
90,7
60,7
35,68
30,15
46,64
47,34
75,22
18,25
28,60
18,21
85,14
16,121
54,41
42,33
129,41
99,42
30,48
15,5
17,25
34,111
33,20
71,37
57,39
42,29
23,16
90,12
14,9
85,11
18,76
25,28
49,5
66,29
144,43
104,105
211,13
38,171
14,38
28,28
42,10
42,11
33,9
17,9
147,41
104,78
65,25
73,24
147,13
33,6
70,72
103,53
48,5
139,26
86,92
73,57
119,44
64,13
60,46
38,24
130,76
18,15
149,32
71,7
57,3
24,54
41,72
59,54
33,147
43,134
27,67
119,45
88,16
42,7
17,19
25,55
15,24
218,25
182,94
15,21
32,75
33,45
24,31
19,32
29,39
106,26
57,81
55,23
55,22
15,33
19,15
130,11
39,7
22,4
103,10
53,233
87,19
23,7
119,30
37,44
115,32
41,27
52,25
140,36
21,12
31,71
104,4
36,27
29,72
110,86
61,107
60,47
39,81
21,53
100,14
20,94
41,137
78,46
36,51
54,34
32,31
35,3
154,33
157,15
135,57
89,46
57,49
182,61
58,61
64,13
39,110
54,2
54,20
158,4
73,17
86,127
45,5
87,10
122,30
61,34
19,33
18,51
76,66
17,82
72,9
45,10
27,7
26,45
19,13
149,18
211,62
40,95
30,72
30,33
45,52
23,10
63,15
33,12
158,66
223,163
29,35
101,97
144,9
30,29
63,120
178,77
15,62
135,21
77,52
36,20
56,31
114,33
39,20
136,13
192,14
48,120
38,24
15,139
64,14
40,20
20,93
41,65
66,71
14,20
63,13
53,56
14,46
15,5
75,41
93,59
52,42
28,7
134,10
58,15
28,25
33,26
26,75
153,48
18,22
26,26
20,58
52,14
25,4
81,48
36,22
15,37
24,15
68,9
120,26
152,15
28,98
35,14
25,28
34,14
17,128
51,19
164,38
19,18
57,13
67,10
39,90
40,33
40,10
37,12
22,61
86,89
160,7
240,20
18,2
24,43
66,8
70,25
19,3
24,23
71,6
35,12
21,13
44,20
88,3
114,30
108,156
63,20
173,4
113,16
80,61
121,18
40,5
34,23
192,148
46,8
52,20
16,65
20,3
31,71
34,166
16,128
19,49
60,18
70,55
78,6
130,19
142,12
17,19
31,11
23,23
40,6
25,54
56,41
21,4
66,13
19,73
153,28
44,80
40,56
55,18
56,32
63,60
68,62
238,36
164,10
20,11
74,11
23,80
61,50
94,35
36,29
87,4
41,103
67,41
143,13
24,22
237,53
23,19
29,129
65,21
29,4
56,20
78,125
46,11
124,15
37,102
48,39
119,45
67,49
44,35
101,6
35,33
149,51
51,103
117,19
47,73
114,28
78,14
58,84
19,176
49,5
20,9
41,5
32,104
18,42
59,25
40,110
32,34
103,165
159,6
45,10
69,48
29,55
114,41
16,50
96,82
94,55
206,17
21,37
73,164
38,74
212,22
44,21
21,67
71,15
97,142
59,11
44,83
16,38
38,7
106,2
45,17
47,24
110,5
86,52
60,143
38,18
24,24
84,29
38,47
31,20
224,167
15,32
72,42
86,47
37,6
17,6
90,22
97,19
30,35
47,51
52,27
33,73
54,2
23,3
44,49
45,104
124,34
128,34
283,69
84,4
119,46
72,12
29,21
32,57
17,115
40,4
58,46
96,75
27,26
26,88
148,152
33,48
23,10
21,45
32,13
110,22
103,11
93,20
36,14
300,73
80,16
39,8
140,117
30,53
28,7
92,31
75,15
73,123
19,134
33,7
67,137
127,80
87,13
26,47
16,14
109,45
43,118
39,7
15,52
43,10
49,20
74,128
51,8
14,27
22,10
28,22
28,9
42,14
16,51
28,55
44,16
68,8
144,13
58,81
50,51
76,39
22,91
97,9
52,34
49,114
33,5
107,44
17,4
45,31
57,11
106,73
100,42
35,6
20,33
63,13
93,70
140,58
27,12
110,44
24,36
22,76
77,117
50,109
16,141
65,31
262,30
18,120
123,47
26,13
33,33
32,3
48,3
35,15
27,32
136,3
23,31
59,97
112,4
77,16
25,2
93,30
102,24
153,2
129,94
193,65
42,15
62,14
99,25
152,3
45,21
25,57
55,29
112,32
60,35
14,22
47,21
114,12
46,6
14,6
21,80
126,39
52,12
33,42
16,41
54,3
30,106
180,9
136,67
248,9
182,25
45,58
125,44
28,74
57,57
40,22
95,18
29,145
84,122
101,64
28,32
41,40
162,28
71,32
74,29
74,25
52,49
45,4
121,3
161,31
23,21
47,2
76,42
20,33
169,27
23,20
64,72
277,24
135,62
53,30
177,37
174,93
101,95
99,43
193,43
73,54
29,49
43,111
128,136
50,9
45,6
31,79
43,19
14,30
23,63
34,45
81,3
42,63
111,13
15,19
163,144
50,54
250,4
80,30
45,32
93,3
95,11
38,52
214,45
17,107
65,16
18,22
163,3
92,49
159,29
18,15
36,96
66,2
122,4
50,26
81,14
93,10
71,36
46,4
102,135
100,35
25,147
23,16
15,63
75,18
27,61
58,58
171,39
40,4
114,182
238,17
32,74
29,50
64,156
28,7
42,102
99,5
177,28
138,49
225,66
66,23
247,91
68,72
14,167
37,25
45,38
77,50
84,25
223,22
70,19
26,47
95,23
151,40
37,24
48,2
120,27
98,208
40,4
32,7
40,89
143,36
72,102
22,28
33,90
17,28
24,17
31,10
48,34
35,71
109,35
134,8
49,14
45,10
28,45
43,45
18,74
99,5
41,26
77,7
212,12
148,15
50,11
65,26
25,86
65,7
87,22
17,12
19,34
76,17
112,22
66,3
27,16
134,22
119,27
17,21
35,53
37,21
124,142
40,28
32,73
67,17
69,180
86,155
32,22
26,40
136,59
55,4
27,11
69,76
16,25
184,5
216,22
31,29
30,13
76,45
48,128
86,6
15,9
148,84
24,4
48,4
51,6
16,8
218,36
49,6
91,45
61,51
18,36
56,100
112,20
89,85
27,161
144,23
21,109
83,27
97,50
135,46
116,26
30,43
49,68
51,47
29,6
37,96
67,145
52,25
54,32
33,93
45,21
29,44
57,7
98,11
63,11
141,12
83,48
134,112
141,117
39,16
82,97
85,40
50,43
64,34
77,17
98,31
138,77
29,83
17,19
59,8
57,84
50,30
77,84
50,14
22,41
45,94
16,13
30,16
81,14
27,27
124,7
75,121
128,46
136,32
100,3
15,73
19,166
45,22
63,62
21,24
99,90
78,67
175,109
19,32
93,86
40,60
99,30
62,2
155,50
15,74
49,56
126,15
16,36
30,13
59,98
77,82
30,24
48,6
23,75
270,7
97,57
119,78
73,3
79,29
57,15
14,40
208,20
48,20
80,68
115,27
17,91
125,7
132,70
32,28
46,77
78,4
17,23
74,24
26,15
40,11
113,42
19,31
108,28
45,27
51,84
15,5
128,27
26,34
15,7
91,64
40,5
73,63
110,20
33,16
74,53
19,92
46,54
16,16
66,53
20,48
26,82
34,11
33,44
109,79
190,3
18,34
22,37
42,51
19,11
117,9
92,5
45,4
33,8
61,96
50,7
44,55
33,21
27,45
16,63
87,12
66,35
114,163
17,23
46,47
99,53
35,12
76,17
42,19
17,20
57,35
42,13
117,27
119,43
74,17
20,59
84,41
117,9
85,16
36,3
29,17
32,70
27,60
15,27
110,2
108,22
54,14
108,20
43,37
52,65
19,30
38,56
32,46
174,80
51,59
20,45
30,7
39,23
247,44
46,8
135,19
95,35
25,12
18,12
31,56
126,17
42,65
164,43
76,34
18,36
18,4
75,38
15,5
18,24
33,4
104,22
120,21
76,53
24,111
84,101
35,28
31,27
46,3
15,84
31,19
55,43
55,87
109,4
45,88
45,36
104,45
56,44
214,12
50,32
42,19
40,3
23,63
29,11
112,31
79,130
22,27
70,21
115,5
19,63
42,11
62,52
58,31
239,19
24,26
29,4
61,54
111,181
190,2
38,16
195,105
62,7
99,208
18,9
26,36
47,221
21,44
24,13
41,40
175,22
88,11
95,102
166,61
17,30
21,17
204,43
192,21
21,14
108,17
76,4
35,72
25,11
19,5
65,30
54,70
103,20
110,91
48,32
57,45
95,36
211,31
169,42
48,26
28,32
14,10
43,16
67,136
55,44
59,66
37,21
27,10
73,18
93,15
77,2
16,18
30,4
64,17
44,63
117,37
23,6
40,57
43,126
58,24
39,16
22,151
108,38
202,4
17,159
25,34
16,26
36,69
108,22
83,33
71,21
110,2
202,32
49,5
43,23
87,7
66,8
55,82
93,41
16,115
17,7
19,55
47,45
70,15
58,34
21,6
129,57
86,4
127,19
43,6
86,44
44,13
192,10
41,94
21,60
131,8
129,20
24,38
18,24
16,32
36,23
30,43
53,13
20,71
138,53
117,89
77,29
115,4
54,98
15,26
150,56
22,59
57,16
111,66
48,23
16,18
175,11
53,31
96,46
46,2
22,49
58,14
254,4
75,8
103,148
44,61
84,97
82,50
30,60
20,11
123,39
51,16
88,41
41,4
68,51
24,70
104,20
24,4
46,7
35,62
46,22
139,6
23,42
106,57
43,7
53,22
22,7
74,113
27,22
19,51
130,19
31,42
20,45
22,11
164,54
51,25
37,32
41,26
34,28
87,13
27,7
20,50
50,75
45,21
145,66
88,22
50,11
21,76
21,5
112,2
94,21
90,26
18,32
147,19
50,52
153,15
66,10
56,2
44,5
54,15
58,46
23,18
35,3
48,14
42,9
67,13
44,7
72,11
35,9
105,135
51,48
29,27
21,13
15,6
94,4
95,150
31,19
19,39
18,14
22,17
83,53
245,6
15,12
16,21
86,31
61,64
60,85
107,54
35,30
27,29
15,64
20,5
225,65
84,28
27,3
48,61
85,23
25,28
29,7
17,3
115,26
40,10
216,57
59,198
137,37
16,13
25,20
35,11
48,33
43,53
117,2
146,101
15,3
67,102
17,72
85,3
66,24
39,59
69,15
257,86
72,33
47,22
19,29
44,22
23,138
20,25
48,30
119,76
195,22
75,13
211,6
104,38
18,17
81,6
60,33
22,11
28,120
214,55
29,70
29,3
210,25
81,115
53,5
30,11
82,5
70,32
24,3
84,7
47,21
16,87
61,45
24,20
38,85
61,51
18,7
62,9
124,27
100,39
50,72
87,178
47,28
18,14
44,46
56,4
131,8
39,29
71,56
152,5
41,42
67,18
16,37
65,14
22,66
33,19
19,4
28,63
123,50
22,86
45,126
104,34
18,8
48,33
41,18
19,6
50,23
51,6
66,38
75,50
153,103
31,30
15,28
15,7
31,59
110,10
39,28
57,5
56,127
32,22
49,71
38,36
53,57
53,29
21,37
177,42
33,214
67,40
26,33
16,37
102,8
44,26
31,22
22,58
54,19
76,35
188,20
21,70
14,59
33,27
165,107
40,24
50,43
45,20
49,2
76,6
109,6
243,2
19,43
52,21
26,43
40,12
36,32
45,4
65,33
68,10
51,75
101,3
68,33
22,12
33,38
65,37
29,17
147,75
134,55
95,26
19,107
63,74
17,11
40,52
81,49
126,9
96,81
36,73
33,2
84,17
20,20
69,35
70,52
154,5
30,121
155,51
28,15
39,38
53,31
30,41
15,8
35,26
98,19
37,16
65,25
100,36
54,45
29,36
67,90
29,8
27,28
55,7
130,8
159,34
18,64
84,59
27,26
36,70
75,51
66,61
118,16
140,41
161,121
19,13
75,143
16,13
103,40
49,13
33,55
70,75
86,48
208,24
114,7
86,63
33,15
105,59
68,34
23,17
67,87
30,51
47,5
43,53
29,97
52,35
92,32
15,17
26,3
22,6
35,23
21,68
15,14
19,27
44,99
116,7
95,27
123,24
108,9
17,44
17,89
17,61
43,54
20,2
124,11
77,11
20,37
44,115
29,61
47,22
44,59
53,113
42,51
42,8
23,63
27,33
87,28
247,48
65,8
103,168
99,18
15,75
26,68
78,51
18,7
52,36
37,43
165,10
21,30
79,8
50,32
29,9
15,29
22,18
65,6
79,36
36,49
25,13
30,40
46,23
30,135
52,63
39,79
60,41
95,12
97,59
19,105
105,16
146,11
20,25
63,39
112,17
95,14
88,91
28,3
25,53
20,62
136,39
130,57
194,19
31,83
16,61
50,38
33,65
19,8
32,68
25,51
35,8
57,13
83,25
170,33
49,53
149,22
59,31
68,82
33,10
31,18
37,14
69,5
19,20
43,21
47,66
132,16
47,19
102,24
21,76
18,22
86,27
25,71
167,9
17,13
39,2
53,87
180,2
38,169
102,7
44,54
69,12
55,66
38,22
37,75
17,35
41,7
142,48
30,63
38,136
108,24
85,7
156,31
116,91
194,24
43,50
52,14
24,9
35,75
126,53
124,7
86,3
17,22
118,18
207,6
180,3
32,41
54,11
144,18
40,9
76,47
51,35
32,18
44,3
41,17
15,63
95,53
19,12
53,63
44,46
23,70
254,25
57,5
19,64
29,41
47,51
18,4
78,12
39,46
46,104
33,192
19,102
84,32
39,9
33,2
32,41
39,29
51,2
120,62
57,24
41,105
26,69
55,14
135,4
105,13
217,13
186,7
123,49
48,49
84,3
30,75
110,52
53,3
15,47
185,10
25,22
78,20
41,32
22,30
19,24
42,14
14,52
50,58
74,25
40,76
16,70
92,19
187,5
76,103
48,5
33,14
132,133
25,67
15,9
50,3
40,71
138,18
41,59
96,69
50,184
21,31
31,93
100,5
127,43
24,92
43,25
30,28
27,105
146,227
115,25
24,29
51,7
28,75
67,97
124,118
105,50
53,4
108,84
53,107
27,61
149,3
23,8
33,73
43,70
98,7
22,15
44,6
16,66
24,23
111,40
65,5
160,57
58,47
39,20
72,10
57,23
15,11
22,76
30,26
47,12
22,13
24,61
71,41
107,30
48,3
144,59
18,23
18,18
68,20
80,104
34,2
33,3
47,44
54,9
59,20
26,5
75,110
138,21
193,61
36,6
32,11
97,12
79,26
31,5
43,154
79,7
103,17
61,24
67,35
16,12
18,19
28,46
44,54
41,11
105,19
57,9
23,46
150,5
55,44
16,6
157,17
63,11
64,35
96,46
30,52
237,29
19,25
50,3
42,15
62,32
31,16
42,13
66,4
53,6
22,13
14,5
259,32
74,4
76,85
86,3
32,49
80,44
19,23
58,17
18,17
54,52
61,29
178,87
64,25
84,121
46,42
96,47
20,111
39,5
48,54
41,7
119,15
18,10
16,120
16,18
69,54
51,9
18,25
95,6
21,3
28,59
39,20
16,20
94,11
68,2
42,19
22,18
88,8
109,45
60,18
17,42
39,96
106,22
117,37
46,61
17,14
213,13
60,21
50,53
61,29
142,70
19,51
52,194
63,92
145,23
200,11
35,63
20,100
19,32
103,8
98,15
81,13
16,4
19,69
25,47
20,13
23,9
105,23
43,16
128,6
57,105
31,39
57,85
67,2
18,86
30,30
55,41
55,18
55,3
31,56
61,51
21,17
52,12
15,33
37,51
29,29
80,7
29,9
31,15
14,12
77,96
16,154
255,13
18,8
20,130
90,4
80,31
178,68
42,34
88,34
66,4
54,21
34,9
98,50
196,17
20,43
24,42
28,7
46,24
15,38
104,85
34,15
130,32
37,108
98,49
75,6
25,15
57,57
28,37
48,37
134,13
23,91
56,88
141,116
51,51
74,49
83,53
118,14
109,2
57,211
84,9
83,45
48,134
75,10
179,65
44,58
45,15
71,113
267,54
20,6
118,41
62,17
35,33
18,18
33,35
89,4
34,19
30,144
70,55
101,41
52,36
118,17
58,6
68,65
170,73
242,70
96,4
92,186
153,9
16,17
23,16
54,59
91,21
105,44
61,39
114,16
61,43
41,63
55,26
33,35
58,16
155,27
83,40
52,3
30,20
62,37
28,131
37,4
136,73
87,23
69,24
40,2
46,22
17,13
20,62
48,57
23,79
47,48
99,34
32,14
57,32
82,50
48,156
147,7
53,113
51,25
35,30
81,14
47,16
147,26
161,42
67,64
75,72
40,13
104,48
79,14
15,23
17,81
109,3
49,14
78,17
21,40
54,19
26,20
196,7
35,28
38,27
225,14
30,32
22,14
38,50
21,6
30,36
137,44
20,16
26,34
35,23
119,7
132,2
51,10
63,81
33,9
88,76
49,22
82,9
141,56
15,17
45,55
43,11
42,17
166,126
182,100
41,4
44,99
63,16
200,39
25,55
119,49
40,4
48,52
20,51
164,37
38,14
55,17
273,64
281,60
26,6
34,42
62,31
21,15
125,78
122,10
31,34
36,8
56,18
70,58
61,5
70,73
50,12
107,191
28,72
47,165
106,9
225,7
81,8
258,11
87,5
135,64
99,36
74,39
49,13
62,42
21,84
17,159
55,40
50,10
94,15
68,23
91,129
71,5
33,76
52,23
92,23
101,69
36,56
142,7
135,26
27,19
52,29
44,21
25,36
63,23
125,91
16,150
30,47
23,3
246,13
18,28
18,32
33,20
21,97
44,52
168,26
15,41
134,28
37,35
104,115
26,12
71,34
81,17
95,37
43,89
87,18
61,27
73,11
20,108
19,20
55,2
49,45
90,38
21,3
207,28
28,9
27,2
116,5
27,15
69,33
40,16
117,6
59,111
237,70
28,34
64,19
34,8
72,5
40,39
27,32
204,29
31,10
20,60
86,32
45,22
19,33
27,54
45,4
25,3
17,41
15,102
16,109
99,34
16,41
27,28
36,40
124,129
38,18
121,19
36,11
164,30
148,21
72,26
16,6
65,68
42,5
25,2
41,129
27,39
43,54
211,4
143,68
76,34
15,13
74,9
15,82
47,4
16,12
27,49
130,72
59,30
46,146
48,3
74,19
115,38
107,121
17,32
37,121
59,24
48,31
63,20
214,25
39,33
19,28
24,20
22,6
161,83
18,17
89,3
67,39
94,178
64,39
32,57
139,8
64,11
52,102
65,7
46,212
86,5
33,75
30,10
57,12
88,5
35,30
30,24
15,22
19,5
20,53
33,99
88,51
42,37
199,63
37,10
79,15
24,80
266,61
71,29
49,67
105,5
16,23
52,94
85,16
50,34
90,41
73,46
87,185
40,117
59,9
32,52
141,82
61,23
24,20
50,82
96,21
18,65
75,13
34,61
60,19
34,15
21,78
81,3
28,44
84,57
16,47
79,13
35,32
44,64
35,55
47,12
25,35
86,27
17,21
32,65
38,14
49,24
55,15
70,116
64,43
52,71
71,99
106,8
43,84
64,17
103,65
55,27
48,7
91,17
46,7
22,34
20,24
102,5
67,49
53,10
35,5
15,31
55,43
58,32
102,6
19,12
21,71
80,17
84,49
285,45
51,93
199,44
31,130
16,17
27,38
24,26
71,39
25,31
71,123
131,5
106,28
39,45
139,39
123,32
41,22
54,43
40,38
25,100
71,20
25,5
154,47
24,15
39,37
38,124
14,5
80,7
48,13
43,35
25,41
42,23
47,55
69,78
64,82
25,6
53,16
33,5
25,20
47,24
35,127
60,30
17,23
72,16
65,29
77,95
51,4
32,61
41,26
129,124
18,26
76,57
47,42
59,7
97,140
249,40
16,33
20,49
59,4
49,86
131,41
14,2
47,30
17,13
171,23
16,26
136,79
55,7
23,10
24,78
41,14
39,28
15,30
23,90
90,73
48,27
26,80
24,14
25,7
65,25
71,48
38,4
80,6
25,11
35,46
66,16
31,37
34,84
38,15
165,42
37,3
63,53
124,24
86,158
53,16
35,104
28,32
20,32
184,184
19,23
33,47
184,172
25,12
42,81
21,15
20,74
33,65
112,13
18,139
92,45
19,46
25,58
63,23
28,13
23,17
146,36
109,17
89,29
22,10
32,29
105,27
31,8
40,41
178,14
15,34
69,67
25,6
52,110
153,62
213,33
22,4
56,6
156,10
56,87
69,30
112,15
31,14
67,22
26,9
136,11
152,8
35,11
43,31
29,14
113,55
34,13
46,65
21,99
31,31
23,29
26,106
39,34
86,48
28,6
27,2
31,19
31,36
136,18
123,12
38,210
37,58
25,74
106,118
45,24
36,27
32,43
18,13
56,6
106,4
136,79
80,23
68,138
47,20
47,20
137,13
53,23
32,89
83,54
42,20
116,96
163,3
203,16
125,92
151,10
63,75
33,5
68,70
267,40
44,17
62,50
82,19
42,41
29,127
81,19
19,26
31,130
110,13
23,21
35,59
62,27
81,20
139,3
66,32
134,33
126,4
65,8
48,24
61,20
32,62
109,12
175,44
21,43
166,56
50,31
66,67
38,40
41,3
58,4
261,79
82,13
21,4
17,8
72,26
77,5
52,123
89,20
114,13
28,56
42,15
29,43
33,9
192,14
49,6
21,22
62,24
24,12
15,12
28,34
19,57
94,15
74,49
106,33
33,65
77,6
39,36
26,43
59,10
102,3
162,4
217,6
15,24
76,150
27,11
165,33
30,5
43,4
32,23
60,51
55,6
68,64
18,10
25,8
210,43
70,6
37,80
177,54
259,26
29,27
64,43
24,53
182,37
28,11
82,51
34,24
23,3
102,118
226,98
32,150
40,60
23,9
28,31
21,18
60,63
196,62
147,46
99,41
20,85
20,19
66,10
69,7
51,14
42,27
19,4
40,71
228,114
28,7
43,59
124,25
70,60
49,54
26,98
26,40
17,75
155,15
94,30
67,34
34,29
134,40
69,5
21,118
41,3
139,73
16,45
68,109
111,13
28,2
24,12
63,27
23,49
73,11
35,81
51,47
30,13
94,11
82,28
28,12
40,85
35,94
96,5
60,29
44,64
82,3
37,47
30,46
30,46
35,15
27,3
69,103
31,2
30,91
17,14
54,2
68,234
50,124
38,64
84,3
109,6
17,2
171,70
96,2
87,101
25,20
22,35
17,80
22,15
37,24
14,56
46,47
56,35
59,20
14,24
64,44
210,61
37,74
41,121
64,70
52,23
31,5
160,155
52,16
36,5
81,46
58,5
79,50
57,59
90,41
108,36
38,59
62,52
37,12
53,4
102,7
151,2
25,20
114,38
68,37
42,41
52,108
17,65
65,109
41,35
116,32
48,84
50,44
43,14
52,6
31,29
19,86
57,149
39,3
44,16
44,122
98,16
104,11
140,7
24,75
19,10
81,6
17,34
58,67
28,58
40,120
35,5
14,36
15,65
113,16
54,105
67,85
14,8
107,87
127,16
23,96
69,85
20,35
246,17
95,7
229,17
72,75
59,75
74,133
34,38
72,115
40,24
47,62
56,32
171,12
117,32
121,53
35,11
18,58
27,56
51,67
109,4
23,9
80,7
82,108
33,64
51,18
57,57
18,26
19,17
37,24
24,25
43,29
67,26
122,35
142,10
95,23
44,55
109,27
24,6
123,106
97,26
283,227
95,13
75,8
33,59
90,13
81,14
297,40
37,14
66,30
25,82
34,114
104,81
39,94
38,76
44,27
20,25
147,31
70,16
22,75
25,12
48,4
28,15
209,14
47,14
35,106
18,32
127,6
24,42
25,83
37,23
107,14
25,6
15,19
103,8
65,121
62,12
71,29
81,125
16,16
29,14
66,74
134,28
63,64
83,15
91,25
85,45
89,25
89,79
108,3
20,52
98,29
40,9
61,12
93,13
49,21
21,22
190,8
19,21
20,49
69,115
37,16
40,28
34,22
26,20
24,48
32,9
39,64
53,69
32,11
51,17
51,40
25,44
18,32
103,41
96,60
48,52
21,16
61,17
21,87
21,69
47,12
163,13
21,2
56,29
255,14
30,83
96,162
18,11
45,69
22,26
36,33
21,9
74,32
14,23
42,14
28,41
157,67
51,51
81,37
25,63
67,41
68,14
151,176
68,9
86,20
36,31
114,84
14,39
18,6
53,34
96,30
43,35
108,19
77,65
20,39
21,5
58,74
21,76
35,6
83,65
44,47
33,12
48,25
65,63
120,13
41,45
60,78
24,57
27,31
49,39
26,3
89,127
16,43
170,18
77,145
41,63
27,20
76,34
42,41
25,114
21,12
22,6
34,3
15,70
19,15
210,117
28,121
220,50
148,46
86,42
42,43
93,23
79,25
19,62
40,20
32,42
16,66
21,23
72,21
186,176
20,100
51,11
65,85
182,21
22,11
19,18
46,20
23,12
28,25
27,66
67,63
139,74
47,29
21,12
83,3
36,181
135,5
88,14
44,9
15,6
225,64
39,18
21,16
62,17
130,9
64,44
41,8
33,16
96,18
75,2
36,4
40,82
207,53
94,10
50,8
88,12
19,38
48,77
31,70
15,119
46,35
30,43
39,13
25,45
30,10
74,17
160,57
49,25
44,28
36,40
39,12
49,55
25,50
68,122
80,22
80,19
154,89
135,80
37,5
92,44
24,51
26,11
20,98
88,6
48,26
54,80
206,7
29,34
85,56
156,64
29,9
28,72
71,37
36,4
34,55
53,8
26,6
21,3
46,62
159,10
43,17
65,53
26,40
81,25
22,32
35,51
65,25
65,37
61,47
40,12
58,8
24,59
239,26
31,73
76,33
30,8
69,15
111,30
46,14
33,29
50,120
64,14
21,73
76,53
135,6
28,63
68,17
50,22
25,23
17,10
65,2
37,3
107,24
77,100
59,78
140,99
58,3
16,32
35,32
16,7
69,227
52,28
17,104
118,12
18,27
70,158
67,58
155,22
16,3
128,28
54,6
21,10
166,62
87,37
97,40
123,13
148,60
70,36
110,5
111,11
39,55
50,61
43,24
84,33
117,106
108,31
20,56
20,23
37,87
85,88
15,27
17,48
72,6
28,20
83,51
31,47
55,202
62,74
28,15
69,14
231,9
24,10
46,46
60,74
27,3
17,65
24,67
21,27
64,11
54,4
148,5
185,58
106,25
200,20
71,8
101,31
109,65
83,128
50,3
128,16
102,14
63,92
30,29
129,14
51,53
24,93
112,57
58,13
137,43
56,8
76,37
55,18
33,96
22,66
27,5
28,31
93,3
66,38
23,60
111,30
15,7
124,12
28,92
102,64
110,56
87,22
24,59
23,158
59,9
55,30
62,17
49,16
30,42
31,25
28,27
78,9
37,170
50,74
36,55
138,12
72,9
52,146
36,6
43,36
48,20
43,15
26,37
62,16
28,76
27,34
147,53
51,34
122,6
95,39
31,17
188,69
30,35
24,109
60,94
87,12
65,47
52,18
15,32
122,93
87,39
122,31
56,63
45,34
18,87
69,12
95,10
47,8
53,109
25,3
27,102
53,12
16,49
60,3
59,6
30,11
14,10
178,21
27,30
14,56
24,3
23,77
62,18
109,40
37,7
17,21
54,58
74,150
103,28
107,10
28,56
37,3
151,181
263,54
21,71
75,18
76,70
37,55
43,173
25,19
210,4
30,48
17,69
68,32
46,34
48,70
29,17
38,28
53,93
56,23
63,189
58,8
31,25
59,42
125,27
80,57
34,102
79,31
62,27
55,53
71,80
61,21
45,35
185,20
96,96
39,150
52,17
66,24
183,26
82,42
29,3
83,5
180,43
77,17
68,28
24,25
33,22
130,101
30,13
75,29
76,48
28,83
22,24
66,24
80,60
131,5
82,68
99,10
32,44
54,6
61,3
17,43
45,11
119,57
21,146
65,27
123,89
213,65
152,51
58,104
28,40
51,19
74,110
45,98
22,74
17,36
68,119
50,2
118,153
17,19
41,4
44,28
142,93
113,66
20,97
127,22
64,33
83,14
81,9
34,7
49,18
25,27
41,111
66,7
16,24
27,11
161,25
35,50
20,12
41,32
19,71
55,29
15,22
40,33
73,14
65,16
214,3
42,36
49,18
126,25
15,6
17,51
123,9
209,13
93,7
73,34
45,6
31,28
83,93
114,31
55,30
79,2
16,15
188,46
64,11
102,9
67,29
240,34
43,33
70,7
159,218
56,31
16,89
176,6
93,67
69,7
69,14
74,23
83,56
184,11
16,22
82,13
58,97
24,13
68,115
96,139
25,53
49,4
18,93
65,74
23,58
25,7
46,12
47,116
17,92
52,14
16,101
30,39
48,8
16,21
38,152
31,5
20,36
60,22
40,4
156,39
133,39
68,57
14,14
26,23
170,13
87,37
43,8
21,36
41,44
18,56
124,22
21,40
30,64
45,21
23,156
81,118
32,24
70,34
55,53
87,15
59,64
37,3
58,15
21,216
49,30
84,48
82,24
15,101
34,30
150,23
82,95
34,44
60,98
29,2
26,29
70,71
283,35
39,7
48,68
71,81
119,80
111,50
196,5
17,16
14,13
54,45
90,5
30,93
55,3
25,19
25,3
123,58
81,8
88,16
50,71
30,82
21,69
77,13
94,35
126,80
44,89
92,42
20,104
60,17
26,168
35,145
83,20
83,68
35,54
39,238
42,100
67,29
168,28
94,4
212,22
28,64
181,56
35,195
30,67
30,4
111,5
60,23
22,10
15,16
108,28
49,6
70,143
107,26
77,44
35,23
62,20
35,13
33,62
19,73
26,37
53,36
45,83
103,10
136,158
46,25
53,72
18,57
84,15
31,17
19,84
119,50
74,16
102,29
37,7
36,44
100,4
61,14
104,17
31,37
15,6
26,31
100,17
35,11
128,132
141,63
130,9
23,44
47,33
46,95
17,62
29,72
64,15
62,49
88,30
35,70
46,77
19,14
148,12
17,15
89,5
36,109
48,221
23,5
54,70
35,52
50,98
22,111
80,12
100,59
126,6
58,10
52,27
15,54
15,24
21,65
32,7
56,124
18,18
38,60
78,83
19,53
112,2
90,41
79,11
105,27
15,35
89,50
53,15
15,122
82,9
18,20
33,25
32,60
44,99
16,30
34,10
46,98
61,37
22,22
22,101
259,32
20,42
15,82
26,42
24,69
21,21
44,40
32,41
29,16
38,112
121,101
96,11
131,65
47,10
23,125
19,50
102,43
50,11
99,137
77,47
47,22
186,49
90,50
143,39
56,11
79,48
162,103
90,95
23,6
67,62
15,15
41,73
40,12
56,99
18,60
51,20
14,126
85,85
100,7
70,130
105,61
19,30
52,4
126,147
104,55
119,79
53,15
87,14
38,4
42,4
19,55
103,9
33,37
69,66
25,13
67,31
19,54
71,8
69,108
32,11
29,10
58,40
187,96
47,65
65,18
88,68
26,62
70,37
33,53
33,107
60,7
39,5
41,38
20,4
82,6
70,25
28,66
155,2
59,54
78,20
246,43
30,31
99,8
107,47
64,107
36,49
35,12
73,35
50,140
18,50
59,44
77,23
70,9
84,12
166,66
48,52
165,75
75,2
32,103
43,22
45,79
305,16
79,31
21,47
15,10
78,40
74,94
29,11
34,19
69,103
25,28
24,36
47,78
24,29
60,42
44,7
47,12
49,110
30,53
104,17
22,37
80,40
17,26
56,4
116,54
38,37
27,2
36,26
18,32
111,63
32,64
19,24
116,43
114,29
48,72
56,18
56,104
281,28
32,16
137,8
32,15
66,97
98,112
56,7
18,31
44,25
32,65
21,43
21,155
63,31
17,47
21,61
32,61
52,7
16,10
69,68
31,32
118,18
45,31
57,35
231,64
51,3
168,4
65,39
19,50
17,8
58,31
58,8
60,39
23,27
32,18
47,19
64,54
104,25
86,3
88,57
107,26
22,81
30,9
47,38
15,29
28,51
226,59
42,85
68,72
26,10
27,12
64,43
55,9
173,30
94,60
51,37
89,16
69,53
26,88
288,5
20,8
78,26
81,13
37,6
80,52
25,53
61,24
46,39
104,28
91,35
63,21
19,25
28,8
116,14
149,29
29,17
18,23
57,13
45,106
25,20
24,19
83,21
206,71
15,95
59,11
17,14
259,9
34,57
19,84
23,15
38,53
87,27
57,19
109,19
124,85
69,17
133,48
18,16
60,23
33,41
73,3
123,51
18,9
69,6
143,32
150,65
121,34
65,24
113,25
137,131
23,33
18,17
52,22
16,24
100,6
146,7
17,22
69,92
80,39
99,100
187,20
36,7
281,101
31,37
39,50
53,40
23,7
86,7
51,91
73,6
26,10
80,78
34,22
29,65
38,17
47,65
151,57
94,11
69,40
154,102
24,116
76,22
174,27
157,45
36,36
24,23
98,20
171,18
52,32
160,41
49,126
110,86
14,11
60,51
44,7
110,29
133,69
58,4
85,92
105,66
34,11
35,40
26,44
145,129
69,61
123,11
41,26
57,12
34,37
43,41
177,17
48,9
15,13
139,18
195,23
251,13
16,7
44,74
29,11
89,61
22,99
38,85
19,41
166,5
52,21
20,4
29,3
23,25
31,30
148,42
133,12
29,70
91,111
21,6
83,18
146,142
62,29
92,31
37,67
27,5
204,81
70,49
86,3
73,19
149,85
28,45
33,47
26,5
50,24
79,225
17,43
47,38
92,24
17,30
38,47
53,19
269,20
28,55
59,9
35,8
48,5
144,65
24,7
75,27
103,30
24,18
92,7
48,13
88,58
27,8
31,67
73,47
121,13
155,160
55,39
15,13
65,4
99,81
102,13
78,74
111,43
123,13
15,9
124,34
46,13
63,37
24,4
39,26
40,67
170,32
22,13
48,30
113,7
56,18
70,86
15,10
49,32
121,21
37,83
36,33
159,44
33,35
170,6
77,5
54,73
45,42
20,93
211,19
20,15
70,37
31,24
55,29
19,14
259,13
39,61
20,91
55,20
208,10
29,24
106,31
24,26
70,16
65,25
94,47
97,23
86,6
20,24
36,8
183,165
17,107
67,41
34,54
25,30
84,21
31,73
127,10
14,15
14,7
58,70
67,15
72,24
59,25
175,12
27,14
50,9
26,21
101,55
232,24
246,43
20,15
19,46
106,75
45,47
49,15
71,30
49,38
30,46
32,47
20,3
45,5
72,41
16,23
43,9
54,72
24,27
20,79
34,24
16,88
42,59
120,94
63,85
42,4
34,17
68,5
31,4
79,21
24,8
40,15
28,35
15,12
52,130
24,39
42,20
72,57
26,121
28,18
29,39
30,162
178,6
77,20
72,29
42,33
108,15
35,122
113,19
61,12
281,10
59,9
41,134
91,52
128,13
53,38
25,27
163,10
38,57
16,84
55,12
52,83
114,22
222,80
51,45
33,70
35,81
52,5
44,4
20,29
68,6
26,30
67,73
16,20
45,54
32,63
22,23
91,208
121,53
28,4
20,37
71,45
109,76
55,6
30,24
63,6
19,43
35,21
32,47
48,53
162,24
49,38
34,61
42,83
18,154
22,63
28,8
81,36
33,44
17,19
17,7
69,2
20,28
47,45
137,29
52,9
36,28
47,53
77,42
32,67
23,73
23,155
22,48
25,15
16,17
61,27
57,14
38,144
55,9
55,5
49,3
19,26
20,4
204,78
20,15
42,84
89,56
89,20
18,9
18,38
114,29
148,5
68,52
121,105
15,4
37,15
16,69
69,11
44,63
63,8
144,33
14,30
103,6
31,8
57,18
51,3
128,27
45,87
46,64
77,25
23,32
134,67
61,99
44,53
40,20
34,29
149,17
62,72
73,30
44,58
15,12
34,19
25,55
50,24
28,11
173,27
36,40
82,39
40,56
23,42
49,63
47,9
60,12
20,38
91,21
94,37
51,62
20,28
66,23
19,22
59,8
66,14
23,92
58,17
45,3
106,30
65,23
21,52
37,50
17,28
44,17
187,7
66,17
26,42
15,16
96,74
35,17
137,11
45,6
35,93
63,31
50,117
42,36
35,21
42,26
18,55
37,26
36,38
48,43
57,4
15,25
141,49
25,8
93,46
21,18
16,29
24,3
34,89
92,5
50,53
70,33
85,48
37,22
126,76
59,6
16,71
28,73
70,4
37,60
30,47
16,8
152,136
26,145
38,12
18,69
18,57
86,17
47,5
37,20
89,84
44,43
33,19
68,26
71,37
19,38
113,33
43,69
129,50
25,33
117,118
25,74
54,60
71,9
34,40
96,64
74,25
22,6
61,54
33,7
76,13
37,7
70,4
102,90
75,29
108,82
162,40
43,13
15,98
49,71
28,11
18,67
33,34
15,82
17,120
31,55
82,7
16,42
21,186
34,19
85,14
72,43
70,63
99,51
23,21
53,86
100,2
95,84
66,45
46,11
21,64
18,13
21,69
39,32
22,28
133,13
27,58
41,45
15,80
70,10
66,22
17,72
59,16
47,42
44,83
68,112
21,71
58,3
17,18
122,81
41,4
80,32
124,55
37,111
160,24
98,3
137,51
50,68
162,57
64,28
49,14
34,24
49,10
43,10
88,7
65,2
43,31
64,27
30,9
30,6
53,38
37,14
130,4
33,20
15,47
108,34
46,3
68,72
66,73
37,76
18,49
19,2
68,16
33,100
37,6
48,18
48,8
45,31
86,15
35,10
80,4
57,44
130,212
83,10
84,3
60,8
143,167
15,63
37,18
29,6
21,7
31,10
59,71
50,29
58,32
163,29
107,55
41,4
47,19
98,25
47,84
83,20
75,10
47,21
17,49
48,53
83,15
58,20
151,20
155,121
17,9
85,5
34,78
21,62
66,109
127,8
14,3
99,31
139,12
47,31
14,36
228,3
21,126
72,37
21,14
58,56
51,143
205,35
174,70
19,23
29,135
77,111
224,6
19,19
64,112
39,5
43,16
51,4
25,44
72,31
54,35
52,9
85,15
59,13
44,3
37,11
24,6
91,62
27,10
27,27
189,48
34,64
79,8
104,34
181,5
15,45
90,2
69,19
34,48
137,83
35,27
20,16
132,88
33,62
120,91
20,32
174,70
71,42
22,33
71,65
39,103
56,34
51,137
30,13
48,49
34,27
105,81
16,27
182,62
185,24
62,104
78,46
76,5
35,7
21,140
76,47
87,49
25,149
16,11
25,25
66,100
24,3
28,10
61,17
42,20
23,89
111,79
96,6
52,62
15,97
42,52
162,3
25,57
25,100
107,64
44,3
15,24
33,3
244,15
21,74
102,3
19,33
68,50
41,20
234,59
128,9
41,25
21,71
48,45
57,47
23,25
115,32
15,24
119,46
24,11
153,3
14,59
35,127
37,3
35,7
127,31
285,28
39,117
187,81
17,20
48,14
22,155
66,7
16,16
27,49
46,125
32,44
71,39
20,6
41,122
96,105
31,4
168,33
40,3
144,59
79,44
38,2
150,45
73,15
83,98
45,70
35,12
47,62
29,4
80,4
50,87
36,110
68,61
26,5
69,66
42,58
16,34
235,19
163,50
81,125
39,70
62,96
19,47
33,12
41,154
34,58
161,81
16,3
110,75
112,58
23,31
34,32
98,28
40,92
42,66
28,59
55,19
143,17
85,93
53,4
91,122
29,69
34,6
93,99
42,42
24,209
58,5
91,8
59,48
15,13
157,52
38,9
99,17
33,148
58,91
307,20
49,15
202,30
132,8
52,187
26,115
26,34
74,12
171,69
50,223
40,34
54,16
191,43
19,13
52,50
33,37
20,14
30,6
86,53
49,13
43,4
86,22
30,5
14,34
68,6
191,72
37,23
20,67
88,7
20,206
97,64
151,29
81,65
32,28
114,21
50,42
33,23
60,87
178,233
24,44
54,61
69,27
28,34
45,71
57,36
54,51
48,15
69,20
81,23
18,33
101,65
117,22
44,3
31,33
55,84
42,14
115,63
149,109
163,51
47,8
23,31
82,89
142,4
27,47
46,92
168,195
22,29
195,28
14,136
32,28
137,30
57,30
40,53
21,23
78,16
32,28
17,19
16,97
24,42
26,106
116,5
183,14
15,52
81,12
26,41
29,17
48,132
41,9
23,53
17,177
33,13
55,61
129,111
56,55
39,22
27,39
27,66
18,39
85,14
59,31
64,5
70,11
23,16
88,26
18,32
40,36
53,7
167,9
46,8
68,20
34,45
28,56
37,6
25,9
176,10
123,9
185,58
52,8
97,9
37,27
18,6
43,9
55,29
62,14
18,109
215,6
30,123
73,11
51,18
36,105
73,82
91,70
243,18
18,105
119,17
41,22
16,45
64,8
21,33
16,42
80,69
22,69
47,51
73,41
112,8
149,80
105,23
25,104
28,190
29,40
36,20
145,58
42,20
136,146
54,63
69,30
73,5
113,7
16,20
28,35
286,7
62,43
80,27
65,46
82,40
61,83
47,39
90,34
29,56
22,19
70,27
217,20
61,2
66,42
124,11
189,26
116,15
27,11
43,16
112,5
56,69
99,5
53,78
75,18
141,42
61,61
30,16
29,25
18,48
40,45
34,12
79,33
66,7
98,29
23,10
23,29
49,8
78,6
28,44
74,36
19,110
51,7
58,21
25,33
36,32
90,9
14,38
62,21
25,32
237,26
88,99
94,45
64,23
94,105
51,84
60,7
30,31
108,3
55,7
39,81
27,27
15,21
63,13
20,52
44,51
24,48
53,41
254,9
22,37
43,23
58,55
39,23
48,3
28,14
48,24
32,114
14,9
18,82
42,27
104,47
56,11
93,20
40,43
32,61
50,9
19,36
17,94
46,13
23,32
18,14
105,5
37,65
48,18
30,4
89,36
67,25
69,86
29,42
29,8
28,17
37,112
41,148
37,47
114,3
20,9
36,19
70,135
82,44
28,79
45,29
37,67
41,50
41,23
103,41
53,113
54,2
156,58
56,51
28,71
21,29
25,74
32,22
26,128
22,73
22,91
17,19
33,8
68,14
34,9
62,5
108,53
46,9
20,17
20,123
163,4
18,122
30,48
15,30
18,58
109,49
128,44
25,13
31,49
37,39
29,61
19,7
74,67
80,9
27,44
220,63
40,20
26,51
29,62
60,25
75,37
20,25
68,61
114,13
22,79
73,52
61,8
20,46
85,33
18,99
48,20
16,15
137,26
80,53
201,24
199,38
27,16
117,17
40,12
48,30
24,30
40,3
26,87
46,20
82,13
93,16
80,39
30,38
83,107
146,26
57,15
144,36
150,35
44,16
21,52
105,9
26,23
27,80
25,33
67,44
23,214
24,22
170,47
93,7
21,36
71,15
41,63
17,77
34,48
41,29
21,17
62,19
182,19
216,17
27,35
47,32
30,25
206,3
26,4
47,21
78,14
24,17
63,105
41,71
44,24
17,69
22,35
69,6
33,6
53,48
27,34
40,62
67,67
41,46
38,17
17,47
57,76
61,14
82,66
16,18
68,51
59,35
16,61
61,47
68,22
94,12
223,13
40,79
145,12
76,74
15,12
49,204
98,22
59,34
23,34
16,34
15,11
45,94
38,59
51,21
63,10
18,8
38,27
85,158
91,6
50,16
40,93
52,4
38,34
53,53
101,90
42,7
33,10
36,4
36,50
228,118
45,15
26,20
25,98
97,9
94,13
28,45
49,35
52,27
79,84
34,8
21,13
33,16
112,30
181,39
58,65
53,11
38,36
17,12
19,133
27,30
47,3
195,37
88,45
41,7
21,11
78,30
160,14
28,44
70,34
18,137
80,17
57,46
46,63
50,71
131,11
18,80
310,82
24,88
98,102
19,9
47,7
52,41
43,53
108,16
30,13
113,43
98,3
53,46
131,31
40,39
75,82
39,5
70,17
26,36
80,10
85,9
17,40
47,12
99,60
26,11
51,4
80,7
43,47
120,8
25,66
54,34
44,16
18,10
30,20
42,17
66,18
68,20
15,7
18,86
16,49
44,11
42,42
71,40
26,10
25,36
44,212
98,122
131,100
30,29
138,17
100,73
33,22
28,7
56,7
140,34
59,54
115,9
20,47
36,15
127,9
78,7
134,9
100,133
121,3
21,52
123,59
21,63
40,22
24,33
16,6
146,41
55,32
21,71
40,30
139,166
34,22
84,5
21,28
36,80
57,99
76,118
78,26
40,62
87,73
150,139
116,6
46,10
44,117
68,5
22,48
44,33
36,120
38,7
66,4
16,16
75,62
46,47
135,11
124,35
20,11
38,15
165,17
41,3
40,72
131,57
36,28
98,8
170,75
51,26
130,16
54,7
168,5
47,46
44,69
15,15
65,49
21,3
50,5
54,26
178,84
110,4
59,29
38,57
20,23
55,26
28,93
35,16
39,32
146,28
61,39
200,46
86,54
180,59
88,75
30,3
37,6
150,13
84,36
125,18
29,26
16,10
94,44
25,55
84,30
65,60
91,64
208,52
38,5
161,23
29,48
30,71
183,24
34,83
64,43
196,157
28,29
51,19
200,10
36,108
48,9
50,19
21,87
52,31
21,32
52,106
28,27
45,7
183,12
44,73
37,6
48,14
17,5
45,18
25,79
102,38
133,4
17,21
80,15
37,75
132,54
67,77
93,21
67,7
48,72
47,23
61,76
22,8
44,35
90,65
51,17
14,46
48,70
31,5
84,15
73,47
48,9
25,58
78,10
22,115
18,13
49,12
38,90
86,18
81,16
53,11
39,29
130,2
26,152
37,15
33,12
85,7
28,99
25,15
102,8
17,11
75,9
60,21
49,12
20,23
15,14
116,25
142,22
40,133
35,22
21,30
40,50
20,42
109,4
20,11
43,7
120,28
29,44
33,90
26,10
47,71
49,26
44,13
25,3
86,20
69,77
21,6
35,65
23,47
21,29
122,3
36,44
70,94
20,15
128,28
45,40
31,56
56,21
143,26
34,12
33,64
218,14
67,13
111,35
81,11
30,7
28,42
16,44
52,17
46,5
26,28
45,68
80,72
131,5
16,10
65,6
27,53
36,141
287,10
149,5
110,9
112,47
30,121
78,56
63,8
42,53
113,8
88,11
78,46
50,2
94,7
45,48
74,7
158,66
57,86
78,57
48,19
310,20
27,39
115,4
212,20
133,4
41,111
35,26
45,63
53,144
55,16
73,27
51,29
28,10
22,23
20,10
28,11
49,108
77,2
220,49
89,21
179,47
113,36
16,134
60,4
19,18
108,33
35,33
23,25
39,52
24,92
28,25
90,2
83,55
16,12
88,8
53,5
33,18
48,3
141,48
44,4
62,7
17,4
106,3
44,83
124,3
22,75
92,22
174,86
134,69
135,7
82,4
34,50
50,5
31,9
100,3
41,34
72,32
75,12
80,43
28,158
65,16
85,18
107,45
118,41
21,48
43,7
40,6
19,16
117,31
52,63
103,48
127,55
20,65
53,4
50,81
28,14
33,4
99,3
71,31
65,32
117,18
31,110
117,29
116,8
92,14
80,5
59,10
58,21
215,201
94,16
33,18
48,42
49,36
15,69
15,23
31,30
15,132
28,26
38,18
148,42
158,18
117,13
87,42
37,9
39,5
30,2
24,117
53,4
31,4
14,94
195,57
57,185
26,46
52,14
61,50
92,28
15,53
34,41
66,53
168,59
31,4
41,62
15,33
15,139
67,28
46,11
113,17
27,48
60,23
50,21
41,2
38,24
85,22
77,29
46,10
63,58
178,25
148,3
62,39
27,33
76,20
36,31
37,60
52,33
43,112
63,40
122,22
243,36
17,74
60,10
94,59
226,123
19,2
168,14
71,32
34,186
18,99
18,13
108,65
62,30
33,12
61,63
49,36
131,27
147,39
79,14
97,3
47,49
101,14
129,31
114,131
18,47
38,37
166,17
48,5
16,71
70,75
27,85
15,16
24,85
27,118
43,59
28,10
26,7
15,125
41,78
18,16
63,4
60,31
142,18
17,41
27,31
18,34
77,59
93,153
43,55
63,98
110,16
33,9
27,61
126,31
41,17
60,2
29,34
102,5
121,14
43,6
44,35
56,7
53,36
70,157
72,4
23,52
72,25
16,40
27,110
19,57
104,44
90,17
27,73
31,18
78,12
152,20
26,62
74,103
48,3
130,2
25,83
35,21
53,12
21,34
62,43
21,27
61,24
24,24
36,10
36,55
61,47
102,29
23,57
62,102
28,61
159,45
40,27
97,21
14,19
29,43
41,23
62,56
23,20
18,24
21,29
23,21
83,33
30,8
28,89
16,23
51,5
32,6
139,53
190,120
45,8
189,96
28,3
26,8
19,36
100,75
258,154
200,42
22,11
36,36
111,18
14,15
67,95
116,89
69,8
63,80
62,13
57,36
15,59
40,35
108,44
102,40
50,87
28,21
95,60
42,41
40,66
69,93
46,27
17,16
116,209
149,81
203,45
15,92
155,44
20,118
27,22
41,20
130,18
151,185
51,23
47,38
140,21
92,41
122,6
69,23
103,4
32,23
126,6
26,37
35,3
107,80
33,54
39,16
77,6
51,13
38,41
17,7
44,26
166,21
141,9
106,34
83,3
108,37
35,24
168,19
74,24
156,24
53,15
25,14
75,86
19,5
45,12
19,9
32,3
19,58
62,22
29,65
34,31
221,4
71,14
17,68
125,21
68,18
16,122
48,11
148,14
29,22
159,51
66,30
29,50
24,13
91,59
16,46
18,2
17,50
25,59
46,13
44,23
96,46
115,42
85,59
21,39
109,9
51,3
65,30
37,70
53,14
50,60
16,4
79,9
250,11
39,67
20,19
21,111
43,8
37,53
25,92
56,27
21,29
180,88
87,20
131,55
260,23
211,141
82,13
88,30
79,34
15,10
51,32
176,19
24,23
56,35
28,23
62,37
52,11
57,28
49,84
27,8
36,74
26,45
63,55
87,11
108,51
140,64
38,8
83,144
20,35
27,24
14,48
41,65
114,40
62,80
110,3
57,38
66,10
26,14
99,23
41,14
142,13
126,17
19,39
15,79
73,93
46,57
121,4
73,45
60,7
106,15
47,9
18,20
154,28
17,12
90,41
16,25
68,72
96,20
51,36
140,140
27,12
22,50
44,53
52,26
103,10
102,28
20,8
43,55
131,31
40,18
122,9
20,29
116,12
72,34
55,17
54,3
143,8
51,6
51,30
24,13
112,51
39,8
19,42
21,59
16,7
20,18
80,33
145,44
25,81
35,44
34,60
54,28
28,38
53,7
89,40
42,49
33,49
85,28
192,29
51,34
120,20
62,38
48,34
38,104
89,34
18,26
69,6
159,15
48,146
33,22
21,64
57,77
86,97
128,17
71,32
112,71
54,11
40,119
28,28
18,52
54,19
38,50
53,5
19,27
67,37
23,70
92,108
67,29
68,48
40,60
52,6
36,111
30,16
47,39
40,44
145,2
127,9
59,10
30,20
110,42
38,26
20,22
14,43
22,32
84,16
20,8
79,8
57,10
109,2
213,37
17,14
80,84
27,65
90,79
47,17
155,31
25,12
36,48
118,18
127,3
43,38
58,27
70,88
57,25
129,3
32,64
167,76
42,30
38,21
21,13
47,58
31,92
50,44
95,111
102,100
89,47
26,55
39,63
27,27
17,69
19,59
68,11
25,16
121,68
39,76
149,52
87,135
61,31
51,38
29,28
17,79
32,99
37,65
110,141
108,62
30,40
33,31
144,42
258,62
41,49
19,51
27,14
111,13
79,62
88,6
70,25
26,32
35,42
61,9
21,14
30,10
68,14
61,23
32,27
116,4
27,12
64,15
95,3
44,67
69,52
41,12
61,58
45,8
35,97
19,86
75,17
52,29
35,61
57,83
41,65
18,47
139,11
43,34
69,18
50,5
129,175
60,13
44,7
38,71
19,25
33,100
43,75
14,56
34,14
165,45
41,72
66,11
22,110
55,43
59,18
40,124
14,69
23,99
28,57
128,24
22,30
31,27
64,59
28,15
26,55
42,34
125,152
33,4
33,13
44,191
23,143
90,8
45,47
42,34
17,47
26,12
110,15
67,23
32,26
82,19
17,19
81,26
32,42
22,6
96,45
48,128
125,33
31,12
103,153
16,49
93,32
60,16
54,26
18,166
22,108
67,44
21,13
46,43
80,72
88,8
177,103
138,16
41,68
204,106
67,85
57,35
67,7
138,37
35,168
57,88
25,9
83,74
30,87
210,24
127,36
73,36
133,24
22,79
79,27
141,33
139,19
58,27
174,60
22,56
28,17
26,64
75,12
59,4
173,52
51,13
66,36
88,4
88,10
48,19
49,89
17,58
96,12
79,47
19,36
84,4
91,97
161,37
58,10
76,59
34,11
134,54
67,83
115,25
109,6
55,65
21,46
170,27
18,31
26,4
40,51
162,20
16,9
25,16
90,7
47,36
15,45
49,39
54,5
30,74
55,28
19,15
198,7
45,22
60,47
181,36
30,13
185,12
60,26
42,72
18,32
16,15
30,4
18,4
25,16
45,12
199,38
22,11
40,49
31,10
14,101
14,12
81,30
69,96
54,25
258,24
27,21
22,42
37,6
95,9
16,14
30,25
34,168
15,20
24,49
73,3
15,27
133,9
27,4
74,29
35,34
34,24
27,42
45,123
52,34
96,48
85,28
53,8
127,3
23,31
78,10
92,46
75,9
216,42
79,81
65,11
36,19
139,19
98,126
26,24
50,202
42,20
27,28
60,60
16,20
88,108
88,88
90,227
25,33
76,47
14,17
74,11
25,28
160,123
123,63
16,75
50,83
110,70
70,4
43,141
30,10
56,11
136,24
18,104
35,26
33,88
29,10
46,16
16,148
167,4
79,5
113,15
37,86
15,88
55,19
70,22
24,46
91,36
82,9
32,15
26,13
60,15
122,83
81,26
31,93
44,8
88,4
98,15
79,27
23,11
172,22
144,51
14,7
76,4
25,77
121,25
74,93
35,35
113,9
21,99
36,4
88,16
46,49
27,68
126,46
188,72
15,54
25,53
114,106
17,7
46,13
34,21
27,21
70,75
32,11
36,28
19,3
112,120
42,155
32,103
38,24
21,39
70,6
21,8
17,19
26,7
48,120
59,3
20,9
69,91
173,12
33,38
89,96
40,52
103,72
17,3
59,28
36,40
163,4
150,12
17,62
136,6
95,15
22,45
78,4
42,73
47,23
48,10
130,6
47,57
15,101
116,26
64,33
108,15
72,17
62,24
115,24
96,20
20,17
39,58
15,28
14,29
176,57
55,67
18,12
62,43
101,5
52,21
176,68
53,123
56,4
46,76
104,33
42,14
18,8
60,22
68,5
46,6
145,59
113,51
99,22
37,35
19,36
17,28
128,57
61,11
230,11
106,37
31,201
67,7
44,12
15,6
37,13
22,36
113,81
215,10
168,78
121,48
41,129
21,65
65,5
24,22
14,31
83,25
45,41
47,34
98,44
47,3
44,10
45,40
30,25
71,4
21,17
148,30
43,59
79,34
228,149
89,195
16,4
104,9
15,25
86,5
71,11
16,9
136,51
64,12
34,13
73,34
173,54
30,15
91,21
92,87
53,11
61,6
238,46
31,97
73,126
139,16
81,43
94,36
65,8
39,53
16,58
37,32
48,24
76,30
42,29
172,118
46,13
62,15
18,47
28,15
24,7
30,3
84,103
93,33
21,30
42,64
42,7
39,97
54,5
83,34
42,4
39,10
14,23
116,30
124,5
15,43
19,38
64,6
35,54
52,16
18,15
17,5
36,7
45,57
61,17
47,16
59,45
29,124
51,2
42,33
81,78
23,2
21,15
22,8
20,21
51,19
44,55
195,5
181,14
21,3
37,80
49,3
30,37
38,4
97,29
65,124
67,8
119,28
51,7
280,30
96,139
21,41
61,41
58,73
44,51
37,28
28,48
122,20
86,8
103,40
106,18
51,13
15,3
55,34
46,7
50,79
22,66
42,17
26,16
33,8
64,36
252,9
45,113
171,130
126,23
73,12
15,4
63,12
21,76
119,52
59,21
19,55
110,42
80,12
27,45
64,169
19,63
18,17
19,18
23,88
167,60
28,53
52,9
63,69
68,25
138,4
19,78
234,61
41,6
59,6
92,10
52,14
16,23
49,17
40,12
23,19
16,11
43,17
102,83
69,8
105,40
45,102
76,35
28,5
36,24
31,22
76,29
35,24
69,78
53,17
39,10
22,43
48,36
16,7
56,7
286,31
110,18
17,8
153,41
50,11
24,10
43,34
48,109
35,72
15,3
38,85
116,61
84,16
23,4
74,56
168,74
131,36
112,46
88,33
67,8
88,26
28,86
18,21
122,65
14,5
63,11
31,13
109,20
16,22
56,14
61,23
95,12
31,50
284,87
65,29
23,5
152,73
45,55
22,8
99,18
103,33
16,99
61,8
45,22
55,61
51,27
57,38
46,90
26,14
78,13
32,62
50,59
42,53
147,23
84,19
44,131
36,10
26,14
30,10
23,68
74,4
23,10
38,2
40,44
135,156
134,2
22,26
46,85
87,14
212,3
23,136
54,3
41,8
36,29
34,22
128,61
22,34
22,63
184,70
132,6
36,10
51,58
23,58
219,31
23,66
15,6
22,98
83,39
105,52
46,16
22,40
66,53
73,4
103,4
88,37
61,41
15,26
47,2
39,8
52,10
97,40
155,60
21,13
182,12
70,32
233,4
34,43
30,4
53,116
262,45
40,27
19,43
50,52
31,34
53,10
50,16
105,45
219,33
76,20
21,39
75,9
43,117
25,42
210,32
72,41
29,5
15,118
23,13
83,18
34,31
47,79
37,27
25,11
172,3
39,120
116,28
16,34
34,33
28,5
23,30
68,14
45,18
41,37
18,88
54,27
45,54
18,50
88,22
117,52
96,11
29,85
21,31
39,19
64,22
109,15
42,22
78,24
50,12
83,6
107,40
90,61
37,49
19,91
23,25
17,70
24,44
58,28
35,47
27,63
211,93
28,63
17,6
116,60
74,37
28,13
66,121
79,104
156,25
25,7
20,6
67,9
188,39
50,12
59,7
27,11
22,12
60,9
32,123
74,141
72,36
76,98
117,3
267,119
271,27
41,56
120,8
162,11
17,68
108,14
29,18
73,78
17,8
39,32
49,48
75,55
47,44
165,31
107,7
101,23
22,85
27,8
27,30
63,27
54,27
18,43
105,4
32,39
43,52
20,33
98,80
115,5
157,23
37,28
69,124
43,36
84,41
28,73
113,15
120,12
22,15
124,13
200,31
91,64
38,45
31,6
222,96
24,14
82,16
19,14
18,76
116,123
20,25
41,8
87,67
17,9
42,43
113,20
16,84
15,9
46,11
40,17
56,39
63,25
73,105
26,4
55,23
42,3
272,39
201,10
19,16
16,183
146,26
24,21
41,56
41,117
216,17
28,5
53,20
72,152
153,81
72,87
52,33
39,27
59,23
27,8
42,14
56,6
174,9
136,72
65,117
66,80
91,128
24,12
93,7
16,26
49,61
115,30
45,5
18,4
82,6
25,18
35,88
111,6
57,3
53,37
22,74
44,4
163,49
39,51
89,20
17,22
52,46
133,128
20,61
128,28
49,25
127,47
21,18
15,5
44,82
56,42
22,60
39,39
34,6
29,27
96,25
39,87
61,32
87,74
15,19
139,28
27,9
58,27
72,29
24,12
73,179
39,29
75,13
37,154
17,22
123,3
17,26
118,55
19,57
17,72
37,22
49,15
16,111
88,32
26,27
36,17
78,34
198,48
177,92
49,7
29,17
19,4
24,42
20,56
36,199
111,12
19,3
102,3
24,53
113,4
38,27
75,71
108,56
57,25
20,6
97,48
129,179
45,6
72,149
31,55
55,116
17,28
49,14
114,126
147,61
165,3
132,119
44,39
27,26
95,10
39,24
127,2
16,37
144,44
64,17
43,52
49,4
25,36
24,40
152,5
84,66
94,44
51,180
79,14
24,48
37,51
57,4
26,14
303,11
18,7
15,34
142,9
24,40
15,9
106,187
40,11
49,53
62,71
63,59
177,45
23,21
38,51
49,196
54,118
16,13
104,16
53,115
79,73
116,18
16,52
49,13
75,10
191,93
100,47
22,12
65,170
37,39
115,72
49,65
37,16
54,130
110,2
243,16
60,21
47,85
89,22
77,93
82,26
49,36
86,29
17,19
17,25
15,8
65,66
76,18
36,25
33,14
148,48
48,40
29,24
52,6
98,77
19,6
28,52
64,3
18,17
22,72
87,27
61,24
26,38
66,11
115,63
89,7
223,24
18,68
183,140
62,73
94,74
28,141
78,23
117,36
61,57
101,56
73,23
27,20
17,6
48,113
28,57
92,101
45,8
26,26
83,6
21,121
87,67
91,68
29,7
99,3
29,30
33,49
107,68
65,37
17,13
50,17
126,41
23,14
50,20
33,77
23,27
108,16
31,24
76,10
56,19
113,8
158,171
30,21
30,54
232,5
23,39
48,61
75,10
105,66
82,107
120,73
71,87
53,2
37,25
24,2
24,27
94,77
39,146
49,6
43,44
76,29
99,53
86,37
60,36
38,54
35,2
50,49
18,38
23,145
71,8
23,59
76,105
68,35
41,108
22,69
44,87
17,19
116,31
53,9
22,91
175,20
97,24
64,18
25,69
17,3
29,55
22,76
76,18
24,9
55,4
27,21
83,32
129,103
48,35
59,70
208,9
15,27
39,9
28,49
45,29
73,25
27,138
98,49
77,53
27,22
34,5
37,22
151,91
43,27
50,20
38,135
182,23
26,106
40,17
142,4
104,4
105,63
42,46
46,39
135,15
28,51
37,41
26,44
73,19
184,35
76,148
15,15
33,33
113,4
54,83
63,6
59,38
86,8
38,18
74,6
37,8
40,83
37,58
155,20
39,6
38,56
98,113
66,32
29,53
130,61
171,75
106,5
179,40
19,61
143,53
18,4
58,5
219,74
50,19
22,22
17,32
116,48
20,64
52,5
68,11
82,89
50,9
153,7
24,22
90,26
56,48
38,39
117,55
41,43
159,17
32,5
49,4
60,7
41,9
27,65
34,123
27,81
40,15
58,129
149,18
40,15
209,20
92,36
25,31
72,27
46,62
83,4
46,9
63,3
135,24
51,22
64,15
61,31
86,17
24,20
26,6
60,101
164,7
84,20
85,46
33,21
132,84
34,61
77,22
51,13
112,16
223,108
56,22
50,17
35,13
25,48
165,92
29,9
18,2
134,43
53,32
200,45
73,12
21,22
30,4
20,148
20,80
34,21
22,12
75,20
22,43
167,2
58,8
50,42
49,44
41,99
158,20
20,7
71,5
40,11
78,45
17,7
63,22
59,21
58,51
69,27
38,57
161,63
16,21
76,23
30,32
25,5
218,63
105,43
59,72
64,3
28,14
76,19
15,44
58,51
34,15
52,28
103,18
181,13
124,28
37,92
41,13
82,12
31,11
100,28
86,162
65,21
55,40
125,26
114,74
25,15
36,74
104,34
128,23
29,32
114,12
32,3
157,15
67,10
65,25
43,28
95,9
19,18
73,59
34,25
52,3
21,33
18,14
33,16
45,27
70,42
32,26
33,30
43,71
17,3
86,78
66,6
80,24
25,46
25,137
38,28
31,83
219,38
57,75
38,23
117,21
24,2
65,14
20,37
53,132
111,5
70,37
89,84
56,33
26,25
138,29
71,9
46,6
33,43
68,14
15,46
20,45
100,29
55,21
167,23
143,72
83,4
47,3
288,55
30,18
23,32
16,132
52,29
19,9
53,10
42,3
107,30
173,15
92,45
30,23
30,31
59,13
36,26
106,4
144,64
65,4
36,34
26,17
19,39
60,24
159,59
16,34
101,20
202,2
56,28
41,20
89,24
91,79
64,22
57,2
39,59
52,75
27,21
19,29
37,5
29,37
85,32
73,70
57,31
24,7
179,3
45,41
32,51
89,45
14,17
90,55
29,26
21,26
61,40
89,56
36,31
66,14
39,71
54,88
135,32
46,93
42,31
58,38
15,7
88,37
103,49
30,61
75,19
79,14
129,63
32,72
36,134
52,7
26,145
20,11
94,22
170,22
70,33
63,51
40,94
31,19
40,129
57,44
44,81
23,4
56,31
120,13
44,75
78,5
171,69
26,4
107,31
54,67
148,21
43,8
16,83
145,78
30,12
77,22
53,16
71,4
38,37
74,24
59,148
95,5
44,95
78,62
58,35
64,6
57,29
47,9
39,51
160,16
20,44
212,89
47,43
30,65
20,25
53,19
100,63
19,41
74,31
94,14
120,56
65,23
76,20
54,6
93,42
49,4
60,33
89,63
167,10
80,4
55,133
17,25
98,59
16,47
39,56
16,154
29,4
68,9
61,92
26,57
43,4
36,9
20,103
15,7
107,25
118,69
15,16
17,3
32,9
19,46
17,62
15,37
58,54
31,35
32,20
42,3
55,3
32,39
31,23
146,26
25,78
17,39
124,16
131,81
32,4
55,68
59,15
45,49
122,25
196,45
28,35
44,5
47,4
35,5
58,16
22,8
36,102
31,81
91,14
69,118
16,8
129,61
15,4
72,9
188,74
79,47
19,13
103,80
23,67
61,7
16,5
23,13
40,7
16,21
16,29
54,6
70,16
57,33
19,101
160,127
93,4
18,13
26,7
43,30
111,80
48,16
54,26
16,6
67,11
30,123
18,32
83,21
41,6
31,26
39,71
287,31
41,81
46,19
48,95
25,100
178,4
109,35
104,5
20,146
38,64
57,8
44,24
100,23
59,20
15,118
75,33
25,4
46,16
34,110
34,27
135,39
65,60
80,43
78,5
20,96
35,28
36,25
96,50
209,8
16,78
52,68
110,8
170,4
28,7
85,16
31,24
37,14
136,7
33,7
220,149
113,91
226,32
84,7
47,5
60,19
70,8
65,16
108,91
59,2
63,16
40,55
29,75
25,56
101,17
123,31
46,81
18,10
26,29
21,73
52,86
108,78
22,26
139,104
74,103
22,69
33,64
39,17
98,94
84,54
44,58
20,7
92,9
82,4
88,14
143,30
22,83
46,88
59,81
211,51
83,29
236,13
46,31
21,5
112,19
33,121
122,33
32,110
56,16
156,17
111,39
35,11
74,26
18,5
20,28
48,45
63,76
73,96
19,70
30,8
29,8
103,59
28,28
32,20
54,4
22,223
15,6
85,53
19,64
64,32
87,8
47,55
35,101
61,33
47,36
67,25
20,49
75,42
41,94
36,83
33,9
29,12
61,4
23,41
20,123
130,30
54,124
52,30
123,5
33,6
114,33
129,11
27,9
25,77
22,19
146,23
153,19
17,11
54,20
45,13
112,16
16,13
58,56
69,97
28,65
26,48
153,27
59,9
38,40
57,33
35,25
19,11
81,11
72,18
120,84
96,103
20,35
18,41
92,39
40,41
75,19
38,18
39,6
24,5
119,27
38,4
29,62
20,11
100,16
89,5
102,21
49,41
23,9
57,3
29,240
104,27
60,46
71,21
62,49
93,15
24,17
39,22
24,14
29,21
